SVN,Frame,Memory,Memory (Managed),Gen 0 GC,Gen 1 GC,Gen 2 GC,Processors,Frame Rate,Frame Time,Shadow Primitives,Render Primitives,Render Process,Updater Process,Loader Process,Sound Process
1.6,277,0,164125504,738,94,37,4,24,0.041301,2767,3607,96,20,0,2
1.6,278,0,164158208,738,94,37,4,24,0.040936,2767,3607,96,20,0,2
1.6,279,0,164213976,738,94,37,4,24,0.041445,2767,3607,96,24,0,2
1.6,280,0,162723528,739,94,37,4,25,0.040767,2767,3607,96,24,0,2
1.6,281,0,162764456,739,94,37,4,24,0.041086,2767,3607,96,24,0,2
1.6,282,0,162813544,739,94,37,4,24,0.041283,2772,3612,96,24,0,2
1.6,283,0,162846128,739,94,37,4,24,0.041562,2772,3612,96,24,0,2
1.6,284,0,162886992,739,94,37,4,24,0.041407,2772,3612,96,24,0,2
1.6,285,0,162935896,739,94,37,4,24,0.041899,2772,3612,96,24,0,2
1.6,286,0,162968664,739,94,37,4,24,0.042037,2772,3612,99,22,1,1
1.6,287,0,163009560,739,94,37,4,24,0.042263,2774,3614,99,22,1,1
1.6,288,0,163058584,739,94,37,4,23,0.043793,2774,3614,99,22,1,1
1.6,289,0,163107616,739,94,37,4,23,0.043911,2774,3614,99,22,1,1
1.6,290,0,163140144,739,94,37,4,23,0.044420,2774,3614,99,22,1,1
1.6,291,0,163180904,739,94,37,4,23,0.044338,2774,3614,99,22,1,1
1.6,292,0,163238112,739,94,37,4,23,0.044261,2774,3614,92,15,0,2
1.6,293,0,163278928,739,94,37,4,22,0.044683,2774,3614,92,15,0,2
1.6,294,0,163303504,739,94,37,4,22,0.044576,2774,3614,92,15,0,2
1.6,295,0,163360656,739,94,37,4,22,0.044795,2774,3614,92,15,0,2
1.6,296,0,163417872,739,94,37,4,22,0.044752,2774,3614,92,15,0,2
1.6,297,0,163491192,739,94,37,4,22,0.044781,2784,3619,92,15,0,2
1.6,298,0,163531464,739,94,37,4,23,0.043241,2784,3619,94,19,0,2
1.6,299,0,163580560,739,94,37,4,23,0.042916,2784,3619,94,19,0,2
1.6,300,0,163621288,739,94,37,4,23,0.042586,2786,3621,94,19,0,2
1.6,301,0,163645864,739,94,37,4,23,0.043653,2786,3621,94,19,0,2
1.6,302,0,163694752,739,94,37,4,23,0.044031,2786,3621,94,19,0,2
1.6,303,0,163764840,739,94,37,4,23,0.044427,2786,3621,94,19,0,2
1.6,304,0,163911264,739,94,37,4,22,0.045177,2786,3621,98,20,0,2
1.6,305,0,164985328,741,94,37,4,21,0.046771,2786,3621,98,20,0,2
1.6,306,0,165017904,741,94,37,4,21,0.047807,2786,3621,98,20,0,2
1.6,307,0,165075080,741,94,37,4,20,0.048951,2786,3621,98,20,0,2
1.6,308,0,165099656,741,94,37,4,20,0.050056,2786,3621,98,20,0,2
1.6,309,0,165164032,741,94,37,4,20,0.050965,2786,3621,98,20,0,2
1.6,310,0,165204888,741,94,37,4,19,0.051780,2786,3621,98,21,0,2
1.6,311,0,165262048,741,94,37,4,19,0.051609,2786,3621,98,21,0,2
1.6,312,0,165302880,741,94,37,4,19,0.051962,2786,3621,98,21,0,2
1.6,313,0,165343608,741,94,37,4,19,0.052070,2786,3621,98,21,0,2
1.6,314,0,165400752,741,94,37,4,19,0.053375,2786,3621,98,21,0,2
1.6,315,0,165425328,741,94,37,4,19,0.051759,2786,3621,98,18,0,1
1.6,316,0,165482488,741,94,37,4,20,0.050385,2786,3621,98,18,0,1
1.6,317,0,165523296,741,94,37,4,20,0.048907,2786,3621,98,18,0,1
1.6,318,0,165547872,741,94,37,4,21,0.047483,2786,3621,98,18,0,1
1.6,319,0,165809784,741,94,37,4,22,0.046405,2786,3621,98,18,0,1
1.6,320,0,165834360,741,94,37,4,22,0.046180,2786,3621,98,18,0,1
1.6,321,0,165899584,741,94,37,4,21,0.047890,2786,3621,87,43,0,1
1.6,322,0,165981816,741,94,37,4,21,0.047444,2786,3621,87,43,0,1
1.6,323,0,166006360,741,94,37,4,22,0.046132,2786,3621,87,43,0,1
1.6,324,0,166055248,741,94,37,4,22,0.044643,2786,3621,87,43,0,1
1.6,325,0,166096112,741,94,37,4,23,0.044176,2786,3621,87,43,0,1
1.6,326,0,166128664,741,94,37,4,22,0.044793,2786,3621,87,43,0,1
1.6,327,0,166177080,741,94,37,4,22,0.044982,2786,3621,98,21,0,3
1.6,328,0,166291600,741,94,37,4,22,0.045846,2786,3621,98,21,0,3
1.6,329,0,166316176,741,94,37,4,22,0.045958,2786,3621,98,21,0,3
1.6,330,0,166365120,741,94,37,4,22,0.045822,2786,3621,98,21,0,3
1.6,331,0,164875832,742,94,37,4,23,0.043370,2786,3621,98,21,0,3
1.6,332,0,164908568,742,94,37,4,23,0.043451,2786,3621,98,21,0,3
1.6,333,0,164974008,742,94,37,4,23,0.043643,2786,3621,97,21,0,1
1.6,334,0,165031168,742,94,37,4,23,0.043007,2786,3621,97,21,0,1
1.6,335,0,165055744,742,94,37,4,23,0.043139,2786,3621,97,21,0,1
1.6,336,0,165121128,742,94,37,4,23,0.042845,2786,3621,97,21,0,1
1.6,337,0,165161968,742,94,37,4,23,0.043291,2786,3621,97,21,0,1
1.6,338,0,165202800,742,94,37,4,24,0.042536,2786,3625,97,21,0,1
1.6,339,0,165235568,742,94,37,4,24,0.042531,2786,3625,96,20,0,1
1.6,340,0,165308464,742,94,37,4,23,0.043890,2786,3625,96,20,0,1
1.6,341,0,165349344,742,94,37,4,23,0.043552,2786,3625,96,20,0,1
1.6,342,0,165406488,742,94,37,4,23,0.043743,2786,3624,96,20,0,1
1.6,343,0,165447128,742,94,37,4,23,0.043913,2786,3622,96,20,0,1
1.6,344,0,165479800,742,94,37,4,23,0.043652,2786,3621,96,20,0,1
1.6,345,0,165520560,742,94,37,4,23,0.043773,2786,3621,97,18,0,2
1.6,346,0,165569624,742,94,37,4,23,0.043559,2786,3621,97,18,0,2
1.6,347,0,165602320,742,94,37,4,23,0.042883,2786,3621,97,18,0,2
1.6,348,0,165643168,742,94,37,4,23,0.043090,2786,3621,97,18,0,2
1.6,349,0,165700208,742,94,37,4,23,0.043008,2786,3621,97,18,0,2
1.6,350,0,165724784,742,94,37,4,24,0.041475,2788,3623,97,18,0,2
1.6,351,0,165765632,742,94,37,4,24,0.041500,2788,3623,98,22,0,2
1.6,352,0,166032408,742,94,37,4,24,0.041471,2785,3623,98,22,0,2
1.6,353,0,166056984,742,94,37,4,24,0.041752,2785,3623,98,22,0,2
1.6,354,0,166105976,742,94,37,4,24,0.041877,2794,3626,98,22,0,2
1.6,355,0,166155080,742,94,37,4,24,0.041823,2794,3626,98,22,0,2
1.6,356,0,166187600,742,94,37,4,24,0.041666,2794,3626,98,22,0,2
1.6,357,0,166228448,742,94,37,4,24,0.041953,2794,3626,96,19,0,4
1.6,358,0,166269264,742,94,37,4,24,0.041883,2794,3626,96,19,0,4
1.6,359,0,166317072,742,94,37,4,24,0.041882,2794,3626,96,19,0,4
1.6,360,0,166366160,742,94,37,4,24,0.042258,2794,3626,96,19,0,4
1.6,361,0,166415240,742,94,37,4,24,0.042227,2794,3626,96,19,0,4
1.6,362,0,164895760,743,94,37,4,24,0.041497,2794,3626,96,19,0,4
1.6,363,0,164953064,743,94,37,4,24,0.040881,2794,3626,98,22,0,1
1.6,364,0,165001952,743,94,37,4,24,0.040980,2794,3626,98,22,0,1
1.6,365,0,165034576,743,94,37,4,24,0.041094,2794,3626,98,22,0,1
1.6,366,0,165091792,743,94,37,4,24,0.041278,2794,3626,98,22,0,1
1.6,367,0,165140584,743,94,37,4,24,0.040871,2794,3626,98,22,0,1
1.6,368,0,165165128,743,94,37,4,24,0.040877,2794,3626,98,22,0,1
1.6,369,0,165336928,743,94,37,4,24,0.040938,2794,3626,98,22,0,1
1.6,370,0,165394120,743,94,37,4,25,0.040651,2794,3626,99,21,0,3
1.6,371,0,165418648,743,94,37,4,25,0.040384,2798,3628,99,21,0,3
1.6,372,0,165467616,743,94,37,4,25,0.040362,2798,3628,99,21,0,3
1.6,373,0,165500384,743,94,37,4,25,0.040301,2798,3628,99,21,0,3
1.6,374,0,165549432,743,94,37,4,25,0.040348,2798,3628,99,21,0,3
1.6,375,0,165729576,743,94,37,4,24,0.041028,2798,3628,99,21,0,3
1.6,376,0,165805760,743,94,37,4,24,0.041699,2798,3628,99,21,0,3
1.6,377,0,165838528,743,94,37,4,24,0.042484,2798,3628,98,26,0,3
1.6,378,0,165879440,743,94,37,4,23,0.042763,2798,3628,98,26,0,3
1.6,379,0,165936504,743,94,37,4,23,0.044438,2798,3631,98,26,0,3
1.6,380,0,165985568,743,94,37,4,23,0.044022,2798,3633,98,26,0,3
1.6,381,0,166010144,743,94,37,4,23,0.044090,2798,3633,98,26,0,3
1.6,382,0,166075560,743,94,37,4,22,0.044678,2798,3633,98,26,0,3
1.6,383,0,166116368,743,94,37,4,22,0.044480,2798,3633,96,21,0,2
1.6,384,0,166165328,743,94,37,4,22,0.044697,2798,3633,96,21,0,2
1.6,385,0,166198024,743,94,37,4,23,0.043637,2798,3634,96,21,0,2
1.6,386,0,166263288,743,94,37,4,23,0.043157,2798,3634,96,21,0,2
1.6,387,0,166320512,743,94,37,4,24,0.042292,2798,3634,96,21,0,2
1.6,388,0,166345088,743,94,37,4,24,0.042081,2798,3634,96,21,0,2
1.6,389,0,166401176,743,94,37,4,25,0.040580,2798,3634,97,22,0,2
1.6,390,0,166450168,743,94,37,4,24,0.041023,2798,3634,97,22,0,2
1.6,391,0,164904624,744,94,37,4,24,0.041128,2798,3634,97,22,0,2
1.6,392,0,164961920,744,94,37,4,24,0.040845,2798,3634,97,22,0,2
1.6,393,0,165026360,744,94,37,4,24,0.040975,2798,3634,97,22,0,2
1.6,394,0,165058920,744,94,37,4,24,0.041056,2798,3634,97,22,0,2
1.6,395,0,165099784,744,94,37,4,24,0.041444,2798,3634,97,22,0,2
1.6,396,0,165148680,744,94,37,4,24,0.040928,2798,3634,97,20,0,2
1.6,397,0,165189456,744,94,37,4,24,0.041450,2798,3634,97,20,0,2
1.6,398,0,165238464,744,94,37,4,24,0.041580,2798,3634,97,20,0,2
1.6,399,0,165287560,744,94,37,4,24,0.041429,2798,3634,97,20,0,2
1.6,400,0,165328408,744,94,37,4,24,0.041338,2798,3634,97,20,0,2
1.6,401,0,165377368,744,94,37,4,24,0.041422,2798,3634,97,20,0,2
1.6,402,0,165425776,744,94,37,4,24,0.041031,2798,3634,97,20,0,2
1.6,403,0,165458544,744,94,37,4,24,0.041761,2798,3634,98,22,0,1
1.6,404,0,165499368,744,94,37,4,24,0.041869,2798,3634,98,22,0,1
1.6,405,0,165556544,744,94,37,4,24,0.041833,2798,3634,98,22,0,1
1.6,406,0,165589240,744,94,37,4,24,0.042412,2798,3634,98,22,0,1
1.6,407,0,165629936,744,94,37,4,24,0.042193,2798,3634,98,22,0,1
1.6,408,0,165885504,744,94,37,4,23,0.042663,2799,3635,98,22,0,1
1.6,409,0,165926464,744,94,37,4,23,0.042976,2799,3635,76,48,0,2
1.6,410,0,166065576,744,94,37,4,20,0.050361,2799,3635,76,48,0,2
1.6,411,0,166233912,744,94,37,4,20,0.050266,2799,3635,76,48,0,2
1.6,412,0,166323832,744,94,37,4,19,0.051460,2799,3635,76,48,0,2
1.6,413,0,166372864,744,94,37,4,19,0.051361,2799,3635,76,48,0,2
1.6,414,0,166413760,744,94,37,4,20,0.051178,2799,3635,97,23,13,1
1.6,415,0,165069792,745,94,37,4,19,0.051462,2799,3635,97,23,13,1
1.6,416,0,165102384,745,94,37,4,19,0.051692,2799,3635,97,23,13,1
1.6,417,0,165167632,745,94,37,4,19,0.051963,2799,3635,97,23,13,1
1.6,418,0,165200328,745,94,37,4,19,0.051364,2799,3635,97,23,13,1
1.6,419,0,165264544,745,94,37,4,19,0.051731,2799,3635,97,22,0,1
1.6,420,0,165411816,745,94,37,4,23,0.044400,2799,3639,97,22,0,1
1.6,421,0,165444496,745,94,37,4,22,0.044818,2799,3639,97,22,0,1
1.6,422,0,165485312,745,94,37,4,23,0.043667,2799,3639,97,22,0,1
1.6,423,0,165557856,745,94,37,4,23,0.044193,2797,3635,97,22,0,1
1.6,424,0,165615064,745,94,37,4,22,0.045003,2797,3634,97,22,0,1
1.6,425,0,165671360,745,94,37,4,22,0.046375,2797,3633,96,19,0,3
1.6,426,0,165712264,745,94,37,4,22,0.045804,2797,3633,96,19,0,3
1.6,427,0,165753136,745,94,37,4,22,0.045805,2797,3633,96,19,0,3
1.6,428,0,165793944,745,94,37,4,22,0.045957,2802,3638,96,19,0,3
1.6,429,0,165841624,745,94,37,4,22,0.045280,2802,3638,96,19,0,3
1.6,430,0,165890560,745,94,37,4,21,0.046974,2802,3638,96,19,0,3
1.6,431,0,165947520,745,94,37,4,20,0.048891,2808,3641,98,22,0,1
1.6,432,0,166004640,745,94,37,4,19,0.051580,2808,3641,98,22,0,1
1.6,433,0,166061880,745,94,37,4,19,0.051929,2810,3643,98,22,0,1
1.6,434,0,166117656,745,94,37,4,19,0.051983,2810,3643,98,22,0,1
1.6,435,0,166176352,745,94,37,4,19,0.052296,2812,3643,98,22,0,1
1.6,436,0,166233528,745,94,37,4,18,0.054258,2812,3643,99,21,0,2
1.6,437,0,166290784,745,94,37,4,18,0.055805,2812,3643,99,21,0,2
1.6,438,0,166339776,745,94,37,4,18,0.055885,2812,3643,99,21,0,2
1.6,439,0,166364232,745,94,37,4,18,0.056338,2812,3643,99,21,0,2
1.6,440,0,166404992,745,94,37,4,18,0.055057,2812,3643,99,21,0,2
1.6,441,0,166453928,745,94,37,4,19,0.053437,2812,3643,95,17,0,1
1.6,442,0,166502952,745,94,37,4,19,0.051587,2812,3643,95,17,0,1
1.6,443,0,165005888,746,94,37,4,20,0.051070,2812,3643,95,17,0,1
1.6,444,0,165055008,746,94,37,4,20,0.050998,2812,3643,95,17,0,1
1.6,445,0,165112160,746,94,37,4,20,0.050596,2812,3643,95,17,0,1
1.6,446,0,165160584,746,94,37,4,20,0.049042,2812,3643,97,19,0,2
1.6,447,0,165217760,746,94,37,4,20,0.050201,2812,3643,97,19,0,2
1.6,448,0,165266824,746,94,37,4,19,0.051471,2812,3643,97,19,0,2
1.6,449,0,165307672,746,94,37,4,19,0.053726,2812,3643,97,19,0,2
1.6,450,0,165364584,746,94,37,4,18,0.055917,2812,3643,97,19,0,2
1.6,451,0,165421648,746,94,37,4,18,0.055960,2812,3643,97,16,0,2
1.6,452,0,165478784,746,94,37,4,18,0.056221,2812,3643,97,16,0,2
1.6,453,0,165519464,746,94,37,4,18,0.056375,2812,3643,97,16,0,2
1.6,454,0,165576600,746,94,37,4,18,0.057065,2812,3643,97,16,0,2
1.6,455,0,165609016,746,94,37,4,17,0.057412,2812,3643,97,16,0,2
1.6,456,0,165657928,746,94,37,4,17,0.060071,2812,3643,96,14,0,1
1.6,457,0,165715112,746,94,37,4,17,0.059127,2812,3643,96,14,0,1
1.6,458,0,165763952,746,94,37,4,17,0.058234,2812,3643,96,14,0,1
1.6,459,0,165812864,746,94,37,4,18,0.056774,2812,3643,96,14,0,1
1.6,460,0,165853712,746,94,37,4,18,0.055144,2812,3643,96,14,0,1
1.6,461,0,165910816,746,94,37,4,18,0.054995,2812,3643,95,19,0,2
1.6,462,0,165951440,746,94,37,4,18,0.054673,2812,3643,95,19,0,2
1.6,463,0,165992240,746,94,37,4,18,0.054846,2812,3643,95,19,0,2
1.6,464,0,166041240,746,94,37,4,18,0.055207,2812,3643,95,19,0,2
1.6,465,0,166090200,746,94,37,4,19,0.053384,2812,3643,95,19,0,2
1.6,466,0,166114776,746,94,37,4,20,0.050180,2812,3643,95,17,0,1
1.6,467,0,166171968,746,94,37,4,21,0.048379,2812,3643,95,17,0,1
1.6,468,0,166212648,746,94,37,4,21,0.047929,2812,3643,95,17,0,1
1.6,469,0,166245368,746,94,37,4,21,0.046702,2812,3643,95,17,0,1
1.6,470,0,166286112,746,94,37,4,22,0.045635,2812,3643,95,17,0,1
1.6,471,0,166335184,746,94,37,4,22,0.045093,2812,3643,95,17,0,1
1.6,472,0,166367808,746,94,37,4,22,0.044635,2812,3643,98,21,0,2
1.6,473,0,166424816,746,94,37,4,23,0.043975,2812,3643,98,21,0,2
1.6,474,0,166473776,746,94,37,4,24,0.041695,2812,3643,98,21,0,2
1.6,475,0,166506376,746,94,37,4,24,0.041594,2812,3643,98,21,0,2
1.6,476,0,166547200,746,94,37,4,24,0.042209,2812,3643,98,21,0,2
1.6,477,0,165025784,747,94,37,4,23,0.042637,2812,3643,98,21,0,2
1.6,478,0,165090944,747,94,37,4,24,0.042417,2812,3643,96,19,0,2
1.6,479,0,165131800,747,94,37,4,23,0.042579,2812,3643,96,19,0,2
1.6,480,0,165172584,747,94,37,4,23,0.042635,2812,3643,96,19,0,2
1.6,481,0,165221536,747,94,37,4,23,0.043155,2812,3643,96,19,0,2
1.6,482,0,165246008,747,94,37,4,23,0.042918,2812,3643,96,19,0,2
1.6,483,0,165295040,747,94,37,4,23,0.043261,2812,3643,96,19,0,2
1.6,484,0,165352184,747,94,37,4,23,0.043722,2812,3643,97,21,0,2
1.6,485,0,165384848,747,94,37,4,23,0.043369,2812,3643,97,21,0,2
1.6,486,0,165433840,747,94,37,4,23,0.043446,2812,3643,97,21,0,2
1.6,487,0,165466512,747,94,37,4,23,0.042888,2812,3643,97,21,0,2
1.6,488,0,165523680,747,94,37,4,23,0.044064,2812,3643,97,21,0,2
1.6,489,0,165547992,747,94,37,4,23,0.043669,2812,3643,97,21,0,2
1.6,490,0,165605128,747,94,37,4,23,0.043579,2812,3643,96,19,0,2
1.6,491,0,165654096,747,94,37,4,23,0.043424,2812,3643,96,19,0,2
1.6,492,0,165678616,747,94,37,4,23,0.043086,2812,3643,96,19,0,2
1.6,493,0,165735688,747,94,37,4,24,0.042198,2812,3643,96,19,0,2
1.6,494,0,164110296,748,95,37,4,23,0.042666,2812,3643,96,19,0,2
1.6,495,0,164208384,748,95,37,4,23,0.043576,2812,3643,96,19,0,2
1.6,496,0,164401392,748,95,37,4,23,0.043698,2812,3643,95,31,2,2
1.6,497,0,164540464,748,95,37,4,22,0.045463,2812,3643,95,31,2,2
1.6,498,0,164638480,748,95,37,4,22,0.046066,2812,3643,95,31,2,2
1.6,499,0,164736488,748,95,37,4,21,0.048499,2812,3643,95,31,2,2
1.6,500,0,164826488,748,95,37,4,20,0.050493,2812,3643,95,31,2,2
1.6,501,0,164924656,748,95,37,4,19,0.053115,2812,3643,95,31,2,2
1.6,502,0,165022160,748,95,37,4,18,0.055058,2812,3643,99,15,3,1
1.6,503,0,165120320,748,95,37,4,17,0.057194,2812,3643,99,15,3,1
1.6,504,0,165218192,748,95,37,4,17,0.058531,2812,3643,99,15,3,1
1.6,505,0,165308144,748,95,37,4,17,0.059662,2812,3643,99,15,3,1
1.6,506,0,165405984,748,95,37,4,16,0.060629,2812,3643,99,15,3,1
1.6,507,0,165512352,748,95,37,4,17,0.060499,2812,3643,99,14,0,1
1.6,508,0,165610520,748,95,37,4,17,0.060415,2812,3643,99,14,0,1
1.6,509,0,165700448,748,95,37,4,17,0.059728,2812,3643,99,14,0,1
1.6,510,0,163866272,749,95,37,4,17,0.059785,2812,3643,99,14,0,1
1.6,511,0,163907160,749,95,37,4,18,0.056869,2812,3643,99,14,0,1
1.6,512,0,163964352,749,95,37,4,18,0.055370,2812,3643,99,18,0,2
1.6,513,0,164013384,749,95,37,4,19,0.053668,2812,3643,99,18,0,2
1.6,514,0,164062368,749,95,37,4,19,0.052036,2812,3643,99,18,0,2
1.6,515,0,164086840,749,95,37,4,20,0.049976,2812,3643,99,18,0,2
1.6,516,0,164143728,749,95,37,4,20,0.048793,2812,3643,99,18,0,2
1.6,517,0,164191808,749,95,37,4,21,0.047676,2812,3643,98,20,0,2
1.6,518,0,164224528,749,95,37,4,22,0.046313,2812,3643,98,20,0,2
1.6,519,0,164338552,749,95,37,4,22,0.045723,2812,3643,98,20,0,2
1.6,520,0,166273712,750,95,37,4,22,0.045774,2812,3643,98,20,0,2
1.6,521,0,166330976,750,95,37,4,22,0.046307,2812,3643,98,20,0,2
1.6,522,0,166371712,750,95,37,4,21,0.046858,2812,3643,98,20,0,2
1.6,523,0,166437024,750,95,37,4,21,0.046687,2812,3643,97,19,0,1
1.6,524,0,166469656,750,95,37,4,21,0.046971,2812,3643,97,19,0,1
1.6,525,0,166510456,750,95,37,4,21,0.047425,2812,3643,97,19,0,1
1.6,526,0,166559384,750,95,37,4,21,0.047368,2812,3643,97,19,0,1
1.6,527,0,166583864,750,95,37,4,21,0.047382,2812,3643,97,19,0,1
1.6,528,0,166641024,750,95,37,4,21,0.047513,2812,3643,97,19,0,1
1.6,529,0,166689360,750,95,37,4,22,0.046184,2812,3643,97,19,0,2
1.6,530,0,166730128,750,95,37,4,22,0.044526,2812,3643,97,19,0,2
1.6,531,0,166762688,750,95,37,4,23,0.044014,2812,3643,97,19,0,2
1.6,532,0,166819904,750,95,37,4,23,0.043509,2812,3643,97,19,0,2
1.6,533,0,166868944,750,95,37,4,23,0.043715,2812,3643,97,19,0,2
1.6,534,0,166901480,750,95,37,4,23,0.043390,2812,3643,97,19,0,2
1.6,535,0,166966192,750,95,37,4,23,0.044401,2812,3643,98,23,0,2
1.6,536,0,166998856,750,95,37,4,21,0.046573,2812,3643,98,23,0,2
1.6,537,0,167056040,750,95,37,4,21,0.047101,2812,3643,98,23,0,2
1.6,538,0,167096856,750,95,37,4,21,0.048311,2812,3643,98,23,0,2
1.6,539,0,167162280,750,95,37,4,18,0.056313,2812,3643,98,23,0,2
1.6,540,0,167219504,750,95,37,4,17,0.058288,2812,3643,97,13,0,3
1.6,541,0,167268504,750,95,37,4,17,0.059403,2812,3643,97,13,0,3
1.6,542,0,167309384,750,95,37,4,16,0.060624,2812,3643,97,13,0,3
1.6,543,0,167349952,750,95,37,4,16,0.061915,2812,3643,97,13,0,3
1.6,544,0,166005544,751,95,37,4,16,0.064029,2812,3643,97,13,0,3
1.6,545,0,166062760,751,95,37,4,15,0.065020,2812,3643,94,15,0,6
1.6,546,0,166119936,751,95,37,4,15,0.064846,2812,3643,94,15,0,6
1.6,547,0,166169008,751,95,37,4,15,0.064988,2812,3643,94,15,0,6
1.6,548,0,166218032,751,95,37,4,15,0.064920,2812,3643,94,15,0,6
1.6,549,0,166283208,751,95,37,4,17,0.058369,2812,3643,99,19,0,2
1.6,550,0,166348592,751,95,37,4,17,0.057357,2812,3643,99,19,0,2
1.6,551,0,166389400,751,95,37,4,17,0.057799,2812,3643,99,19,0,2
1.6,552,0,166421952,751,95,37,4,17,0.057922,2812,3643,99,19,0,2
1.6,553,0,166478960,751,95,37,4,18,0.056829,2812,3643,99,19,0,2
1.6,554,0,166552040,751,95,37,4,18,0.055710,2812,3643,96,18,0,3
1.6,555,0,166584808,751,95,37,4,18,0.054190,2812,3643,96,18,0,3
1.6,556,0,166642016,751,95,37,4,19,0.053181,2813,3644,96,18,0,3
1.6,557,0,166690992,751,95,37,4,19,0.053625,2813,3644,96,18,0,3
1.6,558,0,166740032,751,95,37,4,19,0.054026,2813,3644,96,18,0,3
1.6,559,0,166779672,751,95,37,4,18,0.054264,2813,3644,99,20,0,2
1.6,560,0,166820424,751,95,37,4,18,0.054146,2813,3644,99,20,0,2
1.6,561,0,167129560,751,95,37,4,18,0.056274,2813,3644,99,20,0,2
1.6,562,0,167154136,751,95,37,4,17,0.057162,2813,3644,99,20,0,2
1.6,563,0,171407640,751,95,37,4,15,0.066569,2814,3644,99,20,0,2
1.6,564,0,175677352,751,95,37,4,15,0.068538,2816,3646,85,38,0,1
1.6,565,0,175718128,751,95,37,4,14,0.069233,2816,3646,85,38,0,1
1.6,566,0,175758976,751,95,37,4,14,0.070387,2816,3646,85,38,0,1
1.6,567,0,175848672,751,95,37,4,14,0.071635,2816,3646,85,38,0,1
1.6,568,0,175897496,751,95,37,4,14,0.071117,2816,3646,97,18,0,2
1.6,569,0,174456640,752,95,37,4,14,0.071410,2816,3646,97,18,0,2
1.6,570,0,174505744,752,95,37,4,14,0.072840,2816,3646,97,18,0,2
1.6,571,0,174554792,752,95,37,4,14,0.071676,2821,3646,97,18,0,2
1.6,572,0,174603768,752,95,37,4,14,0.071626,2821,3646,94,16,0,3
1.6,573,0,174685520,752,95,37,4,16,0.063447,2821,3646,94,16,0,3
1.6,574,0,174709984,752,95,37,4,16,0.062390,2823,3648,94,16,0,3
1.6,575,0,174759016,752,95,37,4,16,0.061792,2823,3648,94,16,0,3
1.6,576,0,174799840,752,95,37,4,17,0.060091,2823,3648,94,16,0,3
1.6,577,0,174880960,752,95,37,4,17,0.058670,2823,3648,95,16,0,1
1.6,578,0,174921824,752,95,37,4,17,0.057672,2823,3648,95,16,0,1
1.6,579,0,174979032,752,95,37,4,17,0.057237,2823,3648,95,16,0,1
1.6,580,0,175019792,752,95,37,4,18,0.055260,2823,3648,95,16,0,1
1.6,581,0,175060656,752,95,37,4,19,0.053145,2823,3648,95,16,0,1
1.6,582,0,175126800,752,95,37,4,19,0.051408,2823,3648,99,20,0,3
1.6,583,0,175208384,752,95,37,4,20,0.050273,2823,3648,99,20,0,3
1.6,584,0,175257224,752,95,37,4,21,0.048729,2823,3648,99,20,0,3
1.6,585,0,179016824,752,95,37,4,20,0.049294,2820,3648,99,20,0,3
1.6,586,0,179065792,752,95,37,4,21,0.048613,2820,3648,99,20,0,3
1.6,587,0,179106648,752,95,37,4,21,0.047396,2820,3648,99,20,0,3
1.6,588,0,179162336,752,95,37,4,21,0.047469,2820,3648,99,22,0,1
1.6,589,0,179209992,752,95,37,4,21,0.046764,2820,3648,99,22,0,1
1.6,590,0,179258968,752,95,37,4,22,0.046350,2820,3648,99,22,0,1
1.6,591,0,179316040,752,95,37,4,22,0.046242,2838,3655,99,22,0,1
1.6,592,0,179348632,752,95,37,4,22,0.046258,2838,3655,99,22,0,1
1.6,593,0,179397656,752,95,37,4,22,0.045331,2838,3655,99,22,0,1
1.6,594,0,179437104,752,95,37,4,22,0.045075,2838,3655,97,19,0,1
1.6,595,0,179502392,752,95,37,4,23,0.044266,2838,3655,97,19,0,1
1.6,596,0,179551368,752,95,37,4,21,0.046831,2838,3655,97,19,0,1
1.6,597,0,179592248,752,95,37,4,21,0.047610,2838,3659,97,19,0,1
1.6,598,0,179657520,752,95,37,4,21,0.047011,2838,3659,97,19,0,1
1.6,599,0,179706448,752,95,37,4,21,0.046870,2838,3659,97,19,0,1
1.6,600,0,178238872,753,95,37,4,21,0.047231,2838,3658,97,34,2,2
1.6,601,0,178287944,753,95,37,4,21,0.047178,2838,3655,97,34,2,2
1.6,602,0,178336976,753,95,37,4,21,0.047043,2838,3655,97,34,2,2
1.6,603,0,178394200,753,95,37,4,21,0.047439,2838,3655,97,34,2,2
1.6,604,0,178426904,753,95,37,4,21,0.047022,2841,3658,97,34,2,2
1.6,605,0,178492264,753,95,37,4,21,0.046802,2841,3658,97,34,2,2
1.6,606,0,178564880,753,95,37,4,23,0.044323,2841,3658,98,21,0,1
1.6,607,0,178605576,753,95,37,4,23,0.043242,2841,3658,98,21,0,1
1.6,608,0,178646384,753,95,37,4,23,0.043190,2842,3659,98,21,0,1
1.6,609,0,178703616,753,95,37,4,23,0.043335,2842,3659,98,21,0,1
1.6,610,0,178736336,753,95,37,4,23,0.042767,2842,3659,98,21,0,1
1.6,611,0,178785248,753,95,37,4,23,0.042812,2842,3659,98,21,0,1
1.6,612,0,178842336,753,95,37,4,24,0.042469,2842,3659,96,22,0,2
1.6,613,0,178891360,753,95,37,4,23,0.043447,2842,3659,96,22,0,2
1.6,614,0,178964904,753,95,37,4,22,0.045595,2842,3659,96,22,0,2
1.6,615,0,179013944,753,95,37,4,21,0.046694,2842,3659,96,22,0,2
1.6,616,0,179046640,753,95,37,4,21,0.047728,2842,3659,96,22,0,2
1.6,617,0,179118144,753,95,37,4,21,0.048751,2842,3659,96,22,0,2
1.6,618,0,179175176,753,95,37,4,20,0.048924,2842,3659,95,18,0,2
1.6,619,0,179224168,753,95,37,4,20,0.049067,2842,3659,95,18,0,2
1.6,620,0,179256696,753,95,37,4,20,0.049510,2842,3659,95,18,0,2
1.6,621,0,179305736,753,95,37,4,20,0.049559,2842,3659,95,18,0,2
1.6,622,0,179362832,753,95,37,4,20,0.049934,2842,3659,95,18,0,2
1.6,623,0,179411664,753,95,37,4,20,0.048988,2842,3659,95,18,0,2
1.6,624,0,179477088,753,95,37,4,21,0.047482,2842,3659,96,19,0,2
1.6,625,0,179551128,753,95,37,4,21,0.046547,2845,3662,96,19,0,2
1.6,626,0,179608288,753,95,37,4,22,0.045843,2845,3662,96,19,0,2
1.6,627,0,179657304,753,95,37,4,22,0.045400,2845,3662,96,19,0,2
1.6,628,0,179689840,753,95,37,4,22,0.046343,2845,3662,96,19,0,2
1.6,629,0,179746264,753,95,37,4,21,0.046626,2845,3662,96,19,0,2
1.6,630,0,178279976,754,95,37,4,21,0.046626,2845,3662,92,16,0,3
1.6,631,0,178345352,754,95,37,4,21,0.046600,2845,3662,92,16,0,3
1.6,632,0,178378024,754,95,37,4,21,0.047333,2845,3662,92,16,0,3
1.6,633,0,178418752,754,95,37,4,21,0.046754,2845,3662,92,16,0,3
1.6,634,0,178467792,754,95,37,4,22,0.046355,2845,3662,92,16,0,3
1.6,635,0,178516872,754,95,37,4,22,0.046070,2847,3664,92,16,0,3
1.6,636,0,178574088,754,95,37,4,22,0.045982,2847,3664,94,19,0,1
1.6,637,0,178631200,754,95,37,4,22,0.045505,2847,3664,94,19,0,1
1.6,638,0,178680224,754,95,37,4,22,0.044565,2847,3664,94,19,0,1
1.6,639,0,178712936,754,95,37,4,23,0.043931,2847,3664,94,19,0,1
1.6,640,0,178761904,754,95,37,4,23,0.043780,2847,3664,94,19,0,1
1.6,641,0,178819080,754,95,37,4,23,0.043033,2847,3664,94,19,0,1
1.6,642,0,178851736,754,95,37,4,24,0.042393,2847,3664,96,20,0,1
1.6,643,0,178925360,754,95,37,4,23,0.042748,2847,3664,96,20,0,1
1.6,644,0,178966088,754,95,37,4,23,0.042646,2847,3664,96,20,0,1
1.6,645,0,178998768,754,95,37,4,23,0.042576,2847,3664,96,20,0,1
1.6,646,0,179047752,754,95,37,4,24,0.042507,2847,3664,96,20,0,1
1.6,647,0,179113128,754,95,37,4,23,0.042767,2849,3664,96,20,0,1
1.6,648,0,179153976,754,95,37,4,23,0.042597,2849,3664,96,21,0,1
1.6,649,0,179211184,754,95,37,4,24,0.042546,2849,3664,96,21,0,1
1.6,650,0,179268400,754,95,37,4,24,0.042545,2852,3667,96,21,0,1
1.6,651,0,179317392,754,95,37,4,23,0.043034,2852,3667,96,21,0,1
1.6,652,0,179349912,754,95,37,4,23,0.042842,2852,3667,96,21,0,1
1.6,653,0,179415256,754,95,37,4,23,0.043228,2852,3667,96,21,0,1
1.6,654,0,179479864,754,95,37,4,23,0.043387,2852,3667,98,22,0,1
1.6,655,0,179528808,754,95,37,4,23,0.043999,2852,3667,98,22,0,1
1.6,656,0,179569656,754,95,37,4,23,0.043863,2852,3667,98,22,0,1
1.6,657,0,179610504,754,95,37,4,23,0.043819,2852,3667,98,22,0,1
1.6,658,0,179667664,754,95,37,4,23,0.044343,2852,3667,98,22,0,1
1.6,659,0,179724728,754,95,37,4,22,0.045248,2852,3667,98,22,0,1
1.6,660,0,179765024,754,95,37,4,22,0.044770,2852,3667,99,21,0,1
1.6,661,0,176934768,755,96,37,4,22,0.044795,2852,3667,99,21,0,1
1.6,662,0,177000256,755,96,37,4,22,0.044911,2852,3667,99,21,0,1
1.6,663,0,177032864,755,96,37,4,22,0.044784,2852,3667,99,21,0,1
1.6,664,0,177073720,755,96,37,4,22,0.044575,2852,3667,99,21,0,1
1.6,665,0,177139136,755,96,37,4,23,0.043993,2852,3667,99,21,0,1
1.6,666,0,177179656,755,96,37,4,23,0.044116,2852,3667,98,23,0,1
1.6,667,0,177277640,755,96,37,4,22,0.044452,2852,3667,98,23,0,1
1.6,668,0,177326528,755,96,37,4,23,0.044220,2852,3667,98,23,0,1
1.6,669,0,177367264,755,96,37,4,23,0.043095,2852,3667,98,23,0,1
1.6,670,0,177408152,755,96,37,4,23,0.043721,2852,3667,98,23,0,1
1.6,671,0,177457088,755,96,37,4,23,0.043502,2852,3667,98,23,0,1
1.6,672,0,177538776,755,96,37,4,23,0.043482,2854,3667,98,21,0,3
1.6,673,0,177612176,755,96,37,4,23,0.043568,2854,3667,98,21,0,3
1.6,674,0,177644672,755,96,37,4,23,0.044191,2854,3667,98,21,0,3
1.6,675,0,177718272,755,96,37,4,23,0.044077,2855,3668,98,21,0,3
1.6,676,0,177758960,755,96,37,4,23,0.044054,2850,3672,98,21,0,3
1.6,677,0,177791576,755,96,37,4,23,0.043588,2850,3672,98,21,0,3
1.6,678,0,177848632,755,96,37,4,23,0.043502,2850,3672,97,23,0,2
1.6,679,0,177905840,755,96,37,4,23,0.044137,2850,3669,97,23,0,2
1.6,680,0,177962944,755,96,37,4,23,0.044163,2850,3668,97,23,0,2
1.6,681,0,178003720,755,96,37,4,22,0.045357,2850,3668,97,23,0,2
1.6,682,0,178052744,755,96,37,4,22,0.045501,2850,3668,97,23,0,2
1.6,683,0,178109928,755,96,37,4,22,0.045591,2850,3668,97,23,0,2
1.6,684,0,178174880,755,96,37,4,22,0.044703,2849,3748,97,21,0,2
1.6,685,0,178215632,755,96,37,4,22,0.044815,2857,3755,97,21,0,2
1.6,686,0,178290208,755,96,37,4,22,0.044607,2865,3764,97,21,0,2
1.6,687,0,178355592,755,96,37,4,22,0.045070,2864,3767,97,21,0,2
1.6,688,0,178388280,755,96,37,4,23,0.044430,2867,3770,97,21,0,2
1.6,689,0,178445328,755,96,37,4,23,0.043952,2718,3780,97,21,0,2
1.6,690,0,177006864,756,96,37,4,23,0.043197,2756,3768,97,22,0,4
1.6,691,0,177055968,756,96,37,4,24,0.042346,2713,3741,97,22,0,4
1.6,692,0,177113152,756,96,37,4,24,0.042078,2474,3743,97,22,0,4
1.6,693,0,177170272,756,96,37,4,24,0.041529,1924,3431,97,22,0,4
1.6,694,0,177202912,756,96,37,4,24,0.041000,1555,2420,97,22,0,4
1.6,695,0,177251928,756,96,37,4,25,0.039828,1195,1922,97,22,0,4
1.6,696,0,177284624,756,96,37,4,26,0.038612,879,1566,97,22,0,4
1.6,697,0,177349696,756,96,37,4,27,0.036614,770,1430,92,20,0,1
1.6,698,0,177405224,756,96,37,4,28,0.035796,907,1346,92,20,0,1
1.6,699,0,177446128,756,96,37,4,29,0.034111,920,1359,92,20,0,1
1.6,700,0,177486984,756,96,37,4,31,0.032139,703,1243,92,20,0,1
1.6,701,0,177527880,756,96,37,4,33,0.030720,700,1308,92,20,0,1
1.6,702,0,177585104,756,96,37,4,34,0.029089,689,1405,92,20,0,1
1.6,703,0,177650560,756,96,37,4,36,0.027932,680,1555,92,20,0,1
1.6,704,0,177765072,756,96,37,4,37,0.027138,688,1799,92,20,0,1
1.6,705,0,177879544,756,96,37,4,36,0.027812,711,2368,92,20,0,1
1.6,706,0,177969456,756,96,37,4,35,0.028295,894,3018,86,29,0,2
1.6,707,0,178025848,756,96,37,4,34,0.029248,898,3178,86,29,0,2
1.6,708,0,178066648,756,96,37,4,33,0.030607,900,3236,86,29,0,2
1.6,709,0,178115544,756,96,37,4,32,0.031552,902,3244,86,29,0,2
1.6,710,0,178148224,756,96,37,4,30,0.033103,906,3260,86,29,0,2
1.6,711,0,178196976,756,96,37,4,30,0.033352,904,3243,86,29,0,2
1.6,712,0,178229680,756,96,37,4,29,0.034572,903,3244,86,29,0,2
1.6,713,0,178286712,756,96,37,4,29,0.034999,914,3251,86,29,0,2
1.6,714,0,178319392,756,96,37,4,28,0.035711,913,3252,98,34,0,1
1.6,715,0,178375624,756,96,37,4,28,0.035801,917,3263,98,34,0,1
1.6,716,0,178416424,756,96,37,4,28,0.035979,918,3267,98,34,0,1
1.6,717,0,178457280,756,96,37,4,28,0.036068,920,3273,98,34,0,1
1.6,718,0,178506136,756,96,37,4,28,0.035587,923,3287,98,34,0,1
1.6,719,0,177221240,757,96,37,4,28,0.035929,925,3285,98,34,0,1
1.6,720,0,177253976,757,96,37,4,27,0.036680,928,3316,98,34,0,1
1.6,721,0,177336248,757,96,37,4,27,0.037279,929,3318,97,33,0,2
1.6,722,0,177393504,757,96,37,4,27,0.037263,934,3313,97,33,0,2
1.6,723,0,177442504,757,96,37,4,27,0.037420,934,3313,97,33,0,2
1.6,724,0,177475200,757,96,37,4,27,0.037514,941,3329,97,33,0,2
1.6,725,0,177579960,757,96,37,4,27,0.037103,937,3337,97,33,0,2
1.6,726,0,177628880,757,96,37,4,27,0.037040,941,3339,97,33,0,2
1.6,727,0,177669752,757,96,37,4,27,0.036996,939,3341,97,33,0,2
1.6,728,0,177718064,757,96,37,4,27,0.037523,946,3342,97,29,0,3
1.6,729,0,177781424,757,96,37,4,27,0.037165,949,3344,97,29,0,3
1.6,730,0,177830464,757,96,37,4,27,0.037094,950,3352,97,29,0,3
1.6,731,0,177870920,757,96,37,4,27,0.036614,1169,3421,97,29,0,3
1.6,732,0,177911800,757,96,37,4,27,0.036379,1170,3423,97,29,0,3
1.6,733,0,177952664,757,96,37,4,27,0.036660,1172,3423,97,29,0,3
1.6,734,0,177985296,757,96,37,4,27,0.037027,1172,3423,97,29,0,3
1.6,735,0,178042472,757,96,37,4,27,0.037388,1172,3423,97,30,0,1
1.6,736,0,178172664,757,96,37,4,27,0.037677,1172,3423,97,30,0,1
1.6,737,0,179656824,758,96,37,4,26,0.039129,1172,3423,97,30,0,1
1.6,738,0,179705904,758,96,37,4,26,0.038599,1174,3425,97,30,0,1
1.6,739,0,179754712,758,96,37,4,26,0.039037,1174,3425,97,30,0,1
1.6,740,0,179795568,758,96,37,4,26,0.038922,1174,3425,97,30,0,1
1.6,741,0,179836320,758,96,37,4,25,0.039295,1174,3425,97,30,0,1
1.6,742,0,179885200,758,96,37,4,25,0.039701,1174,3425,98,29,0,2
1.6,743,0,179942488,758,96,37,4,25,0.039668,1174,3425,98,29,0,2
1.6,744,0,179991560,758,96,37,4,25,0.039879,1172,3425,98,29,0,2
1.6,745,0,180040600,758,96,37,4,25,0.039715,1176,3426,98,29,0,2
1.6,746,0,180073312,758,96,37,4,25,0.039805,1172,3424,98,29,0,2
1.6,747,0,180114128,758,96,37,4,26,0.038196,1174,3423,98,29,0,2
1.6,748,0,180154936,758,96,37,4,26,0.038253,1170,3416,98,29,0,2
1.6,749,0,180195768,758,96,37,4,26,0.038263,1173,3416,97,31,0,1
1.6,750,0,180261208,758,96,37,4,26,0.038308,1169,3413,97,31,0,1
1.6,751,0,180293896,758,96,37,4,26,0.038245,1169,3413,97,31,0,1
1.6,752,0,180326552,758,96,37,4,26,0.037861,1169,3413,97,31,0,1
1.6,753,0,180391920,758,96,37,4,26,0.038110,1169,3413,97,31,0,1
1.6,754,0,180424480,758,96,37,4,26,0.038053,1169,3413,97,31,0,1
1.6,755,0,180473432,758,96,37,4,26,0.038021,1169,3413,97,31,0,1
1.6,756,0,180514320,758,96,37,4,26,0.038241,1169,3413,97,35,0,2
1.6,757,0,180578496,758,96,37,4,26,0.038403,1169,3413,97,35,0,2
1.6,758,0,180627552,758,96,37,4,26,0.038895,1169,3413,97,35,0,2
1.6,759,0,180660248,758,96,37,4,26,0.038744,1175,3430,97,35,0,2
1.6,760,0,180709336,758,96,37,4,26,0.038821,1175,3432,97,35,0,2
1.6,761,0,180750120,758,96,37,4,26,0.038800,1173,3428,97,35,0,2
1.6,762,0,180782840,758,96,37,4,25,0.039253,1183,3427,97,35,0,2
1.6,763,0,178102128,759,97,37,4,26,0.039161,1185,3451,97,30,0,2
1.6,764,0,178173640,759,97,37,4,26,0.039196,1183,3443,97,30,0,2
1.6,765,0,178206224,759,97,37,4,25,0.039228,1183,3441,97,30,0,2
1.6,766,0,178255264,759,97,37,4,26,0.039019,1188,3441,97,30,0,2
1.6,767,0,178296088,759,97,37,4,26,0.038729,1133,3433,97,30,0,2
1.6,768,0,178337008,759,97,37,4,26,0.038214,1081,3445,97,30,0,2
1.6,769,0,178377824,759,97,37,4,26,0.038516,1081,3445,97,30,0,2
1.6,770,0,178418728,759,97,37,4,26,0.037913,1086,3447,96,29,0,1
1.6,771,0,178499928,759,97,37,4,26,0.038260,1030,3417,96,29,0,1
1.6,772,0,178540584,759,97,37,4,27,0.037547,1030,3417,96,29,0,1
1.6,773,0,178573264,759,97,37,4,27,0.037177,1030,3414,96,29,0,1
1.6,774,0,178622192,759,97,37,4,27,0.037260,1030,3414,96,29,0,1
1.6,775,0,178671264,759,97,37,4,27,0.037263,1030,3413,96,29,0,1
1.6,776,0,178703856,759,97,37,4,26,0.039055,1030,3413,96,29,0,1
1.6,777,0,178744480,759,97,37,4,25,0.040309,1030,3413,94,26,0,1
1.6,778,0,178801728,759,97,37,4,25,0.040395,1027,3413,94,26,0,1
1.6,779,0,178850752,759,97,37,4,25,0.040256,1027,3413,94,26,0,1
1.6,780,0,178891456,759,97,37,4,25,0.040141,1027,3413,94,26,0,1
1.6,781,0,178932320,759,97,37,4,25,0.039671,1027,3413,94,26,0,1
1.6,782,0,178973192,759,97,37,4,25,0.039825,1027,3413,94,26,0,1
1.6,783,0,179022096,759,97,37,4,25,0.040555,1027,3413,94,26,0,1
1.6,784,0,179070216,759,97,37,4,25,0.040569,1027,3413,97,30,0,1
1.6,785,0,179119224,759,97,37,4,25,0.040568,1027,3413,97,30,0,1
1.6,786,0,179160072,759,97,37,4,26,0.039045,1027,3413,97,30,0,1
1.6,787,0,179209088,759,97,37,4,26,0.038136,1030,3416,97,30,0,1
1.6,788,0,179241688,759,97,37,4,26,0.038166,1030,3416,97,30,0,1
1.6,789,0,179290640,759,97,37,4,26,0.038062,1030,3416,97,30,0,1
1.6,790,0,179347816,759,97,37,4,26,0.039189,1030,3416,97,30,0,1
1.6,791,0,179388696,759,97,37,4,25,0.039677,1030,3416,95,31,0,1
1.6,792,0,179445784,759,97,37,4,25,0.039603,1030,3416,95,31,0,1
1.6,793,0,179486672,759,97,37,4,25,0.039843,1030,3416,95,31,0,1
1.6,794,0,179527536,759,97,37,4,25,0.039586,1030,3416,95,31,0,1
1.6,795,0,179568312,759,97,37,4,25,0.039959,1030,3416,95,31,0,1
1.6,796,0,179601000,759,97,37,4,25,0.039446,1030,3416,95,31,0,1
1.6,797,0,178116960,760,97,37,4,25,0.039590,1030,3416,95,31,0,1
1.6,798,0,178174248,760,97,37,4,25,0.039591,1030,3416,96,28,0,1
1.6,799,0,178223288,760,97,37,4,25,0.039806,1030,3416,96,28,0,1
1.6,800,0,178272144,760,97,37,4,26,0.038467,1030,3416,96,28,0,1
1.6,801,0,178304856,760,97,37,4,26,0.038188,1030,3416,96,28,0,1
1.6,802,0,178345744,760,97,37,4,26,0.038273,1030,3416,96,28,0,1
1.6,803,0,178402912,760,97,37,4,26,0.037800,1030,3416,96,28,0,1
1.6,804,0,178435536,760,97,37,4,26,0.037862,1030,3416,96,28,0,1
1.6,805,0,178484336,760,97,37,4,27,0.037318,1030,3416,96,31,0,1
1.6,806,0,178549704,760,97,37,4,26,0.037779,1030,3416,96,31,0,1
1.6,807,0,178582392,760,97,37,4,27,0.037586,1030,3416,96,31,0,1
1.6,808,0,178623152,760,97,37,4,26,0.037973,1030,3416,96,31,0,1
1.6,809,0,178663832,760,97,37,4,27,0.037488,1030,3416,96,31,0,1
1.6,810,0,178704592,760,97,37,4,26,0.037992,1030,3416,96,31,0,1
1.6,811,0,178753496,760,97,37,4,26,0.037764,1030,3416,96,31,0,1
1.6,812,0,178786264,760,97,37,4,26,0.038248,1030,3416,97,35,0,2
1.6,813,0,178835168,760,97,37,4,26,0.038064,1030,3416,97,35,0,2
1.6,814,0,178884104,760,97,37,4,26,0.037805,1030,3416,97,35,0,2
1.6,815,0,178916760,760,97,37,4,26,0.038163,1030,3416,97,35,0,2
1.6,816,0,178973784,760,97,37,4,27,0.037537,1030,3416,97,35,0,2
1.6,817,0,179014640,760,97,37,4,26,0.037920,1030,3416,97,35,0,2
1.6,818,0,179047296,760,97,37,4,27,0.037523,1030,3416,97,35,0,2
1.6,819,0,179096160,760,97,37,4,26,0.038606,1030,3416,96,33,0,2
1.6,820,0,179137120,760,97,37,4,26,0.038939,1030,3416,96,33,0,2
1.6,821,0,179186136,760,97,37,4,25,0.039619,1030,3416,96,33,0,2
1.6,822,0,179235160,760,97,37,4,25,0.039828,1030,3416,96,33,0,2
1.6,823,0,179275920,760,97,37,4,25,0.040047,1030,3416,96,33,0,2
1.6,824,0,179316728,760,97,37,4,25,0.040631,1030,3416,96,33,0,2
1.6,825,0,179357552,760,97,37,4,25,0.040453,1030,3416,96,33,0,2
1.6,826,0,179398280,760,97,37,4,24,0.041243,1030,3416,90,25,0,1
1.6,827,0,179455456,760,97,37,4,25,0.040546,1030,3416,90,25,0,1
1.6,828,0,179488120,760,97,37,4,24,0.040877,1030,3416,90,25,0,1
1.6,829,0,179528936,760,97,37,4,25,0.039911,1030,3416,90,25,0,1
1.6,830,0,179577976,760,97,37,4,25,0.040099,1030,3416,90,25,0,1
1.6,831,0,179626936,760,97,37,4,25,0.039325,1030,3416,90,25,0,1
1.6,832,0,178101888,761,97,37,4,26,0.038677,1030,3416,90,25,0,1
1.6,833,0,178151008,761,97,37,4,26,0.038605,1030,3416,97,32,0,1
1.6,834,0,178216368,761,97,37,4,26,0.038058,1030,3416,97,32,0,1
1.6,835,0,178285984,761,97,37,4,26,0.038274,1030,3416,97,32,0,1
1.6,836,0,178318664,761,97,37,4,27,0.037192,1030,3416,97,32,0,1
1.6,837,0,178367536,761,97,37,4,27,0.037316,1030,3416,97,32,0,1
1.6,838,0,178416568,761,97,37,4,27,0.036805,1030,3416,97,32,0,1
1.6,839,0,178457408,761,97,37,4,26,0.038606,1030,3416,97,32,0,1
1.6,840,0,178489888,761,97,37,4,25,0.039416,1030,3416,96,29,0,3
1.6,841,0,178547120,761,97,37,4,25,0.040542,1030,3416,96,29,0,3
1.6,842,0,178596152,761,97,37,4,24,0.040953,1028,3416,96,29,0,3
1.6,843,0,178645208,761,97,37,4,25,0.040625,1028,3416,96,29,0,3
1.6,844,0,178702376,761,97,37,4,24,0.041231,1028,3416,96,29,0,3
1.6,845,0,178743240,761,97,37,4,25,0.040500,766,3354,96,29,0,3
1.6,846,0,178775952,761,97,37,4,24,0.041466,766,3354,96,29,0,3
1.6,847,0,178840848,761,97,37,4,24,0.041257,766,3354,97,29,0,2
1.6,848,0,178881640,761,97,37,4,24,0.041595,766,3354,97,29,0,2
1.6,849,0,178914296,761,97,37,4,25,0.039579,766,3354,97,29,0,2
1.6,850,0,178971480,761,97,37,4,26,0.037989,766,3354,97,29,0,2
1.6,851,0,179004200,761,97,37,4,27,0.036879,766,3354,97,29,0,2
1.6,852,0,179045016,761,97,37,4,28,0.036277,766,3354,97,29,0,2
1.6,853,0,179077712,761,97,37,4,28,0.036157,766,3354,97,29,0,2
1.6,854,0,179134904,761,97,37,4,28,0.035371,766,3354,97,37,0,1
1.6,855,0,179175736,761,97,37,4,28,0.035849,766,3354,97,37,0,1
1.6,856,0,179248768,761,97,37,4,29,0.034961,766,3354,97,37,0,1
1.6,857,0,179289656,761,97,37,4,29,0.035017,766,3354,97,37,0,1
1.6,858,0,179330512,761,97,37,4,29,0.034880,766,3354,97,37,0,1
1.6,859,0,179371240,761,97,37,4,29,0.034778,766,3358,97,37,0,1
1.6,860,0,179403952,761,97,37,4,29,0.034622,766,3358,97,37,0,1
1.6,861,0,179452880,761,97,37,4,29,0.034386,766,3358,97,37,0,1
1.6,862,0,179485648,761,97,37,4,29,0.034432,766,3358,97,33,0,1
1.6,863,0,179542832,761,97,37,4,29,0.034494,766,3358,97,33,0,1
1.6,864,0,179600008,761,97,37,4,29,0.034527,766,3356,97,33,0,1
1.6,865,0,179632688,761,97,37,4,29,0.034215,766,3355,97,33,0,1
1.6,866,0,178156056,762,97,37,4,29,0.034640,766,3354,97,33,0,1
1.6,867,0,178188712,762,97,37,4,29,0.034638,766,3354,97,33,0,1
1.6,868,0,178245888,762,97,37,4,29,0.034443,766,3354,97,33,0,1
1.6,869,0,178303088,762,97,37,4,28,0.035191,766,3354,97,33,0,1
1.6,870,0,178343056,762,97,37,4,28,0.036214,766,3354,96,34,0,2
1.6,871,0,178408472,762,97,37,4,27,0.036971,766,3354,96,34,0,2
1.6,872,0,178457432,762,97,37,4,27,0.037595,766,3354,96,34,0,2
1.6,873,0,178490152,762,97,37,4,26,0.038540,772,3357,96,34,0,2
1.6,874,0,178530928,762,97,37,4,26,0.038348,772,3357,96,34,0,2
1.6,875,0,178579928,762,97,37,4,26,0.038352,781,3360,96,34,0,2
1.6,876,0,178620728,762,97,37,4,26,0.038130,781,3360,96,34,0,2
1.6,877,0,178669800,762,97,37,4,26,0.038352,781,3360,98,35,0,3
1.6,878,0,178725296,762,97,37,4,26,0.038614,781,3360,98,35,0,3
1.6,879,0,178782512,762,97,37,4,26,0.038694,781,3360,98,35,0,3
1.6,880,0,178831528,762,97,37,4,26,0.038662,781,3360,98,35,0,3
1.6,881,0,178864136,762,97,37,4,26,0.038825,781,3360,98,35,0,3
1.6,882,0,178904832,762,97,37,4,26,0.038903,781,3360,98,35,0,3
1.6,883,0,178937536,762,97,37,4,26,0.038238,781,3360,98,35,0,3
1.6,884,0,178986464,762,97,37,4,26,0.038979,781,3360,97,37,0,1
1.6,885,0,179060064,762,97,37,4,25,0.039434,781,3360,97,37,0,1
1.6,886,0,179092760,762,97,37,4,26,0.039194,781,3360,97,37,0,1
1.6,887,0,179141792,762,97,37,4,25,0.039385,781,3360,97,37,0,1
1.6,888,0,179182688,762,97,37,4,26,0.039156,783,3360,97,37,0,1
1.6,889,0,179223512,762,97,37,4,26,0.039191,783,3360,97,37,0,1
1.6,890,0,179256176,762,97,37,4,26,0.038022,783,3360,97,37,0,1
1.6,891,0,179296344,762,97,37,4,27,0.037484,783,3360,95,31,0,2
1.6,892,0,179353592,762,97,37,4,27,0.036899,783,3360,95,31,0,2
1.6,893,0,179410808,762,97,37,4,27,0.036850,783,3360,95,31,0,2
1.6,894,0,179435384,762,97,37,4,27,0.036424,783,3360,95,31,0,2
1.6,895,0,179484384,762,97,37,4,28,0.035994,783,3360,95,31,0,2
1.6,896,0,179517040,762,97,37,4,28,0.036337,783,3360,95,31,0,2
1.6,897,0,179574056,762,97,37,4,27,0.036490,783,3360,95,31,0,2
1.6,898,0,179614872,762,97,37,4,27,0.036647,783,3360,97,35,0,3
1.6,899,0,179655776,762,97,37,4,28,0.035974,783,3360,97,35,0,3
1.6,900,0,179704760,762,97,37,4,27,0.036404,783,3360,97,35,0,3
1.6,901,0,178196472,763,97,37,4,27,0.036547,783,3360,97,35,0,3
1.6,902,0,178245544,763,97,37,4,27,0.036779,783,3360,97,35,0,3
1.6,903,0,178278256,763,97,37,4,27,0.036895,783,3360,97,35,0,3
1.6,904,0,178319128,763,97,37,4,27,0.036400,783,3360,97,35,0,3
1.6,905,0,178374592,763,97,37,4,28,0.036359,783,3360,97,38,0,3
1.6,906,0,178407216,763,97,37,4,28,0.036174,783,3360,97,38,0,3
1.6,907,0,178456160,763,97,37,4,28,0.035693,783,3360,97,38,0,3
1.6,908,0,178488816,763,97,37,4,28,0.035422,783,3360,97,38,0,3
1.6,909,0,178537816,763,97,37,4,28,0.035660,783,3360,97,38,0,3
1.6,910,0,178562192,763,97,37,4,28,0.035441,783,3360,97,38,0,3
1.6,911,0,178611216,763,97,37,4,28,0.035119,783,3360,97,38,0,3
1.6,912,0,178660216,763,97,37,4,29,0.034788,783,3360,97,38,0,3
1.6,913,0,178701056,763,97,37,4,29,0.034626,783,3360,97,35,0,1
1.6,914,0,178750064,763,97,37,4,29,0.034931,783,3360,97,35,0,1
1.6,915,0,178781736,763,97,37,4,29,0.035016,783,3360,97,35,0,1
1.6,916,0,178830808,763,97,37,4,28,0.035456,783,3360,97,35,0,1
1.6,917,0,178863312,763,97,37,4,28,0.035700,783,3360,97,35,0,1
1.6,918,0,178895928,763,97,37,4,28,0.035979,783,3360,97,35,0,1
1.6,919,0,178944656,763,97,37,4,28,0.035560,783,3360,97,35,0,1
1.6,920,0,178969184,763,97,37,4,28,0.035608,783,3360,97,35,0,1
1.6,921,0,179026160,763,97,37,4,28,0.036112,783,3360,98,37,0,3
1.6,922,0,179058136,763,97,37,4,28,0.036247,783,3360,98,37,0,3
1.6,923,0,179107096,763,97,37,4,28,0.035895,783,3360,98,37,0,3
1.6,924,0,179147936,763,97,37,4,27,0.036570,783,3360,98,37,0,3
1.6,925,0,179172480,763,97,37,4,27,0.036827,783,3360,98,37,0,3
1.6,926,0,179221360,763,97,37,4,27,0.036888,783,3360,98,37,0,3
1.6,927,0,179245840,763,97,37,4,27,0.036387,783,3360,98,37,0,3
1.6,928,0,179302984,763,97,37,4,28,0.035868,783,3360,97,35,0,2
1.6,929,0,179335568,763,97,37,4,28,0.035920,783,3360,97,35,0,2
1.6,930,0,179384536,763,97,37,4,27,0.036734,783,3360,97,35,0,2
1.6,931,0,179433520,763,97,37,4,27,0.036618,783,3360,97,35,0,2
1.6,932,0,179458024,763,97,37,4,27,0.036518,783,3360,97,35,0,2
1.6,933,0,179507032,763,97,37,4,27,0.036918,783,3360,97,35,0,2
1.6,934,0,179531504,763,97,37,4,28,0.036072,783,3360,97,35,0,2
1.6,935,0,179588704,763,97,37,4,28,0.036070,783,3360,98,34,0,2
1.6,936,0,179637592,763,97,37,4,28,0.036078,783,3360,98,34,0,2
1.6,937,0,179670256,763,97,37,4,28,0.036000,783,3360,98,34,0,2
1.6,938,0,179719160,763,97,37,4,28,0.035938,783,3360,98,34,0,2
1.6,939,0,178188848,764,97,37,4,28,0.036095,783,3360,98,34,0,2
1.6,940,0,178245960,764,97,37,4,28,0.035664,783,3360,98,34,0,2
1.6,941,0,178270256,764,97,37,4,28,0.035138,783,3360,98,34,0,2
1.6,942,0,178319304,764,97,37,4,29,0.035021,783,3360,98,34,0,2
1.6,943,0,178368376,764,97,37,4,29,0.034892,783,3360,97,33,0,2
1.6,944,0,178409128,764,97,37,4,28,0.035368,783,3360,97,33,0,2
1.6,945,0,178466384,764,97,37,4,29,0.035002,783,3360,97,33,0,2
1.6,946,0,178490880,764,97,37,4,29,0.034816,783,3360,97,33,0,2
1.6,947,0,178531744,764,97,37,4,28,0.035432,783,3360,97,33,0,2
1.6,948,0,178556184,764,97,37,4,28,0.035720,783,3360,97,33,0,2
1.6,949,0,178605216,764,97,37,4,28,0.035621,783,3360,97,33,0,2
1.6,950,0,178654160,764,97,37,4,28,0.035103,783,3360,97,33,0,2
1.6,951,0,178685088,764,97,37,4,28,0.035490,783,3360,96,37,0,1
1.6,952,0,178734120,764,97,37,4,28,0.035463,783,3360,96,37,0,1
1.6,953,0,178766752,764,97,37,4,28,0.035595,783,3360,96,37,0,1
1.6,954,0,178815712,764,97,37,4,28,0.035953,783,3360,96,37,0,1
1.6,955,0,178848400,764,97,37,4,28,0.036067,783,3360,96,37,0,1
1.6,956,0,178889216,764,97,37,4,28,0.035819,783,3360,96,37,0,1
1.6,957,0,178929952,764,97,37,4,28,0.035833,783,3360,96,37,0,1
1.6,958,0,178970848,764,97,37,4,28,0.035985,783,3360,95,33,0,2
1.6,959,0,179019896,764,97,37,4,28,0.036177,783,3360,95,33,0,2
1.6,960,0,179060768,764,97,37,4,27,0.036382,783,3360,95,33,0,2
1.6,961,0,179093176,764,97,37,4,27,0.036654,783,3360,95,33,0,2
1.6,962,0,179125504,764,97,37,4,27,0.037016,783,3360,95,33,0,2
1.6,963,0,179174216,764,97,37,4,27,0.036991,783,3360,95,33,0,2
1.6,964,0,179215056,764,97,37,4,27,0.036619,783,3360,95,33,0,2
1.6,965,0,179246832,764,97,37,4,27,0.037328,783,3360,95,32,0,2
1.6,966,0,179303968,764,97,37,4,27,0.037255,783,3360,95,32,0,2
1.6,967,0,179336592,764,97,37,4,27,0.036866,783,3360,95,32,0,2
1.6,968,0,179377352,764,97,37,4,27,0.037371,783,3360,95,32,0,2
1.6,969,0,179426376,764,97,37,4,27,0.037029,783,3360,95,32,0,2
1.6,970,0,179450872,764,97,37,4,27,0.037069,783,3360,95,32,0,2
1.6,971,0,179499744,764,97,37,4,27,0.036990,783,3360,95,32,0,2
1.6,972,0,179532216,764,97,37,4,27,0.036824,783,3360,96,35,0,1
1.6,973,0,179581304,764,97,37,4,27,0.036561,783,3360,96,35,0,1
1.6,974,0,179630312,764,97,37,4,27,0.036509,783,3360,96,35,0,1
1.6,975,0,179654792,764,97,37,4,28,0.036292,783,3360,96,35,0,1
1.6,976,0,179703856,764,97,37,4,27,0.036490,783,3360,96,35,0,1
1.6,977,0,178189960,765,97,37,4,27,0.036926,783,3360,96,35,0,1
1.6,978,0,178214496,765,97,37,4,28,0.035859,783,3360,96,35,0,1
1.6,979,0,178271640,765,97,37,4,28,0.036009,783,3360,96,36,0,4
1.6,980,0,178304304,765,97,37,4,28,0.036262,783,3360,96,36,0,4
1.6,981,0,178361504,765,97,37,4,27,0.036728,783,3360,96,36,0,4
1.6,982,0,178402232,765,97,37,4,27,0.036505,783,3360,96,36,0,4
1.6,983,0,178434744,765,97,37,4,27,0.036470,783,3360,96,36,0,4
1.6,984,0,178483632,765,97,37,4,27,0.036472,783,3360,96,36,0,4
1.6,985,0,178508112,765,97,37,4,27,0.036491,783,3360,96,36,0,4
1.6,986,0,178565192,765,97,37,4,27,0.036427,783,3360,95,34,0,2
1.6,987,0,178597896,765,97,37,4,28,0.035738,783,3360,95,34,0,2
1.6,988,0,178646832,765,97,37,4,28,0.036018,783,3360,95,34,0,2
1.6,989,0,178704008,765,97,37,4,28,0.035990,783,3360,95,34,0,2
1.6,990,0,178736664,765,97,37,4,27,0.036763,783,3360,95,34,0,2
1.6,991,0,178785496,765,97,37,4,28,0.035781,783,3360,95,34,0,2
1.6,992,0,178818264,765,97,37,4,28,0.036051,783,3360,95,34,0,2
1.6,993,0,178874048,765,97,37,4,28,0.036014,783,3360,98,34,0,2
1.6,994,0,178931128,765,97,37,4,28,0.035679,783,3360,98,34,0,2
1.6,995,0,178963728,765,97,37,4,28,0.035148,783,3360,98,34,0,2
1.6,996,0,179036896,765,97,37,4,29,0.034950,783,3360,98,34,0,2
1.6,997,0,179069616,765,97,37,4,28,0.035262,783,3360,98,34,0,2
1.6,998,0,179118648,765,97,37,4,28,0.035409,786,3363,98,34,0,2
1.6,999,0,179151352,765,97,37,4,28,0.035376,786,3363,98,34,0,2
1.6,1000,0,179184072,765,97,37,4,29,0.034106,786,3363,98,34,0,2
1.6,1001,0,179224896,765,97,37,4,29,0.034617,786,3363,97,35,0,1
1.6,1002,0,179282008,765,97,37,4,29,0.034054,786,3363,97,35,0,1
1.6,1003,0,179322856,765,97,37,4,29,0.034137,786,3363,97,35,0,1
1.6,1004,0,179379408,765,97,37,4,29,0.034213,786,3363,97,35,0,1
1.6,1005,0,179436528,765,97,37,4,29,0.034740,786,3363,97,35,0,1
1.6,1006,0,179732416,766,97,37,4,29,0.035077,791,3368,97,35,0,1
1.6,1007,0,180474152,767,97,37,4,28,0.035852,791,3368,97,35,0,1
1.6,1008,0,180514880,767,97,37,4,28,0.035935,791,3368,97,35,0,1
1.6,1009,0,180563376,767,97,37,4,28,0.035961,791,3368,97,32,0,3
1.6,1010,0,180620600,767,97,37,4,28,0.035928,791,3368,97,32,0,3
1.6,1011,0,180677648,767,97,37,4,28,0.035407,791,3368,97,32,0,3
1.6,1012,0,180718488,767,97,37,4,28,0.036014,791,3368,97,32,0,3
1.6,1013,0,180759368,767,97,37,4,28,0.035948,791,3368,97,32,0,3
1.6,1014,0,180808408,767,97,37,4,28,0.035937,791,3368,97,32,0,3
1.6,1015,0,180840936,767,97,37,4,28,0.035524,791,3368,97,32,0,3
1.6,1016,0,180873496,767,97,37,4,29,0.035077,791,3368,97,32,0,3
1.6,1017,0,180930792,767,97,37,4,29,0.034062,791,3368,98,34,0,1
1.6,1018,0,180979832,767,97,37,4,29,0.034165,791,3368,98,34,0,1
1.6,1019,0,181036984,767,97,37,4,29,0.034794,791,3368,98,34,0,1
1.6,1020,0,181077768,767,97,37,4,29,0.034895,791,3368,98,34,0,1
1.6,1021,0,181126712,767,97,37,4,29,0.034973,791,3368,98,34,0,1
1.6,1022,0,181151288,767,97,37,4,29,0.034937,791,3368,98,34,0,1
1.6,1023,0,181208552,767,97,37,4,29,0.034879,791,3368,98,34,0,1
1.6,1024,0,181241232,767,97,37,4,29,0.034821,791,3368,98,34,0,1
1.6,1025,0,181290336,767,97,37,4,29,0.034950,791,3368,92,37,0,1
1.6,1026,0,181347456,767,97,37,4,28,0.035261,791,3368,92,37,0,1
1.6,1027,0,181412800,767,97,37,4,28,0.035683,791,3368,92,37,0,1
1.6,1028,0,181445376,767,97,37,4,28,0.035713,791,3368,92,37,0,1
1.6,1029,0,181502608,767,97,37,4,28,0.035669,796,3373,92,37,0,1
1.6,1030,0,181535240,767,97,37,4,28,0.035897,796,3373,92,37,0,1
1.6,1031,0,181584256,767,97,37,4,28,0.035905,796,3373,92,37,0,1
1.6,1032,0,181616912,767,97,37,4,28,0.035790,796,3373,92,37,0,1
1.6,1033,0,181665968,767,97,37,4,27,0.036393,796,3373,96,36,0,2
1.6,1034,0,181728472,767,97,37,4,27,0.036725,796,3373,96,36,0,2
1.6,1035,0,181769224,767,97,37,4,27,0.036439,796,3373,96,36,0,2
1.6,1036,0,181818240,767,97,37,4,27,0.036940,796,3373,96,36,0,2
1.6,1037,0,181842816,767,97,37,4,27,0.036615,796,3373,96,36,0,2
1.6,1038,0,181899984,767,97,37,4,28,0.036216,796,3376,96,36,0,2
1.6,1039,0,181949024,767,97,37,4,28,0.035791,833,3375,96,36,0,2
1.6,1040,0,181988808,767,97,37,4,28,0.036254,924,3353,93,30,0,2
1.6,1041,0,182021576,767,97,37,4,28,0.036096,756,3268,93,30,0,2
1.6,1042,0,182078696,767,97,37,4,28,0.036142,728,3187,93,30,0,2
1.6,1043,0,182127672,767,97,37,4,28,0.035599,694,2817,93,30,0,2
1.6,1044,0,182168544,767,97,37,4,29,0.034902,493,1788,93,30,0,2
1.6,1045,0,182217592,767,97,37,4,29,0.034060,470,1406,93,30,0,2
1.6,1046,0,182244248,767,97,37,4,30,0.032949,470,1272,93,30,0,2
1.6,1047,0,180383928,768,97,37,4,31,0.031901,465,1122,93,30,0,2
1.6,1048,0,180441200,768,97,37,4,32,0.031226,501,1083,96,40,0,1
1.6,1049,0,180514832,768,97,37,4,33,0.030496,521,1124,96,40,0,1
1.6,1050,0,180613000,768,97,37,4,35,0.028685,466,1198,96,40,0,1
1.6,1051,0,180686648,768,97,37,4,35,0.028432,654,1497,96,40,0,1
1.6,1052,0,180817480,768,97,37,4,35,0.028658,1091,2009,96,40,0,1
1.6,1053,0,180940240,768,97,37,4,35,0.028276,1135,2669,96,40,0,1
1.6,1054,0,181021880,768,97,37,4,34,0.029359,2142,3541,96,40,0,1
1.6,1055,0,181087224,768,97,37,4,32,0.031289,2353,3742,96,40,0,1
1.6,1056,0,181144208,768,97,37,4,30,0.032892,2738,3765,96,40,0,1
1.6,1057,0,181183656,768,97,37,4,28,0.035374,2916,3803,95,35,0,2
1.6,1058,0,181256816,768,97,37,4,27,0.037027,2814,3766,95,35,0,2
1.6,1059,0,181305784,768,97,37,4,26,0.038465,2763,3756,95,35,0,2
1.6,1060,0,181338464,768,97,37,4,25,0.040282,2763,3756,95,35,0,2
1.6,1061,0,181387440,768,97,37,4,24,0.041416,2753,3751,95,35,0,2
1.6,1062,0,181436488,768,97,37,4,24,0.041737,2753,3751,95,35,0,2
1.6,1063,0,181485344,768,97,37,4,23,0.043184,2753,3751,95,35,0,2
1.6,1064,0,181550632,768,97,37,4,23,0.043913,2753,3751,99,23,0,2
1.6,1065,0,181607800,768,97,37,4,23,0.043917,2753,3751,99,23,0,2
1.6,1066,0,181648368,768,97,37,4,23,0.043999,2813,3760,99,23,0,2
1.6,1067,0,181680944,768,97,37,4,23,0.043900,2888,3782,99,23,0,2
1.6,1068,0,181746296,768,97,37,4,23,0.043385,2908,3798,99,23,0,2
1.6,1069,0,181795216,768,97,37,4,23,0.043186,2908,3798,99,23,0,2
1.6,1070,0,181851736,768,97,37,4,23,0.043739,2908,3798,97,21,0,1
1.6,1071,0,181900664,768,97,37,4,23,0.044009,2908,3798,97,21,0,1
1.6,1072,0,181949696,768,97,37,4,22,0.044648,2918,3803,97,21,0,1
1.6,1073,0,181998736,768,97,37,4,22,0.044661,2918,3803,97,21,0,1
1.6,1074,0,182031424,768,97,37,4,23,0.044402,2918,3803,97,21,0,1
1.6,1075,0,182072264,768,97,37,4,22,0.044829,2918,3803,97,21,0,1
1.6,1076,0,182145784,768,97,37,4,22,0.045040,2918,3803,95,16,0,1
1.6,1077,0,182194640,768,97,37,4,22,0.045068,2918,3803,95,16,0,1
1.6,1078,0,182227288,768,97,37,4,22,0.045698,2918,3803,95,16,0,1
1.6,1079,0,182276296,768,97,37,4,22,0.046280,2918,3803,95,16,0,1
1.6,1080,0,182325312,768,97,37,4,22,0.045828,2918,3803,95,16,0,1
1.6,1081,0,182374304,768,97,37,4,22,0.045983,2918,3803,95,16,0,1
1.6,1082,0,180646528,769,97,37,4,22,0.045643,2918,3803,96,24,1,2
1.6,1083,0,180703848,769,97,37,4,22,0.045877,2918,3803,96,24,1,2
1.6,1084,0,180761056,769,97,37,4,22,0.045597,2918,3803,96,24,1,2
1.6,1085,0,180793768,769,97,37,4,22,0.045110,2918,3803,96,24,1,2
1.6,1086,0,180842784,769,97,37,4,22,0.044555,2918,3803,96,24,1,2
1.6,1087,0,180891808,769,97,37,4,22,0.045032,2918,3803,96,24,1,2
1.6,1088,0,180963144,769,97,37,4,22,0.044602,2918,3803,95,22,0,2
1.6,1089,0,181003904,769,97,37,4,22,0.045225,2918,3803,95,22,0,2
1.6,1090,0,181052888,769,97,37,4,22,0.045763,2918,3803,95,22,0,2
1.6,1091,0,181101744,769,97,37,4,22,0.045806,2918,3803,95,22,0,2
1.6,1092,0,181150584,769,97,37,4,22,0.046057,2918,3803,95,22,0,2
1.6,1093,0,181183264,769,97,37,4,22,0.045958,2918,3803,95,22,0,2
1.6,1094,0,181263576,769,97,37,4,22,0.046329,2914,3799,91,19,0,1
1.6,1095,0,181312600,769,97,37,4,22,0.046046,2914,3799,91,19,0,1
1.6,1096,0,181361624,769,97,37,4,22,0.046140,2913,3798,91,19,0,1
1.6,1097,0,181394272,769,97,37,4,22,0.045770,2913,3798,91,19,0,1
1.6,1098,0,181451528,769,97,37,4,22,0.046170,2913,3798,91,19,0,1
1.6,1099,0,181492352,769,97,37,4,22,0.045562,2913,3798,91,19,0,1
1.6,1100,0,181541360,769,97,37,4,22,0.045295,2915,3798,97,22,0,1
1.6,1101,0,181598496,769,97,37,4,23,0.044393,2913,3798,97,22,0,1
1.6,1102,0,181647424,769,97,37,4,23,0.043932,2913,3798,97,22,0,1
1.6,1103,0,181688280,769,97,37,4,23,0.043787,2915,3798,97,22,0,1
1.6,1104,0,181737256,769,97,37,4,23,0.043230,2915,3798,97,22,0,1
1.6,1105,0,181786232,769,97,37,4,23,0.043284,2915,3798,97,22,0,1
1.6,1106,0,181834376,769,97,37,4,23,0.043278,2915,3798,98,25,0,1
1.6,1107,0,181883368,769,97,37,4,23,0.042719,2915,3798,98,25,0,1
1.6,1108,0,181932376,769,97,37,4,24,0.042039,2915,3798,98,25,0,1
1.6,1109,0,181989592,769,97,37,4,24,0.041937,2915,3798,98,25,0,1
1.6,1110,0,182022184,769,97,37,4,24,0.041685,2915,3798,98,25,0,1
1.6,1111,0,182071216,769,97,37,4,24,0.042497,2915,3798,98,25,0,1
1.6,1112,0,182136560,769,97,37,4,24,0.042282,2915,3798,97,21,0,2
1.6,1113,0,180630128,770,97,37,4,23,0.042566,2915,3798,97,21,0,2
1.6,1114,0,180687432,770,97,37,4,23,0.042676,2915,3798,97,21,0,2
1.6,1115,0,180744592,770,97,37,4,23,0.042862,2915,3798,97,21,0,2
1.6,1116,0,180785368,770,97,37,4,23,0.043060,2915,3798,97,21,0,2
1.6,1117,0,180826224,770,97,37,4,23,0.043522,2915,3798,97,21,0,2
1.6,1118,0,180907896,770,97,37,4,23,0.043842,2915,3798,97,20,0,2
1.6,1119,0,180948696,770,97,37,4,22,0.044511,2915,3798,97,20,0,2
1.6,1120,0,180989512,770,97,37,4,23,0.044376,2915,3798,97,20,0,2
1.6,1121,0,181038472,770,97,37,4,23,0.044438,2915,3798,97,20,0,2
1.6,1122,0,181087432,770,97,37,4,22,0.045129,2915,3798,97,20,0,2
1.6,1123,0,181144688,770,97,37,4,22,0.045070,2915,3798,97,20,0,2
1.6,1124,0,181201200,770,97,37,4,22,0.045249,2915,3798,97,29,0,2
1.6,1125,0,181258424,770,97,37,4,22,0.045289,2915,3798,97,29,0,2
1.6,1126,0,181299264,770,97,37,4,22,0.045254,2915,3798,97,29,0,2
1.6,1127,0,181331952,770,97,37,4,22,0.045130,2915,3802,97,29,0,2
1.6,1128,0,181389056,770,97,37,4,22,0.045532,2915,3802,97,29,0,2
1.6,1129,0,181438088,770,97,37,4,22,0.045204,2915,3802,97,29,0,2
1.6,1130,0,181510552,770,97,37,4,22,0.045974,2915,3801,96,19,0,1
1.6,1131,0,181567320,770,97,37,4,22,0.046024,2915,3800,96,19,0,1
1.6,1132,0,181608040,770,97,37,4,21,0.046628,2915,3798,96,19,0,1
1.6,1133,0,181640712,770,97,37,4,22,0.046209,2915,3798,96,19,0,1
1.6,1134,0,181689480,770,97,37,4,21,0.046865,2915,3798,96,19,0,1
1.6,1135,0,181738528,770,97,37,4,21,0.046949,2915,3798,96,19,0,1
1.6,1136,0,181793928,770,97,37,4,21,0.047046,2915,3798,97,20,0,1
1.6,1137,0,181859328,770,97,37,4,21,0.047087,2915,3798,97,20,0,1
1.6,1138,0,181908328,770,97,37,4,21,0.047611,2915,3798,97,20,0,1
1.6,1139,0,181949112,770,97,37,4,21,0.046910,2915,3798,97,20,0,1
1.6,1140,0,181989976,770,97,37,4,21,0.046782,2915,3798,97,20,0,1
1.6,1141,0,182038968,770,97,37,4,21,0.046661,2915,3798,97,20,0,1
1.6,1142,0,182120504,770,97,37,4,22,0.045823,2915,3798,95,17,0,1
1.6,1143,0,182169472,770,97,37,4,22,0.045848,2915,3798,95,17,0,1
1.6,1144,0,179314928,771,98,37,4,22,0.045536,2915,3798,95,17,0,1
1.6,1145,0,179380440,771,98,37,4,22,0.045879,2915,3798,95,17,0,1
1.6,1146,0,179421248,771,98,37,4,22,0.046051,2915,3798,95,17,0,1
1.6,1147,0,179478472,771,98,37,4,22,0.045697,2915,3798,95,17,0,1
1.6,1148,0,179543000,771,98,37,4,22,0.045818,2915,3798,97,18,0,2
1.6,1149,0,179583856,771,98,37,4,22,0.045964,2915,3798,97,18,0,2
1.6,1150,0,179632752,771,98,37,4,22,0.045970,2915,3798,97,18,0,2
1.6,1151,0,179681704,771,98,37,4,22,0.045448,2915,3798,97,18,0,2
1.6,1152,0,179722568,771,98,37,4,22,0.046331,2915,3798,97,18,0,2
1.6,1153,0,179763408,771,98,37,4,22,0.045967,2917,3798,97,18,0,2
1.6,1154,0,179836368,771,98,37,4,22,0.045738,2917,3798,96,23,0,2
1.6,1155,0,179885384,771,98,37,4,22,0.045299,2917,3798,96,23,0,2
1.6,1156,0,179934424,771,98,37,4,22,0.045013,2917,3798,96,23,0,2
1.6,1157,0,179975184,771,98,37,4,22,0.045624,2917,3798,96,23,0,2
1.6,1158,0,180016000,771,98,37,4,22,0.044927,2919,3800,96,23,0,2
1.6,1159,0,180056896,771,98,37,4,22,0.045304,2919,3800,96,23,0,2
1.6,1160,0,180136200,771,98,37,4,22,0.044967,2924,3800,98,19,0,1
1.6,1161,0,180193312,771,98,37,4,22,0.045810,2924,3800,98,19,0,1
1.6,1162,0,180242344,771,98,37,4,22,0.045000,2927,3803,98,19,0,1
1.6,1163,0,180275032,771,98,37,4,22,0.045070,2927,3803,98,19,0,1
1.6,1164,0,180324072,771,98,37,4,22,0.045279,2927,3803,98,19,0,1
1.6,1165,0,180373080,771,98,37,4,22,0.045644,2927,3803,98,19,0,1
1.6,1166,0,180438440,771,98,37,4,22,0.046294,2926,3803,94,23,0,2
1.6,1167,0,180511264,771,98,37,4,21,0.046655,2926,3803,94,23,0,2
1.6,1168,0,180560112,771,98,37,4,21,0.048248,2926,3803,94,23,0,2
1.6,1169,0,180592688,771,98,37,4,21,0.048172,2926,3803,94,23,0,2
1.6,1170,0,180641672,771,98,37,4,21,0.048361,2926,3803,94,23,0,2
1.6,1171,0,180690520,771,98,37,4,21,0.048187,2926,3803,94,23,0,2
1.6,1172,0,180731064,771,98,37,4,21,0.048087,2926,3803,94,16,0,1
1.6,1173,0,180788168,771,98,37,4,21,0.048147,2927,3803,94,16,0,1
1.6,1174,0,180837104,771,98,37,4,21,0.048631,2921,3806,94,16,0,1
1.6,1175,0,179381568,772,98,37,4,21,0.048048,2838,3779,94,16,0,1
1.6,1176,0,179422488,772,98,37,4,21,0.047490,2391,3583,94,16,0,1
1.6,1177,0,179496032,772,98,37,4,22,0.045589,1439,2347,94,16,0,1
1.6,1178,0,179528800,772,98,37,4,24,0.042319,383,1198,96,33,0,2
1.6,1179,0,179618848,772,98,37,4,25,0.040240,391,1282,96,33,0,2
1.6,1180,0,179700088,772,98,37,4,26,0.038492,395,1532,96,33,0,2
1.6,1181,0,179732712,772,98,37,4,26,0.037742,611,3125,96,33,0,2
1.6,1182,0,179773432,772,98,37,4,27,0.036905,672,3260,96,33,0,2
1.6,1183,0,179814304,772,98,37,4,27,0.036372,861,3370,96,33,0,2
1.6,1184,0,179863192,772,98,37,4,28,0.035827,999,3365,96,33,0,2
1.6,1185,0,179934896,772,98,37,4,28,0.036097,809,3278,96,42,0,2
1.6,1186,0,179975736,772,98,37,4,28,0.035783,748,3193,96,42,0,2
1.6,1187,0,180016624,772,98,37,4,28,0.035600,734,3116,96,42,0,2
1.6,1188,0,180049312,772,98,37,4,28,0.036253,734,3116,96,42,0,2
1.6,1189,0,180098240,772,98,37,4,27,0.036854,734,3116,96,42,0,2
1.6,1190,0,180139152,772,98,37,4,27,0.037405,734,3116,96,42,0,2
1.6,1191,0,180188104,772,98,37,4,27,0.036743,734,3116,96,42,0,2
1.6,1192,0,180229024,772,98,37,4,27,0.037058,729,3122,96,33,0,1
1.6,1193,0,180312160,772,98,37,4,27,0.036788,731,3149,96,33,0,1
1.6,1194,0,180361128,772,98,37,4,28,0.035829,735,3152,96,33,0,1
1.6,1195,0,180393680,772,98,37,4,28,0.035232,737,3182,96,33,0,1
1.6,1196,0,180442632,772,98,37,4,29,0.034355,735,3184,96,33,0,1
1.6,1197,0,180491712,772,98,37,4,29,0.034577,748,3203,96,33,0,1
1.6,1198,0,180524304,772,98,37,4,29,0.034483,761,3210,96,33,0,1
1.6,1199,0,180573128,772,98,37,4,29,0.034611,759,3241,96,33,0,1
1.6,1200,0,180613568,772,98,37,4,29,0.034661,782,3247,96,32,0,3
1.6,1201,0,180694456,772,98,37,4,29,0.034628,782,3246,96,32,0,3
1.6,1202,0,180727152,772,98,37,4,29,0.034641,782,3246,96,32,0,3
1.6,1203,0,180767992,772,98,37,4,29,0.034427,793,3253,96,32,0,3
1.6,1204,0,180800704,772,98,37,4,29,0.034201,793,3253,96,32,0,3
1.6,1205,0,180849736,772,98,37,4,30,0.033645,793,3253,96,32,0,3
1.6,1206,0,180882440,772,98,37,4,30,0.033693,801,3250,96,32,0,3
1.6,1207,0,179482688,773,98,37,4,29,0.034397,801,3250,96,32,0,3
1.6,1208,0,179521648,773,98,37,4,29,0.034499,801,3250,94,35,0,1
1.6,1209,0,179603472,773,98,37,4,29,0.034686,801,3250,94,35,0,1
1.6,1210,0,179644144,773,98,37,4,29,0.034523,801,3252,94,35,0,1
1.6,1211,0,179676848,773,98,37,4,28,0.035501,801,3252,94,35,0,1
1.6,1212,0,179717712,773,98,37,4,29,0.034874,801,3254,94,35,0,1
1.6,1213,0,179766712,773,98,37,4,28,0.035279,801,3255,94,35,0,1
1.6,1214,0,179807496,773,98,37,4,28,0.035429,796,3255,94,35,0,1
1.6,1215,0,179987312,773,98,37,4,28,0.035351,796,3254,94,35,0,1
1.6,1216,0,180028216,773,98,37,4,28,0.035539,796,3252,96,36,0,6
1.6,1217,0,180091872,773,98,37,4,29,0.034764,806,3251,96,36,0,6
1.6,1218,0,180132616,773,98,37,4,29,0.034816,806,3250,96,36,0,6
1.6,1219,0,180165280,773,98,37,4,29,0.035071,809,3253,96,36,0,6
1.6,1220,0,180197968,773,98,37,4,28,0.035311,809,3253,96,36,0,6
1.6,1221,0,180255072,773,98,37,4,29,0.034360,809,3253,96,36,0,6
1.6,1222,0,180304200,773,98,37,4,29,0.034582,811,3253,96,36,0,6
1.6,1223,0,180336920,773,98,37,4,29,0.034841,811,3253,96,36,0,6
1.6,1224,0,180393136,773,98,37,4,29,0.034578,811,3253,96,38,0,2
1.6,1225,0,180433976,773,98,37,4,29,0.034732,811,3253,96,38,0,2
1.6,1226,0,180491144,773,98,37,4,29,0.034674,811,3253,96,38,0,2
1.6,1227,0,180515720,773,98,37,4,29,0.034989,811,3253,96,38,0,2
1.6,1228,0,180556568,773,98,37,4,29,0.034888,811,3253,96,38,0,2
1.6,1229,0,180589208,773,98,37,4,29,0.034973,811,3253,96,38,0,2
1.6,1230,0,180638160,773,98,37,4,29,0.035021,811,3253,96,38,0,2
1.6,1231,0,180679088,773,98,37,4,29,0.034984,811,3253,96,38,0,2
1.6,1232,0,180727096,773,98,37,4,29,0.034903,811,3253,97,36,0,1
1.6,1233,0,180784216,773,98,37,4,28,0.035217,811,3253,97,36,0,1
1.6,1234,0,180825088,773,98,37,4,28,0.035378,811,3253,97,36,0,1
1.6,1235,0,180857768,773,98,37,4,28,0.036204,811,3253,97,36,0,1
1.6,1236,0,180906888,773,98,37,4,28,0.036036,811,3254,97,36,0,1
1.6,1237,0,180939552,773,98,37,4,28,0.036227,811,3254,97,36,0,1
1.6,1238,0,180988472,773,98,37,4,27,0.036579,811,3252,97,36,0,1
1.6,1239,0,179476352,774,98,37,4,28,0.036028,809,3248,94,32,0,1
1.6,1240,0,179555920,774,98,37,4,28,0.036103,809,3248,94,32,0,1
1.6,1241,0,179604896,774,98,37,4,27,0.037003,807,3250,94,32,0,1
1.6,1242,0,179645768,774,98,37,4,27,0.036945,807,3250,94,32,0,1
1.6,1243,0,179686600,774,98,37,4,28,0.036329,809,3249,94,32,0,1
1.6,1244,0,179719192,774,98,37,4,27,0.036872,807,3250,94,32,0,1
1.6,1245,0,179768288,774,98,37,4,27,0.036631,808,3248,94,32,0,1
1.6,1246,0,179833712,774,98,37,4,28,0.036215,814,3252,92,32,0,2
1.6,1247,0,179906880,774,98,37,4,28,0.036101,1036,3327,92,32,0,2
1.6,1248,0,179955928,774,98,37,4,27,0.036412,1047,3344,92,32,0,2
1.6,1249,0,180013144,774,98,37,4,27,0.036549,1055,3338,92,32,0,2
1.6,1250,0,180037648,774,98,37,4,27,0.036456,843,3267,92,32,0,2
1.6,1251,0,180086640,774,98,37,4,28,0.035771,848,3266,92,32,0,2
1.6,1252,0,180119336,774,98,37,4,27,0.036489,849,3263,92,32,0,2
1.6,1253,0,180176288,774,98,37,4,27,0.036599,849,3260,96,36,0,1
1.6,1254,0,180232448,774,98,37,4,27,0.037467,849,3264,96,36,0,1
1.6,1255,0,180428640,774,98,37,4,26,0.037784,849,3270,96,36,0,1
1.6,1256,0,180526432,774,98,37,4,25,0.039705,846,3252,96,36,0,1
1.6,1257,0,182028392,775,98,37,4,25,0.040040,687,3196,96,36,0,1
1.6,1258,0,182069256,775,98,37,4,25,0.040101,689,3201,96,36,0,1
1.6,1259,0,182101968,775,98,37,4,24,0.040915,702,3212,96,36,0,1
1.6,1260,0,182167304,775,98,37,4,24,0.040941,698,3193,91,29,0,4
1.6,1261,0,182224384,775,98,37,4,24,0.041088,818,3234,91,29,0,4
1.6,1262,0,182265248,775,98,37,4,25,0.040799,774,3246,91,29,0,4
1.6,1263,0,182306096,775,98,37,4,25,0.040805,774,3252,91,29,0,4
1.6,1264,0,182338768,775,98,37,4,25,0.040051,740,3265,91,29,0,4
1.6,1265,0,182387792,775,98,37,4,26,0.039123,733,3265,91,29,0,4
1.6,1266,0,182420504,775,98,37,4,27,0.037718,733,3265,91,29,0,4
1.6,1267,0,182484760,775,98,37,4,27,0.037425,733,3231,96,32,0,2
1.6,1268,0,182533624,775,98,37,4,27,0.036990,733,3231,96,32,0,2
1.6,1269,0,182574520,775,98,37,4,27,0.036538,733,3233,96,32,0,2
1.6,1270,0,182623520,775,98,37,4,27,0.036774,733,3233,96,32,0,2
1.6,1271,0,181626280,776,98,37,4,27,0.036982,733,3233,96,32,0,2
1.6,1272,0,181675392,776,98,37,4,27,0.036438,733,3233,96,32,0,2
1.6,1273,0,181708088,776,98,37,4,28,0.035951,732,3233,96,32,0,2
1.6,1274,0,181757112,776,98,37,4,28,0.035250,732,3233,95,37,0,2
1.6,1275,0,181838888,776,98,37,4,28,0.035463,732,3233,95,37,0,2
1.6,1276,0,181863432,776,98,37,4,28,0.036162,732,3233,95,37,0,2
1.6,1277,0,181920632,776,98,37,4,28,0.035937,735,3238,95,37,0,2
1.6,1278,0,181969648,776,98,37,4,27,0.036630,738,3271,95,37,0,2
1.6,1279,0,182010536,776,98,37,4,28,0.035947,709,3276,95,37,0,2
1.6,1280,0,182059488,776,98,37,4,28,0.035812,783,3298,95,37,0,2
1.6,1281,0,182108512,776,98,37,4,28,0.035356,846,3302,95,40,0,2
1.6,1282,0,182163336,776,98,37,4,28,0.035685,1035,3380,95,40,0,2
1.6,1283,0,182195904,776,98,37,4,27,0.036761,1034,3373,95,40,0,2
1.6,1284,0,182253024,776,98,37,4,27,0.036809,1023,3374,95,40,0,2
1.6,1285,0,182301904,776,98,37,4,27,0.036869,1022,3382,95,40,0,2
1.6,1286,0,182334592,776,98,37,4,27,0.036819,1022,3382,95,40,0,2
1.6,1287,0,182375352,776,98,37,4,27,0.036562,1022,3382,95,40,0,2
1.6,1288,0,182416248,776,98,37,4,28,0.035670,1022,3382,95,34,0,2
1.6,1289,0,182489760,776,98,37,4,28,0.035854,1022,3382,95,34,0,2
1.6,1290,0,182530568,776,98,37,4,28,0.036218,1022,3386,95,34,0,2
1.6,1291,0,182571448,776,98,37,4,27,0.036435,1022,3387,95,34,0,2
1.6,1292,0,182620464,776,98,37,4,27,0.036896,1023,3389,95,34,0,2
1.6,1293,0,182653144,776,98,37,4,27,0.036565,1023,3389,95,34,0,2
1.6,1294,0,182702192,776,98,37,4,27,0.036486,1018,3364,95,34,0,2
1.6,1295,0,182774240,776,98,37,4,25,0.039456,1018,3364,94,31,0,2
1.6,1296,0,182831440,776,98,37,4,25,0.040305,1017,3354,94,31,0,2
1.6,1297,0,182872280,776,98,37,4,23,0.042693,1019,3354,94,31,0,2
1.6,1298,0,182929528,776,98,37,4,22,0.044616,1019,3354,94,31,0,2
1.6,1299,0,182978520,776,98,37,4,22,0.046072,1019,3359,94,31,0,2
1.6,1300,0,183035296,776,98,37,4,21,0.047178,1019,3359,94,31,0,2
1.6,1301,0,183068064,776,98,37,4,20,0.048781,1019,3359,97,30,0,2
1.6,1302,0,183133424,776,98,37,4,20,0.049285,828,2587,97,30,0,2
1.6,1303,0,180368488,777,99,37,4,21,0.048598,818,1560,97,30,0,2
1.6,1304,0,180433984,777,99,37,4,20,0.048996,1479,2127,97,30,0,2
1.6,1305,0,180687832,777,99,37,4,21,0.047574,2362,3552,97,30,0,2
1.6,1306,0,180963216,777,99,37,4,21,0.046910,2665,3773,97,30,0,2
1.6,1307,0,181012080,777,99,37,4,22,0.045506,2805,3767,94,27,0,2
1.6,1308,0,181052864,777,99,37,4,22,0.044842,2870,3776,94,27,0,2
1.6,1309,0,181101832,777,99,37,4,22,0.044734,2859,3776,94,27,0,2
1.6,1310,0,181150888,777,99,37,4,23,0.043666,2816,3783,94,27,0,2
1.6,1311,0,181183576,777,99,37,4,23,0.043074,3128,3783,94,27,0,2
1.6,1312,0,181240728,777,99,37,4,23,0.043208,3128,3783,94,27,0,2
1.6,1313,0,181297936,777,99,37,4,22,0.044713,3128,3783,97,30,0,1
1.6,1314,0,181354752,777,99,37,4,22,0.045655,3192,3785,97,30,0,1
1.6,1315,0,181387440,777,99,37,4,22,0.045396,3054,3776,97,30,0,1
1.6,1316,0,181436464,777,99,37,4,22,0.045244,3037,3772,97,30,0,1
1.6,1317,0,181477208,777,99,37,4,22,0.045195,2592,3755,97,30,0,1
1.6,1318,0,181533920,777,99,37,4,23,0.044387,2439,3708,97,30,0,1
1.6,1319,0,181574272,777,99,37,4,23,0.043744,2425,3679,96,27,0,2
1.6,1320,0,181631448,777,99,37,4,23,0.044442,2425,3679,96,27,0,2
1.6,1321,0,181680368,777,99,37,4,22,0.044580,2425,3679,96,27,0,2
1.6,1322,0,181721232,777,99,37,4,23,0.043877,2425,3679,96,27,0,2
1.6,1323,0,181778400,777,99,37,4,23,0.043672,2425,3679,96,27,0,2
1.6,1324,0,181843680,777,99,37,4,23,0.043133,2422,3679,96,27,0,2
1.6,1325,0,181876336,777,99,37,4,23,0.042623,2422,3679,98,26,0,2
1.6,1326,0,181933432,777,99,37,4,24,0.042438,2422,3679,98,26,0,2
1.6,1327,0,181990624,777,99,37,4,24,0.042517,2422,3679,98,26,0,2
1.6,1328,0,182039480,777,99,37,4,23,0.042557,2422,3679,98,26,0,2
1.6,1329,0,182072072,777,99,37,4,23,0.042561,2422,3679,98,26,0,2
1.6,1330,0,182136768,777,99,37,4,24,0.042385,2422,3677,98,26,0,2
1.6,1331,0,182185728,777,99,37,4,24,0.041304,2422,3676,96,28,0,2
1.6,1332,0,182226496,777,99,37,4,24,0.042131,2422,3676,96,28,0,2
1.6,1333,0,182275384,777,99,37,4,24,0.042088,2424,3678,96,28,0,2
1.6,1334,0,180806752,778,99,37,4,24,0.042044,2425,3678,96,28,0,2
1.6,1335,0,180847672,778,99,37,4,24,0.041577,2425,3678,96,28,0,2
1.6,1336,0,180913088,778,99,37,4,24,0.042488,2425,3678,96,28,0,2
1.6,1337,0,180970328,778,99,37,4,24,0.042081,2425,3678,96,27,0,2
1.6,1338,0,181011128,778,99,37,4,24,0.042508,2425,3678,96,27,0,2
1.6,1339,0,181051952,778,99,37,4,24,0.042341,2425,3678,96,27,0,2
1.6,1340,0,181101016,778,99,37,4,24,0.042467,2422,3675,96,27,0,2
1.6,1341,0,181149992,778,99,37,4,23,0.043143,2422,3675,96,27,0,2
1.6,1342,0,181202944,778,99,37,4,23,0.043349,2382,3640,96,27,0,2
1.6,1343,0,181259680,778,99,37,4,23,0.043700,2371,3540,92,22,0,1
1.6,1344,0,181308720,778,99,37,4,23,0.043994,2269,3286,92,22,0,1
1.6,1345,0,181341320,778,99,37,4,23,0.044173,2236,3059,92,22,0,1
1.6,1346,0,181406696,778,99,37,4,23,0.043206,2232,3040,92,22,0,1
1.6,1347,0,181463896,778,99,37,4,23,0.043193,2192,3005,92,22,0,1
1.6,1348,0,181520848,778,99,37,4,23,0.043565,2189,3005,92,22,0,1
1.6,1349,0,181569528,778,99,37,4,23,0.044049,2189,3005,85,17,0,2
1.6,1350,0,181634944,778,99,37,4,23,0.043512,2189,3005,85,17,0,2
1.6,1351,0,181667520,778,99,37,4,23,0.042688,2127,2888,85,17,0,2
1.6,1352,0,181700232,778,99,37,4,24,0.041757,1785,2527,85,17,0,2
1.6,1353,0,181741128,778,99,37,4,25,0.040323,1286,2021,85,17,0,2
1.6,1354,0,181790160,778,99,37,4,26,0.038895,1099,1780,85,17,0,2
1.6,1355,0,181847328,778,99,37,4,27,0.037503,859,1630,85,17,0,2
1.6,1356,0,181880016,778,99,37,4,27,0.036399,907,1575,91,24,0,2
1.6,1357,0,181929088,778,99,37,4,28,0.035500,964,1536,91,24,0,2
1.6,1358,0,181978088,778,99,37,4,30,0.033075,814,1428,91,24,0,2
1.6,1359,0,182010720,778,99,37,4,31,0.031919,821,1414,91,24,0,2
1.6,1360,0,182051552,778,99,37,4,33,0.030711,824,1468,91,24,0,2
1.6,1361,0,182092416,778,99,37,4,34,0.029408,754,1549,91,24,0,2
1.6,1362,0,182165872,778,99,37,4,36,0.028046,721,1754,91,24,0,2
1.6,1363,0,182223144,778,99,37,4,36,0.027472,611,1942,91,24,0,2
1.6,1364,0,182317304,778,99,37,4,36,0.028046,818,3303,91,24,0,2
1.6,1365,0,182349944,778,99,37,4,34,0.029281,1071,3479,92,42,0,2
1.6,1366,0,180931128,779,99,37,4,34,0.029735,1049,3494,92,42,0,2
1.6,1367,0,180980144,779,99,37,4,33,0.030203,1045,3464,92,42,0,2
1.6,1368,0,181012672,779,99,37,4,31,0.031957,1040,3407,92,42,0,2
1.6,1369,0,181045344,779,99,37,4,31,0.031995,1043,3407,92,42,0,2
1.6,1370,0,181086248,779,99,37,4,31,0.032765,1040,3403,92,42,0,2
1.6,1371,0,181158616,779,99,37,4,29,0.034564,1040,3403,92,42,0,2
1.6,1372,0,181183192,779,99,37,4,28,0.035110,1040,3403,92,42,0,2
1.6,1373,0,181239952,779,99,37,4,28,0.035572,1040,3405,95,30,0,2
1.6,1374,0,181297184,779,99,37,4,28,0.035305,1040,3405,95,30,0,2
1.6,1375,0,181329792,779,99,37,4,28,0.035525,1040,3405,95,30,0,2
1.6,1376,0,181387056,779,99,37,4,28,0.035858,1040,3405,95,30,0,2
1.6,1377,0,181427832,779,99,37,4,28,0.035817,1040,3405,95,30,0,2
1.6,1378,0,181468656,779,99,37,4,28,0.035183,1040,3405,95,30,0,2
1.6,1379,0,181534408,779,99,37,4,28,0.035899,1040,3405,95,30,0,2
1.6,1380,0,181781448,779,99,37,4,28,0.035470,1070,3405,95,30,0,2
1.6,1381,0,181838416,779,99,37,4,29,0.034757,1070,3405,96,37,0,3
1.6,1382,0,181879296,779,99,37,4,29,0.034930,1070,3405,96,37,0,3
1.6,1383,0,181920112,779,99,37,4,28,0.035641,1070,3405,96,37,0,3
1.6,1384,0,181944688,779,99,37,4,28,0.035508,1070,3405,96,37,0,3
1.6,1385,0,181993528,779,99,37,4,28,0.035176,1048,3411,96,37,0,3
1.6,1386,0,182026208,779,99,37,4,28,0.035508,1042,3397,96,37,0,3
1.6,1387,0,182101880,779,99,37,4,28,0.035635,1044,3414,96,37,0,3
1.6,1388,0,182150864,779,99,37,4,28,0.035898,1045,3406,96,37,0,3
1.6,1389,0,182191768,779,99,37,4,28,0.035970,1045,3428,94,37,0,2
1.6,1390,0,182248752,779,99,37,4,28,0.036342,1046,3438,94,37,0,2
1.6,1391,0,182281416,779,99,37,4,27,0.036853,831,3369,94,37,0,2
1.6,1392,0,182330480,779,99,37,4,27,0.036653,831,3369,94,37,0,2
1.6,1393,0,182371312,779,99,37,4,28,0.036170,832,3362,94,37,0,2
1.6,1394,0,182438816,779,99,37,4,27,0.037390,838,3364,94,37,0,2
1.6,1395,0,182496000,779,99,37,4,26,0.037807,843,3361,94,37,0,2
1.6,1396,0,182553240,779,99,37,4,26,0.038239,842,3370,92,33,0,3
1.6,1397,0,182602296,779,99,37,4,26,0.038723,843,3373,92,33,0,3
1.6,1398,0,181099352,780,99,37,4,26,0.038322,843,3372,92,33,0,3
1.6,1399,0,181156256,780,99,37,4,26,0.037816,845,3366,92,33,0,3
1.6,1400,0,181188960,780,99,37,4,26,0.038109,847,3355,92,33,0,3
1.6,1401,0,181256512,780,99,37,4,27,0.037720,847,3355,92,33,0,3
1.6,1402,0,181297360,780,99,37,4,26,0.038000,844,3367,92,33,0,3
1.6,1403,0,181353488,780,99,37,4,26,0.038773,836,3369,94,34,0,2
1.6,1404,0,181418896,780,99,37,4,26,0.038240,837,3366,94,34,0,2
1.6,1405,0,181451544,780,99,37,4,26,0.037967,847,3386,94,34,0,2
1.6,1406,0,181492368,780,99,37,4,27,0.036771,848,3360,94,34,0,2
1.6,1407,0,181533192,780,99,37,4,27,0.036410,856,3352,94,34,0,2
1.6,1408,0,181608904,780,99,37,4,27,0.037193,848,3324,94,34,0,2
1.6,1409,0,181657920,780,99,37,4,27,0.037139,846,3310,94,34,0,2
1.6,1410,0,181698816,780,99,37,4,27,0.036823,807,3308,94,35,0,1
1.6,1411,0,181747744,780,99,37,4,27,0.037432,803,3297,94,35,0,1
1.6,1412,0,181788616,780,99,37,4,27,0.037131,747,3281,94,35,0,1
1.6,1413,0,181837688,780,99,37,4,27,0.036641,622,3078,94,35,0,1
1.6,1414,0,181862264,780,99,37,4,28,0.036067,512,2006,94,35,0,1
1.6,1415,0,181911248,780,99,37,4,29,0.034257,491,1757,94,35,0,1
1.6,1416,0,181983896,780,99,37,4,30,0.033870,481,1734,94,35,0,1
1.6,1417,0,182041088,780,99,37,4,30,0.033279,482,1726,94,35,0,1
1.6,1418,0,182081720,780,99,37,4,32,0.031557,530,1749,91,31,0,2
1.6,1419,0,182130760,780,99,37,4,32,0.031291,539,1658,91,31,0,2
1.6,1420,0,182171528,780,99,37,4,33,0.030479,546,1587,91,31,0,2
1.6,1421,0,182204184,780,99,37,4,34,0.029124,571,1571,91,31,0,2
1.6,1422,0,182253080,780,99,37,4,35,0.028190,565,1562,91,31,0,2
1.6,1423,0,182285768,780,99,37,4,37,0.027118,665,1526,91,31,0,2
1.6,1424,0,182343000,780,99,37,4,38,0.026522,664,1528,91,31,0,2
1.6,1425,0,182375688,780,99,37,4,37,0.026688,660,1514,91,31,0,2
1.6,1426,0,182449632,780,99,37,4,38,0.026513,660,1514,91,31,0,2
1.6,1427,0,182490520,780,99,37,4,38,0.026311,660,1514,96,46,0,2
1.6,1428,0,182531368,780,99,37,4,38,0.026072,660,1514,96,46,0,2
1.6,1429,0,182564032,780,99,37,4,39,0.025530,660,1514,96,46,0,2
1.6,1430,0,182596632,780,99,37,4,39,0.025364,660,1514,96,46,0,2
1.6,1431,0,181140752,781,99,37,4,40,0.024939,656,1513,96,46,0,2
1.6,1432,0,181173496,781,99,37,4,40,0.025288,656,1513,96,46,0,2
1.6,1433,0,181214248,781,99,37,4,39,0.025603,656,1513,96,46,0,2
1.6,1434,0,181263288,781,99,37,4,40,0.025279,656,1513,96,46,0,2
1.6,1435,0,181295920,781,99,37,4,39,0.025353,656,1513,96,46,0,2
1.6,1436,0,181352280,781,99,37,4,39,0.025537,656,1513,96,46,0,2
1.6,1437,0,181392680,781,99,37,4,39,0.025451,656,1513,95,45,0,2
1.6,1438,0,181457664,781,99,37,4,39,0.025706,651,1513,95,45,0,2
1.6,1439,0,181490200,781,99,37,4,39,0.025958,651,1513,95,45,0,2
1.6,1440,0,181522848,781,99,37,4,38,0.026352,651,1513,95,45,0,2
1.6,1441,0,181571872,781,99,37,4,38,0.026231,651,1513,95,45,0,2
1.6,1442,0,181604544,781,99,37,4,38,0.026333,651,1513,95,45,0,2
1.6,1443,0,181653552,781,99,37,4,39,0.025697,651,1513,95,45,0,2
1.6,1444,0,181686224,781,99,37,4,38,0.026011,651,1513,95,45,0,2
1.6,1445,0,181727112,781,99,37,4,38,0.026256,651,1513,95,45,0,2
1.6,1446,0,181800528,781,99,37,4,39,0.025629,651,1513,95,45,0,2
1.6,1447,0,181841088,781,99,37,4,39,0.025585,651,1513,95,42,0,2
1.6,1448,0,181898168,781,99,37,4,38,0.026349,651,1513,95,42,0,2
1.6,1449,0,181930880,781,99,37,4,39,0.025492,651,1513,95,42,0,2
1.6,1450,0,181979848,781,99,37,4,39,0.025356,651,1513,95,42,0,2
1.6,1451,0,182004400,781,99,37,4,38,0.026003,651,1513,95,42,0,2
1.6,1452,0,182045200,781,99,37,4,39,0.025441,651,1513,95,42,0,2
1.6,1453,0,182085992,781,99,37,4,39,0.025840,651,1513,95,42,0,2
1.6,1454,0,182118680,781,99,37,4,40,0.025222,651,1513,95,42,0,2
1.6,1455,0,182167576,781,99,37,4,39,0.025321,651,1513,95,42,0,2
1.6,1456,0,182208400,781,99,37,4,39,0.025937,651,1513,95,42,0,2
1.6,1457,0,182249272,781,99,37,4,38,0.026079,651,1513,90,37,0,2
1.6,1458,0,182306208,781,99,37,4,39,0.025444,651,1513,90,37,0,2
1.6,1459,0,182338888,781,99,37,4,38,0.026288,651,1513,90,37,0,2
1.6,1460,0,182387824,781,99,37,4,39,0.025709,651,1513,90,37,0,2
1.6,1461,0,182428712,781,99,37,4,39,0.025664,651,1513,90,37,0,2
1.6,1462,0,182477752,781,99,37,4,38,0.026382,651,1513,90,37,0,2
1.6,1463,0,182510440,781,99,37,4,39,0.025910,651,1513,90,37,0,2
1.6,1464,0,182551272,781,99,37,4,38,0.026381,651,1513,90,37,0,2
1.6,1465,0,182592144,781,99,37,4,38,0.026205,651,1513,90,37,0,2
1.6,1466,0,182665664,781,99,37,4,39,0.025772,651,1513,90,37,0,2
1.6,1467,0,182698344,781,99,37,4,39,0.025927,651,1513,95,44,1,2
1.6,1468,0,181167968,782,99,37,4,38,0.026118,651,1513,95,44,1,2
1.6,1469,0,181217056,782,99,37,4,38,0.026182,651,1513,95,44,1,2
1.6,1470,0,181249736,782,99,37,4,38,0.026073,651,1513,95,44,1,2
1.6,1471,0,181282408,782,99,37,4,39,0.025868,651,1513,95,44,1,2
1.6,1472,0,181347800,782,99,37,4,40,0.025255,651,1513,95,44,1,2
1.6,1473,0,181380496,782,99,37,4,39,0.025613,651,1513,95,44,1,2
1.6,1474,0,181421152,782,99,37,4,39,0.025822,651,1513,95,44,1,2
1.6,1475,0,181461968,782,99,37,4,39,0.025582,651,1513,95,44,1,2
1.6,1476,0,181535840,782,99,37,4,39,0.025838,651,1513,95,44,1,2
1.6,1477,0,181576336,782,99,37,4,40,0.025297,651,1513,95,47,0,2
1.6,1478,0,181641696,782,99,37,4,40,0.025185,651,1513,95,47,0,2
1.6,1479,0,181674360,782,99,37,4,41,0.024634,651,1513,95,47,0,2
1.6,1480,0,181760096,782,99,37,4,40,0.025138,653,1513,95,47,0,2
1.6,1481,0,181800808,782,99,37,4,39,0.025707,653,1513,95,47,0,2
1.6,1482,0,181833344,782,99,37,4,38,0.026411,653,1513,95,47,0,2
1.6,1483,0,181882376,782,99,37,4,38,0.026060,653,1513,95,47,0,2
1.6,1484,0,181923184,782,99,37,4,38,0.026037,653,1513,95,47,0,2
1.6,1485,0,181955872,782,99,37,4,38,0.026116,653,1513,95,47,0,2
1.6,1486,0,182039480,782,99,37,4,38,0.026050,653,1513,95,47,0,2
1.6,1487,0,182080224,782,99,37,4,38,0.026325,653,1513,95,51,0,3
1.6,1488,0,182129232,782,99,37,4,38,0.026655,653,1513,95,51,0,3
1.6,1489,0,182161888,782,99,37,4,38,0.026645,653,1513,95,51,0,3
1.6,1490,0,182210904,782,99,37,4,37,0.026704,653,1513,95,51,0,3
1.6,1491,0,182251752,782,99,37,4,38,0.026527,653,1513,95,51,0,3
1.6,1492,0,182284440,782,99,37,4,39,0.025793,653,1513,95,51,0,3
1.6,1493,0,182341696,782,99,37,4,38,0.026370,653,1513,95,51,0,3
1.6,1494,0,182366272,782,99,37,4,38,0.026567,653,1513,95,51,0,3
1.6,1495,0,182435656,782,99,37,4,38,0.026339,653,1513,95,51,0,3
1.6,1496,0,182507760,782,99,37,4,38,0.026566,653,1513,95,51,0,3
1.6,1497,0,182556280,782,99,37,4,38,0.026450,653,1513,95,48,0,2
1.6,1498,0,182605224,782,99,37,4,37,0.026750,653,1513,95,48,0,2
1.6,1499,0,182646056,782,99,37,4,38,0.026557,653,1513,95,48,0,2
1.6,1500,0,182678680,782,99,37,4,38,0.026297,653,1513,95,48,0,2
1.6,1501,0,181171640,783,99,37,4,38,0.026372,653,1513,95,48,0,2
1.6,1502,0,181220752,783,99,37,4,38,0.026541,653,1513,95,48,0,2
1.6,1503,0,181261648,783,99,37,4,38,0.026526,653,1513,95,48,0,2
1.6,1504,0,181310696,783,99,37,4,39,0.025840,653,1513,95,48,0,2
1.6,1505,0,181343160,783,99,37,4,38,0.026205,653,1513,95,48,0,2
1.6,1506,0,181407808,783,99,37,4,38,0.026031,653,1513,95,48,0,2
1.6,1507,0,181448680,783,99,37,4,38,0.026188,653,1513,94,41,0,2
1.6,1508,0,181489560,783,99,37,4,40,0.025167,653,1513,94,41,0,2
1.6,1509,0,181538560,783,99,37,4,39,0.025437,653,1513,94,41,0,2
1.6,1510,0,181571264,783,99,37,4,40,0.025294,653,1513,94,41,0,2
1.6,1511,0,181620176,783,99,37,4,40,0.025228,653,1513,94,41,0,2
1.6,1512,0,181652864,783,99,37,4,40,0.024964,653,1513,94,41,0,2
1.6,1513,0,181701832,783,99,37,4,40,0.024922,653,1513,94,41,0,2
1.6,1514,0,181734424,783,99,37,4,39,0.025880,653,1513,94,41,0,2
1.6,1515,0,181791488,783,99,37,4,39,0.025619,653,1513,94,41,0,2
1.6,1516,0,181842008,783,99,37,4,39,0.025563,653,1513,94,41,0,2
1.6,1517,0,181899024,783,99,37,4,40,0.025107,653,1513,95,44,0,2
1.6,1518,0,181948080,783,99,37,4,39,0.025791,653,1513,95,44,0,2
1.6,1519,0,181980760,783,99,37,4,39,0.025874,653,1513,95,44,0,2
1.6,1520,0,182037928,783,99,37,4,38,0.026475,653,1517,95,44,0,2
1.6,1521,0,182070608,783,99,37,4,38,0.026360,652,1516,95,44,0,2
1.6,1522,0,182111440,783,99,37,4,37,0.026788,652,1516,95,44,0,2
1.6,1523,0,182144112,783,99,37,4,38,0.026495,652,1516,95,44,0,2
1.6,1524,0,182184968,783,99,37,4,39,0.025901,652,1516,95,44,0,2
1.6,1525,0,182234008,783,99,37,4,38,0.026380,652,1515,95,44,0,2
1.6,1526,0,182308080,783,99,37,4,38,0.025982,652,1514,95,44,0,2
1.6,1527,0,182348832,783,99,37,4,38,0.026506,652,1514,96,44,0,2
1.6,1528,0,182389512,783,99,37,4,37,0.026825,652,1512,96,44,0,2
1.6,1529,0,182438488,783,99,37,4,37,0.026912,652,1512,96,44,0,2
1.6,1530,0,182479272,783,99,37,4,38,0.026174,652,1512,96,44,0,2
1.6,1531,0,182511976,783,99,37,4,38,0.026032,652,1512,96,44,0,2
1.6,1532,0,182560968,783,99,37,4,39,0.025809,652,1512,96,44,0,2
1.6,1533,0,182593640,783,99,37,4,39,0.025924,652,1512,96,44,0,2
1.6,1534,0,182642704,783,99,37,4,38,0.026332,652,1512,96,44,0,2
1.6,1535,0,182675376,783,99,37,4,38,0.026475,652,1512,96,44,0,2
1.6,1536,0,181184120,784,99,37,4,38,0.026634,654,1513,96,44,0,2
1.6,1537,0,181225032,784,99,37,4,37,0.026707,646,1513,92,40,0,2
1.6,1538,0,181265896,784,99,37,4,38,0.026282,648,1515,92,40,0,2
1.6,1539,0,181314856,784,99,37,4,38,0.026662,592,1550,92,40,0,2
1.6,1540,0,181371720,784,99,37,4,37,0.026779,560,1561,92,40,0,2
1.6,1541,0,181396272,784,99,37,4,37,0.027145,565,1563,92,40,0,2
1.6,1542,0,181437064,784,99,37,4,36,0.027429,537,1590,92,40,0,2
1.6,1543,0,181486080,784,99,37,4,36,0.027523,535,1658,92,40,0,2
1.6,1544,0,181518784,784,99,37,4,37,0.027154,543,1757,92,40,0,2
1.6,1545,0,181559624,784,99,37,4,37,0.027100,492,1703,92,40,0,2
1.6,1546,0,181633104,784,99,37,4,36,0.027532,490,1723,92,40,0,2
1.6,1547,0,181690280,784,99,37,4,36,0.027407,494,1736,96,52,0,1
1.6,1548,0,181731136,784,99,37,4,37,0.027364,492,1750,96,52,0,1
1.6,1549,0,181763688,784,99,37,4,37,0.026767,492,1750,96,52,0,1
1.6,1550,0,181812680,784,99,37,4,37,0.027294,492,1750,96,52,0,1
1.6,1551,0,181845328,784,99,37,4,37,0.027021,492,1750,96,52,0,1
1.6,1552,0,181902464,784,99,37,4,37,0.026808,492,1750,96,52,0,1
1.6,1553,0,181935128,784,99,37,4,38,0.026378,492,1750,96,52,0,1
1.6,1554,0,181967784,784,99,37,4,38,0.026074,492,1750,96,52,0,1
1.6,1555,0,182024992,784,99,37,4,39,0.025479,492,1750,96,52,0,1
1.6,1556,0,182092168,784,99,37,4,39,0.025383,492,1750,96,52,0,1
1.6,1557,0,182141160,784,99,37,4,40,0.025015,492,1750,95,39,0,2
1.6,1558,0,182181920,784,99,37,4,40,0.024960,492,1750,95,39,0,2
1.6,1559,0,182230864,784,99,37,4,40,0.025087,495,1753,95,39,0,2
1.6,1560,0,182271712,784,99,37,4,40,0.025135,495,1753,95,39,0,2
1.6,1561,0,182320728,784,99,37,4,39,0.025491,495,1753,95,39,0,2
1.6,1562,0,182353440,784,99,37,4,39,0.025786,495,1753,95,39,0,2
1.6,1563,0,182402392,784,99,37,4,39,0.025950,495,1753,95,39,0,2
1.6,1564,0,182435096,784,99,37,4,38,0.026653,495,1753,95,39,0,2
1.6,1565,0,182557184,784,99,37,4,37,0.027133,495,1753,95,39,0,2
1.6,1566,0,183442568,786,99,37,4,36,0.027639,495,1753,95,39,0,2
1.6,1567,0,183491480,786,99,37,4,35,0.028462,495,1753,98,54,0,2
1.6,1568,0,183532384,786,99,37,4,35,0.028647,495,1753,98,54,0,2
1.6,1569,0,183565048,786,99,37,4,35,0.028810,495,1753,98,54,0,2
1.6,1570,0,183622040,786,99,37,4,35,0.028612,495,1753,98,54,0,2
1.6,1571,0,183654744,786,99,37,4,36,0.027792,495,1753,98,54,0,2
1.6,1572,0,183703720,786,99,37,4,36,0.027724,495,1753,98,54,0,2
1.6,1573,0,183736392,786,99,37,4,35,0.028397,495,1753,98,54,0,2
1.6,1574,0,183793616,786,99,37,4,36,0.027625,495,1753,98,54,0,2
1.6,1575,0,183826288,786,99,37,4,36,0.027686,495,1753,98,54,0,2
1.6,1576,0,183910152,786,99,37,4,37,0.027267,495,1753,94,41,0,2
1.6,1577,0,183958896,786,99,37,4,37,0.026857,495,1753,94,41,0,2
1.6,1578,0,183999728,786,99,37,4,38,0.026327,495,1753,94,41,0,2
1.6,1579,0,184040616,786,99,37,4,38,0.026262,495,1753,94,41,0,2
1.6,1580,0,184073280,786,99,37,4,38,0.026072,495,1753,94,41,0,2
1.6,1581,0,184122296,786,99,37,4,38,0.026633,495,1753,94,41,0,2
1.6,1582,0,184154984,786,99,37,4,37,0.027091,495,1753,94,41,0,2
1.6,1583,0,184203920,786,99,37,4,37,0.026976,495,1753,94,41,0,2
1.6,1584,0,184244760,786,99,37,4,37,0.026907,495,1753,94,41,0,2
1.6,1585,0,184277456,786,99,37,4,37,0.026672,495,1753,94,41,0,2
1.6,1586,0,184367576,786,99,37,4,37,0.026989,495,1753,91,39,0,2
1.6,1587,0,184408448,786,99,37,4,38,0.026343,495,1753,91,39,0,2
1.6,1588,0,184555776,786,99,37,4,36,0.027537,492,1751,91,39,0,2
1.6,1589,0,184711008,786,99,37,4,34,0.029094,492,1751,91,39,0,2
1.6,1590,0,184760080,786,99,37,4,32,0.031241,1125,3484,91,39,0,2
1.6,1591,0,184800936,786,99,37,4,30,0.033289,1125,3484,91,39,0,2
1.6,1592,0,184858152,786,99,37,4,29,0.034493,1125,3484,91,39,0,2
1.6,1593,0,184922040,786,99,37,4,28,0.036025,1125,3484,91,39,0,2
1.6,1594,0,184962920,786,99,37,4,26,0.037919,1125,3484,93,38,0,2
1.6,1595,0,185028328,786,99,37,4,25,0.039617,1125,3484,93,38,0,2
1.6,1596,0,185085496,786,99,37,4,24,0.041000,1125,3484,93,38,0,2
1.6,1597,0,185126384,786,99,37,4,23,0.042820,1125,3484,93,38,0,2
1.6,1598,0,185167128,786,99,37,4,23,0.042752,1125,3484,93,38,0,2
1.6,1599,0,182119896,787,100,37,4,23,0.043147,1125,3484,93,38,0,2
1.6,1600,0,182195680,787,100,37,4,23,0.042719,1125,3484,90,32,0,1
1.6,1601,0,182261088,787,100,37,4,24,0.041506,1125,3484,90,32,0,1
1.6,1602,0,182309944,787,100,37,4,24,0.041444,1125,3484,90,32,0,1
1.6,1603,0,182350728,787,100,37,4,25,0.040350,1125,3484,90,32,0,1
1.6,1604,0,182399736,787,100,37,4,24,0.040867,1125,3484,90,32,0,1
1.6,1605,0,182440552,787,100,37,4,25,0.040431,1125,3484,90,32,0,1
1.6,1606,0,182489584,787,100,37,4,25,0.039895,1125,3484,90,32,0,1
1.6,1607,0,182573264,787,100,37,4,25,0.039714,1125,3484,93,35,0,2
1.6,1608,0,182614096,787,100,37,4,25,0.040337,1125,3484,93,35,0,2
1.6,1609,0,182671304,787,100,37,4,25,0.040438,1125,3484,93,35,0,2
1.6,1610,0,182728528,787,100,37,4,25,0.040806,1125,3484,93,35,0,2
1.6,1611,0,182769432,787,100,37,4,25,0.040554,1125,3484,93,35,0,2
1.6,1612,0,182818400,787,100,37,4,24,0.040956,1125,3484,93,35,0,2
1.6,1613,0,182900600,787,100,37,4,24,0.041885,1129,3486,93,35,0,2
1.6,1614,0,182949208,787,100,37,4,24,0.041812,1126,3483,89,25,0,1
1.6,1615,0,183006480,787,100,37,4,24,0.041531,1322,3480,89,25,0,1
1.6,1616,0,183063608,787,100,37,4,24,0.042255,1352,3475,89,25,0,1
1.6,1617,0,183104376,787,100,37,4,24,0.041803,1417,3478,89,25,0,1
1.6,1618,0,183145088,787,100,37,4,24,0.042205,1427,3473,89,25,0,1
1.6,1619,0,183202264,787,100,37,4,24,0.041586,1432,3494,89,25,0,1
1.6,1620,0,183293760,787,100,37,4,24,0.041758,1432,3494,92,29,0,2
1.6,1621,0,183334568,787,100,37,4,23,0.043135,1432,3494,92,29,0,2
1.6,1622,0,183416392,787,100,37,4,23,0.042987,1432,3494,92,29,0,2
1.6,1623,0,183457272,787,100,37,4,23,0.042846,1432,3494,92,29,0,2
1.6,1624,0,183498040,787,100,37,4,24,0.042036,1432,3494,92,29,0,2
1.6,1625,0,183555176,787,100,37,4,23,0.043213,1432,3494,92,29,0,2
1.6,1626,0,183647256,787,100,37,4,23,0.043200,1432,3494,88,31,0,2
1.6,1627,0,182163096,788,100,37,4,23,0.043349,1432,3494,88,31,0,2
1.6,1628,0,182203992,788,100,37,4,23,0.042894,1432,3494,88,31,0,2
1.6,1629,0,182269360,788,100,37,4,23,0.043281,1432,3494,88,31,0,2
1.6,1630,0,182302048,788,100,37,4,24,0.042143,1432,3494,88,31,0,2
1.6,1631,0,182334816,788,100,37,4,24,0.041455,1432,3498,88,31,0,2
1.6,1632,0,182400072,788,100,37,4,24,0.041579,1432,3498,94,36,0,2
1.6,1633,0,182492192,788,100,37,4,24,0.041066,1432,3498,94,36,0,2
1.6,1634,0,182557136,788,100,37,4,24,0.042131,1432,3498,94,36,0,2
1.6,1635,0,182614352,788,100,37,4,24,0.041479,1432,3498,94,36,0,2
1.6,1636,0,182663360,788,100,37,4,24,0.040943,1432,3496,94,36,0,2
1.6,1637,0,182704224,788,100,37,4,24,0.041543,1432,3495,94,36,0,2
1.6,1638,0,182761400,788,100,37,4,24,0.042455,1432,3494,94,36,0,2
1.6,1639,0,182826776,788,100,37,4,24,0.042266,1432,3494,95,36,0,1
1.6,1640,0,182867664,788,100,37,4,24,0.042170,1432,3494,95,36,0,1
1.6,1641,0,182924888,788,100,37,4,24,0.042504,1432,3494,95,36,0,1
1.6,1642,0,182973888,788,100,37,4,24,0.041482,1432,3494,95,36,0,1
1.6,1643,0,183014792,788,100,37,4,24,0.041840,1432,3494,95,36,0,1
1.6,1644,0,183055608,788,100,37,4,24,0.041735,1432,3494,95,36,0,1
1.6,1645,0,183112784,788,100,37,4,24,0.041764,1432,3494,92,31,0,2
1.6,1646,0,183203472,788,100,37,4,24,0.041821,1432,3494,92,31,0,2
1.6,1647,0,183252312,788,100,37,4,24,0.042088,1432,3494,92,31,0,2
1.6,1648,0,183293192,788,100,37,4,24,0.041383,1440,3502,92,31,0,2
1.6,1649,0,183334080,788,100,37,4,24,0.041045,1440,3502,92,31,0,2
1.6,1650,0,183391272,788,100,37,4,24,0.042082,1440,3502,92,31,0,2
1.6,1651,0,183440352,788,100,37,4,24,0.042161,1451,3502,93,31,0,2
1.6,1652,0,183489408,788,100,37,4,24,0.041795,1451,3502,93,31,0,2
1.6,1653,0,183589200,788,100,37,4,24,0.042141,1451,3502,93,31,0,2
1.6,1654,0,183637928,788,100,37,4,24,0.042079,1451,3502,93,31,0,2
1.6,1655,0,183678704,789,100,37,4,24,0.041513,1448,3502,93,31,0,2
1.6,1656,0,182154376,789,100,37,4,24,0.042054,1450,3502,93,31,0,2
1.6,1657,0,182219784,789,100,37,4,24,0.041861,1450,3502,96,44,0,1
1.6,1658,0,182285224,789,100,37,4,24,0.041902,1450,3502,96,44,0,1
1.6,1659,0,182360504,789,100,37,4,23,0.042938,1450,3502,96,44,0,1
1.6,1660,0,182417728,789,100,37,4,24,0.042121,1450,3502,96,44,0,1
1.6,1661,0,182458440,789,100,37,4,24,0.041268,1454,3506,96,44,0,1
1.6,1662,0,182491208,789,100,37,4,24,0.042303,1451,3506,96,44,0,1
1.6,1663,0,182556528,789,100,37,4,24,0.042098,1451,3506,91,30,0,1
1.6,1664,0,182613704,789,100,37,4,24,0.041483,1451,3506,91,30,0,1
1.6,1665,0,182654576,789,100,37,4,24,0.042441,1451,3506,91,30,0,1
1.6,1666,0,182711760,789,100,37,4,24,0.041749,1451,3506,91,30,0,1
1.6,1667,0,182785216,789,100,37,4,24,0.041341,1451,3506,91,30,0,1
1.6,1668,0,182826080,789,100,37,4,24,0.041714,1451,3506,91,30,0,1
1.6,1669,0,182883312,789,100,37,4,25,0.040394,1451,3506,91,30,0,1
1.6,1670,0,182948688,789,100,37,4,24,0.041124,1451,3506,91,35,0,3
1.6,1671,0,182997768,789,100,37,4,24,0.041262,1451,3506,91,35,0,3
1.6,1672,0,183055000,789,100,37,4,24,0.041343,1450,3506,91,35,0,3
1.6,1673,0,183136640,789,100,37,4,24,0.041607,1450,3506,91,35,0,3
1.6,1674,0,183177408,789,100,37,4,24,0.041044,1450,3506,91,35,0,3
1.6,1675,0,183234640,789,100,37,4,24,0.041123,1450,3506,91,35,0,3
1.6,1676,0,183291832,789,100,37,4,24,0.041641,1450,3506,91,35,0,3
1.6,1677,0,183357152,789,100,37,4,24,0.041407,1450,3506,94,35,0,2
1.6,1678,0,183430664,789,100,37,4,24,0.041245,1450,3506,94,35,0,2
1.6,1679,0,183487816,789,100,37,4,24,0.041624,1450,3506,94,35,0,2
1.6,1680,0,183570232,789,100,37,4,24,0.041947,1450,3506,94,35,0,2
1.6,1681,0,183627368,789,100,37,4,24,0.042056,1450,3506,94,35,0,2
1.6,1682,0,183660048,789,100,37,4,24,0.042321,1450,3506,94,35,0,2
1.6,1683,0,182175944,790,100,37,4,24,0.042381,1450,3506,92,27,0,2
1.6,1684,0,182241280,790,100,37,4,23,0.043475,1450,3506,92,27,0,2
1.6,1685,0,182282016,790,100,37,4,24,0.042369,1450,3506,92,27,0,2
1.6,1686,0,182363696,790,100,37,4,24,0.042367,1450,3506,92,27,0,2
1.6,1687,0,182420896,790,100,37,4,23,0.043835,1450,3506,92,27,0,2
1.6,1688,0,182478088,790,100,37,4,23,0.043851,1450,3506,92,27,0,2
1.6,1689,0,182535328,790,100,37,4,23,0.044410,1450,3506,95,30,0,2
1.6,1690,0,182592152,790,100,37,4,23,0.043518,1450,3506,95,30,0,2
1.6,1691,0,182649264,790,100,37,4,22,0.044753,1450,3506,95,30,0,2
1.6,1692,0,182714656,790,100,37,4,22,0.044923,1450,3506,95,30,0,2
1.6,1693,0,182755424,790,100,37,4,22,0.044931,1450,3506,95,30,0,2
1.6,1694,0,182820736,790,100,37,4,22,0.044647,1450,3506,95,30,0,2
1.6,1695,0,182885840,790,100,37,4,22,0.045795,1450,3506,93,26,0,2
1.6,1696,0,182926712,790,100,37,4,22,0.045853,1450,3506,93,26,0,2
1.6,1697,0,182983896,790,100,37,4,23,0.044415,1450,3506,93,26,0,2
1.6,1698,0,183041040,790,100,37,4,22,0.045154,1450,3506,93,26,0,2
1.6,1699,0,183098232,790,100,37,4,23,0.044410,1450,3506,93,26,0,2
1.6,1700,0,183147016,790,100,37,4,22,0.045032,1450,3506,93,26,0,2
1.6,1701,0,183187448,790,100,37,4,23,0.044248,1450,3506,94,33,0,3
1.6,1702,0,183236424,790,100,37,4,23,0.043443,1450,3506,94,33,0,3
1.6,1703,0,183285464,790,100,37,4,23,0.043490,1450,3506,94,33,0,3
1.6,1704,0,183317928,790,100,37,4,23,0.042889,1450,3506,94,33,0,3
1.6,1705,0,183383304,790,100,37,4,24,0.042498,1450,3506,94,33,0,3
1.6,1706,0,183432176,790,100,37,4,24,0.042544,1450,3506,94,33,0,3
1.6,1707,0,183473008,790,100,37,4,23,0.042576,1450,3506,95,38,0,2
1.6,1708,0,183521960,790,100,37,4,24,0.042448,1450,3506,95,38,0,2
1.6,1709,0,183570776,790,100,37,4,24,0.042237,1450,3506,95,38,0,2
1.6,1710,0,183603480,790,100,37,4,24,0.041771,1450,3506,95,38,0,2
1.6,1711,0,183660480,790,100,37,4,24,0.042283,1450,3506,95,38,0,2
1.6,1712,0,182149616,791,100,37,4,23,0.043009,1450,3506,95,38,0,2
1.6,1713,0,182190176,791,100,37,4,24,0.042351,1450,3506,94,29,0,3
1.6,1714,0,182247312,791,100,37,4,23,0.043220,1450,3506,94,29,0,3
1.6,1715,0,182304440,791,100,37,4,23,0.043512,1450,3506,94,29,0,3
1.6,1716,0,182353472,791,100,37,4,24,0.042354,1450,3506,94,29,0,3
1.6,1717,0,182394272,791,100,37,4,23,0.042887,1450,3506,94,29,0,3
1.6,1718,0,182443160,791,100,37,4,24,0.041633,1450,3506,94,29,0,3
1.6,1719,0,182500384,791,100,37,4,24,0.042427,1450,3506,96,36,0,3
1.6,1720,0,182565384,791,100,37,4,23,0.043079,1450,3506,96,36,0,3
1.6,1721,0,182630720,791,100,37,4,23,0.042712,1450,3506,96,36,0,3
1.6,1722,0,182679584,791,100,37,4,24,0.042529,1450,3506,96,36,0,3
1.6,1723,0,182712288,791,100,37,4,24,0.042174,1450,3506,96,36,0,3
1.6,1724,0,182761328,791,100,37,4,24,0.042437,1450,3506,96,36,0,3
1.6,1725,0,182826520,791,100,37,4,23,0.042598,1450,3506,93,39,0,2
1.6,1726,0,182883728,791,100,37,4,23,0.043923,1450,3506,93,39,0,2
1.6,1727,0,182924336,791,100,37,4,22,0.045924,1450,3506,93,39,0,2
1.6,1728,0,182973416,791,100,37,4,21,0.048344,1450,3506,93,39,0,2
1.6,1729,0,183047008,791,100,37,4,20,0.050392,1450,3506,93,39,0,2
1.6,1730,0,183104248,791,100,37,4,19,0.052922,1450,3506,93,39,0,2
1.6,1731,0,183168976,791,100,37,4,19,0.053944,1450,3506,93,25,0,2
1.6,1732,0,183226176,791,100,37,4,18,0.056423,1450,3506,93,25,0,2
1.6,1733,0,183275072,791,100,37,4,17,0.058875,1450,3506,93,25,0,2
1.6,1734,0,183324000,791,100,37,4,17,0.059115,1450,3506,93,25,0,2
1.6,1735,0,183381208,791,100,37,4,17,0.059937,1450,3506,93,25,0,2
1.6,1736,0,183430248,791,100,37,4,17,0.060318,1450,3506,92,20,0,2
1.6,1737,0,183534936,791,100,37,4,17,0.059495,1450,3506,92,20,0,2
1.6,1738,0,183559512,791,100,37,4,17,0.059830,1450,3506,92,20,0,2
1.6,1739,0,183616648,791,100,37,4,16,0.060949,1450,3506,92,20,0,2
1.6,1740,0,183673832,791,100,37,4,17,0.058383,1450,3506,92,20,0,2
1.6,1741,0,182166912,792,100,37,4,17,0.058186,1450,3506,86,55,0,2
1.6,1742,0,182246784,792,100,37,4,18,0.057079,1450,3506,86,55,0,2
1.6,1743,0,182287672,792,100,37,4,18,0.055849,1450,3506,86,55,0,2
1.6,1744,0,182344760,792,100,37,4,18,0.056465,1450,3506,86,55,0,2
1.6,1745,0,182401880,792,100,37,4,18,0.056203,1450,3506,86,55,0,2
1.6,1746,0,182475376,792,100,37,4,17,0.058008,1453,3506,89,23,0,2
1.6,1747,0,182541704,792,100,37,4,17,0.059667,1453,3506,89,23,0,2
1.6,1748,0,182598840,792,100,37,4,17,0.058336,1453,3506,89,23,0,2
1.6,1749,0,182656072,792,100,37,4,18,0.055791,1453,3506,89,23,0,2
1.6,1750,0,182713088,792,100,37,4,18,0.056819,1453,3506,89,23,0,2
1.6,1751,0,182762168,792,100,37,4,18,0.056453,1453,3501,90,24,0,1
1.6,1752,0,182850608,792,100,37,4,18,0.054936,1453,3501,90,24,0,1
1.6,1753,0,182883160,792,100,37,4,18,0.054838,1453,3500,90,24,0,1
1.6,1754,0,182940344,792,100,37,4,18,0.054255,1458,3505,90,24,0,1
1.6,1755,0,182997464,792,100,37,4,19,0.053088,1458,3505,90,24,0,1
1.6,1756,0,183045440,792,100,37,4,20,0.050602,1458,3505,98,29,0,2
1.6,1757,0,183094520,792,100,37,4,21,0.048107,1458,3505,98,29,0,2
1.6,1758,0,183186616,792,100,37,4,21,0.048572,1458,3505,98,29,0,2
1.6,1759,0,183243832,792,100,37,4,20,0.048948,1458,3505,98,29,0,2
1.6,1760,0,183292520,792,100,37,4,21,0.048171,1458,3505,98,29,0,2
1.6,1761,0,183341560,792,100,37,4,21,0.048453,1458,3505,98,29,0,2
1.6,1762,0,183398576,792,100,37,4,20,0.048817,1458,3505,93,29,0,1
1.6,1763,0,183481784,792,100,37,4,20,0.049980,1460,3505,93,29,0,1
1.6,1764,0,183547000,792,100,37,4,20,0.049986,1471,3505,93,29,0,1
1.6,1765,0,183604176,792,100,37,4,20,0.051089,1471,3505,93,29,0,1
1.6,1766,0,183677080,792,100,37,4,19,0.051296,1471,3505,93,29,0,1
1.6,1767,0,182182616,793,100,37,4,19,0.052109,1471,3505,94,38,0,3
1.6,1768,0,182264472,793,100,37,4,20,0.051147,1473,3505,94,38,0,3
1.6,1769,0,182356304,793,100,37,4,20,0.050830,1473,3505,94,38,0,3
1.6,1770,0,182429888,793,100,37,4,20,0.050463,1473,3509,94,38,0,3
1.6,1771,0,182478896,793,100,37,4,20,0.050080,1473,3509,94,38,0,3
1.6,1772,0,182527968,793,100,37,4,20,0.049053,1473,3508,94,39,0,2
1.6,1773,0,182593328,793,100,37,4,21,0.047632,1473,3506,94,39,0,2
1.6,1774,0,182642344,793,100,37,4,21,0.047145,1473,3505,94,39,0,2
1.6,1775,0,182733976,793,100,37,4,22,0.046473,1473,3505,94,39,0,2
1.6,1776,0,182807512,793,100,37,4,22,0.045271,1473,3505,94,39,0,2
1.6,1777,0,182856592,793,100,37,4,22,0.044632,1473,3505,94,39,0,2
1.6,1778,0,182913360,793,100,37,4,22,0.044741,1473,3505,89,33,0,2
1.6,1779,0,182970504,793,100,37,4,23,0.044160,1473,3505,89,33,0,2
1.6,1780,0,183019576,793,100,37,4,23,0.043225,1473,3505,89,33,0,2
1.6,1781,0,183116256,793,100,37,4,23,0.042732,1473,3505,89,33,0,2
1.6,1782,0,183173480,793,100,37,4,23,0.043402,1473,3505,89,33,0,2
1.6,1783,0,183238808,793,100,37,4,23,0.042858,1461,3501,89,33,0,2
1.6,1784,0,183279704,793,100,37,4,23,0.042946,1461,3501,92,30,0,1
1.6,1785,0,183353352,793,100,37,4,23,0.042842,1461,3501,92,30,0,1
1.6,1786,0,183402264,793,100,37,4,23,0.043027,1461,3501,92,30,0,1
1.6,1787,0,183484984,793,100,37,4,23,0.042693,1461,3501,92,30,0,1
1.6,1788,0,183550400,793,100,37,4,23,0.042609,1461,3501,92,30,0,1
1.6,1789,0,183615744,793,100,37,4,24,0.042515,1456,3501,92,30,0,1
1.6,1790,0,183664488,793,100,37,4,23,0.043472,1456,3501,88,24,0,2
1.6,1791,0,182190672,794,100,37,4,23,0.042558,1453,3501,88,24,0,2
1.6,1792,0,182247944,794,100,37,4,23,0.042704,1453,3501,88,24,0,2
1.6,1793,0,182338128,794,100,37,4,23,0.043513,1453,3501,88,24,0,2
1.6,1794,0,182387112,794,100,37,4,23,0.043520,1453,3501,88,24,0,2
1.6,1795,0,182444280,794,100,37,4,23,0.043615,1457,3503,88,24,0,2
1.6,1796,0,182517408,794,100,37,4,23,0.043470,1457,3503,91,28,0,3
1.6,1797,0,182639544,794,100,37,4,23,0.043481,1457,3503,91,28,0,3
1.6,1798,0,184609976,795,100,37,4,22,0.044998,1457,3503,91,28,0,3
1.6,1799,0,184675312,795,100,37,4,22,0.044960,1457,3503,91,28,0,3
1.6,1800,0,184740472,795,100,37,4,23,0.043899,1457,3503,91,28,0,3
1.6,1801,0,184781304,795,100,37,4,22,0.044706,1457,3503,91,28,0,3
1.6,1802,0,184838488,795,100,37,4,22,0.044667,1457,3503,91,31,0,2
1.6,1803,0,184895664,795,100,37,4,23,0.043692,1457,3503,91,31,0,2
1.6,1804,0,184936520,795,100,37,4,23,0.043521,1457,3503,91,31,0,2
1.6,1805,0,185001960,795,100,37,4,23,0.043492,1457,3503,91,31,0,2
1.6,1806,0,185120240,795,100,37,4,22,0.044817,1457,3503,91,31,0,2
1.6,1807,0,185161136,795,100,37,4,22,0.044735,1457,3503,91,31,0,2
1.6,1808,0,185226312,795,100,37,4,24,0.042078,1456,3502,91,29,0,2
1.6,1809,0,185299888,795,100,37,4,24,0.042130,1456,3502,91,29,0,2
1.6,1810,0,185348872,795,100,37,4,23,0.042573,1456,3500,91,29,0,2
1.6,1811,0,185406056,795,100,37,4,23,0.043422,1456,3500,91,29,0,2
1.6,1812,0,185463208,795,100,37,4,24,0.042448,1456,3500,91,29,0,2
1.6,1813,0,185547160,795,100,37,4,23,0.043462,1456,3500,91,29,0,2
1.6,1814,0,185604408,795,100,37,4,23,0.043562,1456,3500,88,29,0,2
1.6,1815,0,183037120,796,101,37,4,23,0.043605,1456,3500,88,29,0,2
1.6,1816,0,183110784,796,101,37,4,23,0.043146,1456,3500,88,29,0,2
1.6,1817,0,183184304,796,101,37,4,23,0.042742,1456,3500,88,29,0,2
1.6,1818,0,183233376,796,101,37,4,23,0.043995,1467,3500,88,29,0,2
1.6,1819,0,183306872,796,101,37,4,23,0.044126,1467,3500,88,29,0,2
1.6,1820,0,183355584,796,101,37,4,22,0.044886,1467,3500,89,28,0,2
1.6,1821,0,183502888,796,101,37,4,23,0.043302,1476,3503,89,28,0,2
1.6,1822,0,183617280,796,101,37,4,23,0.044345,1478,3503,89,28,0,2
1.6,1823,0,183682640,796,101,37,4,23,0.044367,1478,3503,89,28,0,2
1.6,1824,0,183723536,796,101,37,4,23,0.043461,1478,3503,89,28,0,2
1.6,1825,0,183788872,796,101,37,4,23,0.043473,1478,3503,89,28,0,2
1.6,1826,0,183862416,796,101,37,4,23,0.042616,1478,3503,90,31,0,5
1.6,1827,0,184050064,796,101,37,4,23,0.044390,1478,3503,90,31,0,5
1.6,1828,0,184098936,796,101,37,4,22,0.044986,1476,3503,90,31,0,5
1.6,1829,0,184156184,796,101,37,4,22,0.045760,1476,3503,90,31,0,5
1.6,1830,0,184213408,796,101,37,4,22,0.044742,1476,3503,90,31,0,5
1.6,1831,0,184286928,796,101,37,4,22,0.045853,1476,3503,90,31,0,5
1.6,1832,0,184393264,796,101,37,4,22,0.045106,1478,3503,93,30,0,6
1.6,1833,0,184540424,796,101,37,4,22,0.044605,1478,3503,93,30,0,6
1.6,1834,0,184597512,796,101,37,4,22,0.045586,1478,3503,93,30,0,6
1.6,1835,0,183091616,797,101,37,4,22,0.045965,1478,3503,93,30,0,6
1.6,1836,0,183140624,797,101,37,4,21,0.046834,1478,3503,93,30,0,6
1.6,1837,0,183240816,797,101,37,4,22,0.044916,1478,3503,93,30,0,6
1.6,1838,0,183419408,797,101,37,4,23,0.043764,1478,3503,93,34,0,7
1.6,1839,0,183468480,797,101,37,4,23,0.043153,1482,3507,93,34,0,7
1.6,1840,0,183525672,797,101,37,4,23,0.044114,1482,3507,93,34,0,7
1.6,1841,0,183566552,797,101,37,4,23,0.043200,1481,3507,93,34,0,7
1.6,1842,0,183623608,797,101,37,4,22,0.044828,1481,3507,93,34,0,7
1.6,1843,0,183698152,797,101,37,4,23,0.044419,1481,3507,93,34,0,7
1.6,1844,0,183886464,797,101,37,4,23,0.043541,1481,3507,91,31,0,3
1.6,1845,0,183951912,797,101,37,4,23,0.043468,1482,3508,91,31,0,3
1.6,1846,0,183992712,797,101,37,4,23,0.042851,1482,3507,91,31,0,3
1.6,1847,0,184049944,797,101,37,4,23,0.043405,1482,3507,91,31,0,3
1.6,1848,0,184090824,797,101,37,4,23,0.043945,1482,3507,91,31,0,3
1.6,1849,0,184164696,797,101,37,4,23,0.042827,1482,3513,91,31,0,3
1.6,1850,0,184352936,797,101,37,4,24,0.042334,1482,3513,91,33,0,8
1.6,1851,0,184393816,797,101,37,4,23,0.043044,1482,3513,91,33,0,8
1.6,1852,0,184459000,797,101,37,4,24,0.041860,1482,3513,91,33,0,8
1.6,1853,0,184507960,797,101,37,4,24,0.041685,1482,3512,91,33,0,8
1.6,1854,0,184548808,797,101,37,4,24,0.042369,1482,3510,91,33,0,8
1.6,1855,0,184589608,797,101,37,4,24,0.041542,1482,3509,91,33,0,8
1.6,1856,0,183249608,798,101,37,4,24,0.042373,1482,3509,93,32,0,5
1.6,1857,0,183306808,798,101,37,4,24,0.042272,1482,3509,93,32,0,5
1.6,1858,0,183347640,798,101,37,4,24,0.041037,1482,3509,93,32,0,5
1.6,1859,0,183396640,798,101,37,4,24,0.041857,1482,3509,93,32,0,5
1.6,1860,0,183462016,798,101,37,4,24,0.041264,1482,3509,93,32,0,5
1.6,1861,0,183546016,798,101,37,4,24,0.041507,1482,3511,93,32,0,5
1.6,1862,0,183709664,798,101,37,4,24,0.041814,1482,3511,93,32,0,5
1.6,1863,0,183766744,798,101,37,4,23,0.042790,1484,3515,90,28,0,5
1.6,1864,0,183815808,798,101,37,4,24,0.041795,1484,3515,90,28,0,5
1.6,1865,0,183856696,798,101,37,4,24,0.042202,1484,3515,90,28,0,5
1.6,1866,0,183922112,798,101,37,4,24,0.042410,1484,3518,90,28,0,5
1.6,1867,0,183995864,798,101,37,4,23,0.042788,1484,3518,90,28,0,5
1.6,1868,0,184167752,798,101,37,4,23,0.044009,1484,3518,90,28,0,5
1.6,1869,0,184216800,798,101,37,4,23,0.043926,1484,3518,97,39,0,4
1.6,1870,0,184281920,798,101,37,4,22,0.045125,1484,3519,97,39,0,4
1.6,1871,0,184322792,798,101,37,4,22,0.045188,1484,3519,97,39,0,4
1.6,1872,0,184388192,798,101,37,4,22,0.045265,1484,3519,97,39,0,4
1.6,1873,0,184584192,798,101,37,4,22,0.044704,1554,3519,97,39,0,4
1.6,1874,0,184616888,798,101,37,4,22,0.045745,1554,3520,97,39,0,4
1.6,1875,0,183126896,799,101,37,4,22,0.045985,1552,3520,93,27,0,5
1.6,1876,0,183184152,799,101,37,4,22,0.046137,1552,3520,93,27,0,5
1.6,1877,0,183249520,799,101,37,4,22,0.045420,1552,3520,93,27,0,5
1.6,1878,0,183331328,799,101,37,4,22,0.045505,1552,3520,93,27,0,5
1.6,1879,0,183504392,799,101,37,4,22,0.045738,1552,3520,93,27,0,5
1.6,1880,0,183561584,799,101,37,4,22,0.045344,1552,3520,93,27,0,5
1.6,1881,0,183618688,799,101,37,4,22,0.045095,1552,3520,95,36,0,5
1.6,1882,0,183667736,799,101,37,4,22,0.045000,1552,3520,95,36,0,5
1.6,1883,0,183716544,799,101,37,4,22,0.044843,1552,3497,95,36,0,5
1.6,1884,0,183904320,799,101,37,4,22,0.044965,1549,3497,95,36,0,5
1.6,1885,0,183979960,799,101,37,4,22,0.044714,1549,3497,95,36,0,5
1.6,1886,0,184028896,799,101,37,4,23,0.044406,1549,3497,95,36,0,5
1.6,1887,0,184102048,799,101,37,4,22,0.045234,1552,3500,96,36,0,4
1.6,1888,0,184159024,799,101,37,4,22,0.044769,1552,3500,96,36,0,4
1.6,1889,0,184199896,799,101,37,4,23,0.043960,1552,3500,96,36,0,4
1.6,1890,0,184379944,799,101,37,4,23,0.044423,1551,3500,96,36,0,4
1.6,1891,0,184462448,799,101,37,4,22,0.044566,1551,3500,96,36,0,4
1.6,1892,0,184495000,799,101,37,4,22,0.044736,1551,3500,96,36,0,4
1.6,1893,0,184560424,799,101,37,4,22,0.045306,1551,3500,91,26,0,4
1.6,1894,0,184617552,799,101,37,4,23,0.044170,1551,3500,91,26,0,4
1.6,1895,0,184658416,799,101,37,4,23,0.044005,1551,3500,91,26,0,4
1.6,1896,0,183321344,800,101,37,4,23,0.044262,1577,3513,91,26,0,4
1.6,1897,0,183384520,800,101,37,4,23,0.044160,1577,3513,91,26,0,4
1.6,1898,0,183425216,800,101,37,4,23,0.043163,1577,3513,91,26,0,4
1.6,1899,0,183482504,800,101,37,4,23,0.043752,1577,3513,97,35,0,3
1.6,1900,0,183539712,800,101,37,4,23,0.043338,1577,3513,97,35,0,3
1.6,1901,0,183588616,800,101,37,4,23,0.043114,1577,3513,97,35,0,3
1.6,1902,0,183760584,800,101,37,4,23,0.043146,1577,3513,97,35,0,3
1.6,1903,0,183842480,800,101,37,4,24,0.042326,1577,3514,97,35,0,3
1.6,1904,0,183891432,800,101,37,4,23,0.043276,1577,3514,97,35,0,3
1.6,1905,0,183940472,800,101,37,4,23,0.043795,1583,3517,91,28,0,4
1.6,1906,0,183997696,800,101,37,4,23,0.043452,1585,3517,91,28,0,4
1.6,1907,0,184185960,800,101,37,4,23,0.043455,1585,3517,91,28,0,4
1.6,1908,0,184243136,800,101,37,4,22,0.044818,1585,3519,91,28,0,4
1.6,1909,0,184317936,800,101,37,4,22,0.044991,1585,3520,91,28,0,4
1.6,1910,0,184366920,800,101,37,4,23,0.044019,1585,3520,91,28,0,4
1.6,1911,0,184415704,800,101,37,4,23,0.043910,1587,3522,90,28,0,4
1.6,1912,0,184464752,800,101,37,4,23,0.043847,1587,3522,90,28,0,4
1.6,1913,0,184644856,800,101,37,4,22,0.044925,1587,3521,90,28,0,4
1.6,1914,0,184693952,800,101,37,4,22,0.045094,1587,3521,90,28,0,4
1.6,1915,0,183237048,801,101,37,4,22,0.044758,1587,3521,90,28,0,4
1.6,1916,0,183286024,801,101,37,4,22,0.045233,1587,3521,90,28,0,4
1.6,1917,0,183335064,801,101,37,4,22,0.045200,1587,3521,88,25,0,4
1.6,1918,0,183506904,801,101,37,4,22,0.045266,1587,3521,88,25,0,4
1.6,1919,0,183564064,801,101,37,4,21,0.047513,1587,3525,88,25,0,4
1.6,1920,0,183655784,801,101,37,4,21,0.047828,1587,3525,88,25,0,4
1.6,1921,0,183696672,801,101,37,4,21,0.047485,1587,3525,88,25,0,4
1.6,1922,0,183745664,801,101,37,4,21,0.047489,1587,3525,88,25,0,4
1.6,1923,0,183942080,801,101,37,4,22,0.046305,1587,3525,94,29,0,8
1.6,1924,0,183990968,801,101,37,4,21,0.047429,1587,3525,94,29,0,8
1.6,1925,0,184031808,801,101,37,4,21,0.048079,1587,3525,94,29,0,8
1.6,1926,0,184115696,801,101,37,4,21,0.047762,1587,3525,94,29,0,8
1.6,1927,0,184189048,801,101,37,4,21,0.047016,1587,3525,94,29,0,8
1.6,1928,0,184295240,801,101,37,4,21,0.046838,1587,3525,94,29,0,8
1.6,1929,0,184418032,801,101,37,4,22,0.044978,1587,3529,89,26,0,4
1.6,1930,0,184467112,801,101,37,4,22,0.044738,1587,3529,89,26,0,4
1.6,1931,0,184516008,801,101,37,4,22,0.045596,1587,3529,89,26,0,4
1.6,1932,0,184607840,801,101,37,4,22,0.045480,1587,3527,89,26,0,4
1.6,1933,0,184640528,801,101,37,4,22,0.045655,1587,3527,89,26,0,4
1.6,1934,0,183266312,802,101,37,4,23,0.044267,1587,3525,89,26,0,4
1.6,1935,0,183323496,802,101,37,4,23,0.043437,1587,3525,94,38,0,5
1.6,1936,0,183380552,802,101,37,4,22,0.045416,1587,3525,94,38,0,5
1.6,1937,0,183470664,802,101,37,4,21,0.047952,1587,3525,94,38,0,5
1.6,1938,0,183650768,802,101,37,4,20,0.050424,1587,3525,94,38,0,5
1.6,1939,0,183707784,802,101,37,4,20,0.050901,1587,3525,94,38,0,5
1.6,1940,0,183756616,802,101,37,4,19,0.053497,1587,3525,94,38,0,5
1.6,1941,0,183797520,802,101,37,4,19,0.053358,1587,3525,94,31,0,5
1.6,1942,0,183993920,802,101,37,4,18,0.054267,1593,3527,94,31,0,5
1.6,1943,0,184288488,802,101,37,4,17,0.057374,1596,3527,94,31,0,5
1.6,1944,0,184345656,802,101,37,4,17,0.059576,1682,3574,94,31,0,5
1.6,1945,0,184394680,802,101,37,4,16,0.062830,1682,3574,94,31,0,5
1.6,1946,0,184625360,802,101,37,4,16,0.061044,1682,3574,95,31,0,6
1.6,1947,0,184674352,802,101,37,4,17,0.060556,1682,3574,95,31,0,6
1.6,1948,0,184707096,802,101,37,4,17,0.059726,1677,3569,95,31,0,6
1.6,1949,0,184764200,802,101,37,4,17,0.059321,1677,3569,95,31,0,6
1.6,1950,0,184813064,802,101,37,4,17,0.058754,1677,3569,95,31,0,6
1.6,1951,0,183488208,803,101,37,4,17,0.059216,1677,3569,95,35,0,4
1.6,1952,0,183545432,803,101,37,4,17,0.059588,1677,3569,95,35,0,4
1.6,1953,0,183594456,803,101,37,4,17,0.059105,1677,3569,95,35,0,4
1.6,1954,0,183651632,803,101,37,4,17,0.057712,1677,3571,95,35,0,4
1.6,1955,0,183831448,803,101,37,4,18,0.054823,1677,3571,95,35,0,4
1.6,1956,0,183921304,803,101,37,4,18,0.054560,1677,3573,93,38,0,5
1.6,1957,0,184278104,803,101,37,4,19,0.052968,1677,3573,93,38,0,5
1.6,1958,0,184318840,803,101,37,4,19,0.051326,1350,3513,93,38,0,5
1.6,1959,0,184351536,803,101,37,4,20,0.050612,1350,3513,93,38,0,5
1.6,1960,0,184392400,803,101,37,4,21,0.048777,1376,3526,93,38,0,5
1.6,1961,0,184465928,803,101,37,4,21,0.047839,1376,3526,98,35,0,5
1.6,1962,0,184621448,803,101,37,4,22,0.046258,1376,3526,98,35,0,5
1.6,1963,0,184670272,803,101,37,4,23,0.043930,1376,3526,98,35,0,5
1.6,1964,0,184702752,803,101,37,4,23,0.042925,1376,3526,98,35,0,5
1.6,1965,0,184882728,803,101,37,4,24,0.042217,1376,3526,98,35,0,5
1.6,1966,0,184939944,803,101,37,4,24,0.042104,1376,3526,98,35,0,5
1.6,1967,0,183606320,804,101,37,4,24,0.042247,1376,3526,95,39,0,10
1.6,1968,0,183682080,804,101,37,4,24,0.042010,1376,3526,95,39,0,10
1.6,1969,0,183731056,804,101,37,4,24,0.041258,1376,3526,95,39,0,10
1.6,1970,0,183763616,804,101,37,4,24,0.041706,1379,3529,95,39,0,10
1.6,1971,0,183796304,804,101,37,4,24,0.042070,1379,3529,95,39,0,10
1.6,1972,0,183853512,804,101,37,4,24,0.041651,1379,3529,95,39,0,10
1.6,1973,0,183976168,804,101,37,4,24,0.041982,1379,3529,95,34,0,4
1.6,1974,0,184082192,804,101,37,4,24,0.042410,1379,3529,95,34,0,4
1.6,1975,0,184139392,804,101,37,4,24,0.042362,1380,3529,95,34,0,4
1.6,1976,0,184180256,804,101,37,4,24,0.041829,1380,3529,95,34,0,4
1.6,1977,0,184212880,804,101,37,4,24,0.042044,1380,3529,95,34,0,4
1.6,1978,0,184384808,804,101,37,4,24,0.042223,1383,3529,95,34,0,4
1.6,1979,0,184572880,804,101,37,4,23,0.043049,1383,3529,93,29,0,6
1.6,1980,0,184648456,804,101,37,4,23,0.043236,1383,3529,93,29,0,6
1.6,1981,0,184697448,804,101,37,4,24,0.042216,1383,3529,93,29,0,6
1.6,1982,0,184754416,804,101,37,4,24,0.042184,1385,3531,93,29,0,6
1.6,1983,0,184778992,804,101,37,4,24,0.042424,1385,3531,93,29,0,6
1.6,1984,0,184819784,804,101,37,4,24,0.041570,1385,3531,93,29,0,6
1.6,1985,0,184999768,804,101,37,4,24,0.042196,1385,3531,96,28,0,2
1.6,1986,0,185040584,804,101,37,4,24,0.042091,1385,3531,96,28,0,2
1.6,1987,0,183611504,805,101,37,4,24,0.041680,1385,3531,96,28,0,2
1.6,1988,0,183660624,805,101,37,4,24,0.041512,1385,3531,96,28,0,2
1.6,1989,0,183693208,805,101,37,4,24,0.041864,1385,3531,96,28,0,2
1.6,1990,0,183742208,805,101,37,4,24,0.041174,1385,3531,96,28,0,2
1.6,1991,0,183930424,805,101,37,4,24,0.042158,1385,3531,95,32,1,4
1.6,1992,0,183987536,805,101,37,4,23,0.042953,1385,3531,95,32,1,4
1.6,1993,0,184051032,805,101,37,4,23,0.042875,1385,3531,95,32,1,4
1.6,1994,0,184099976,805,101,37,4,23,0.042649,1385,3531,95,32,1,4
1.6,1995,0,184148976,805,101,37,4,24,0.042367,1387,3525,95,32,1,4
1.6,1996,0,184181640,805,101,37,4,23,0.042923,1387,3525,95,32,1,4
1.6,1997,0,184369232,805,101,37,4,24,0.042265,1387,3525,94,32,0,5
1.6,1998,0,184418296,805,101,37,4,24,0.041604,1387,3525,94,32,0,5
1.6,1999,0,184451000,805,101,37,4,24,0.041230,1387,3525,94,32,0,5
1.6,2000,0,184532696,805,101,37,4,24,0.041105,1387,3525,94,32,0,5
1.6,2001,0,184565352,805,101,37,4,25,0.040765,1387,3525,94,32,0,5
1.6,2002,0,184622528,805,101,37,4,25,0.039926,1387,3525,94,32,0,5
1.6,2003,0,184737008,805,101,37,4,25,0.039638,1387,3525,94,32,0,5
1.6,2004,0,184834808,805,101,37,4,25,0.040506,1387,3529,97,41,0,3
1.6,2005,0,184883808,805,101,37,4,25,0.040501,1387,3526,97,41,0,3
1.6,2006,0,184974192,805,101,37,4,25,0.040528,1387,3526,97,41,0,3
1.6,2007,0,185015064,805,101,37,4,24,0.041230,1387,3526,97,41,0,3
1.6,2008,0,185064072,805,101,37,4,24,0.041136,1390,3527,97,41,0,3
1.6,2009,0,183608480,806,101,37,4,24,0.040920,1390,3527,97,41,0,3
1.6,2010,0,183714952,806,101,37,4,24,0.041906,1390,3525,97,41,0,3
1.6,2011,0,183772128,806,101,37,4,24,0.041224,1390,3525,94,32,0,4
1.6,2012,0,183820928,806,101,37,4,24,0.041709,1390,3525,94,32,0,4
1.6,2013,0,183869968,806,101,37,4,24,0.041243,1390,3525,94,32,0,4
1.6,2014,0,183927152,806,101,37,4,24,0.041182,1390,3525,94,32,0,4
1.6,2015,0,184115024,806,101,37,4,24,0.041798,1476,3572,94,32,0,4
1.6,2016,0,184164048,806,101,37,4,23,0.042639,1482,3573,94,32,0,4
1.6,2017,0,184204904,806,101,37,4,23,0.043382,1429,3572,96,29,0,4
1.6,2018,0,184253936,806,101,37,4,23,0.043484,1332,3570,96,29,0,4
1.6,2019,0,184335944,806,101,37,4,23,0.043396,1273,3561,96,29,0,4
1.6,2020,0,184376824,806,101,37,4,23,0.043627,1235,3559,96,29,0,4
1.6,2021,0,184882448,806,101,37,4,22,0.044569,1241,3556,96,29,0,4
1.6,2022,0,186174456,807,101,37,4,22,0.045233,1233,3554,96,29,0,4
1.6,2023,0,186230248,807,101,37,4,22,0.046221,1234,3555,95,27,0,4
1.6,2024,0,186271144,807,101,37,4,22,0.045484,1236,3554,95,27,0,4
1.6,2025,0,186352688,807,101,37,4,22,0.045123,1194,3561,95,27,0,4
1.6,2026,0,186532504,807,101,37,4,23,0.043457,1189,3583,95,27,0,4
1.6,2027,0,186581264,807,101,37,4,23,0.043085,1189,3522,95,27,0,4
1.6,2028,0,186613920,807,101,37,4,23,0.043328,1185,3524,95,27,0,4
1.6,2029,0,186670440,807,101,37,4,23,0.043304,1185,3524,98,32,0,4
1.6,2030,0,185738016,808,101,37,4,24,0.042470,1185,3524,98,32,0,4
1.6,2031,0,185787120,808,101,37,4,23,0.042614,1185,3526,98,32,0,4
1.6,2032,0,186001824,808,101,37,4,24,0.041465,1185,3528,98,32,0,4
1.6,2033,0,186050840,808,101,37,4,25,0.040527,1185,3528,98,32,0,4
1.6,2034,0,186091728,808,101,37,4,24,0.041724,1185,3528,98,32,0,4
1.6,2035,0,186140720,808,101,37,4,24,0.041552,1185,3528,97,32,0,3
1.6,2036,0,186189736,808,101,37,4,24,0.041943,1185,3528,97,32,0,3
1.6,2037,0,186230560,808,101,37,4,24,0.041019,1185,3528,97,32,0,3
1.6,2038,0,186410584,808,101,37,4,24,0.041058,1185,3528,97,32,0,3
1.6,2039,0,186476656,808,101,37,4,25,0.040746,1185,3528,97,32,0,3
1.6,2040,0,186525640,808,101,37,4,24,0.041303,1185,3528,97,32,0,3
1.6,2041,0,186582856,808,101,37,4,24,0.041264,1183,3526,97,32,0,3
1.6,2042,0,186623760,808,101,37,4,24,0.041286,1183,3526,92,26,0,3
1.6,2043,0,186664472,808,101,37,4,24,0.042404,1183,3526,92,26,0,3
1.6,2044,0,186836360,808,101,37,4,24,0.041285,1183,3526,92,26,0,3
1.6,2045,0,186877120,808,101,37,4,24,0.041276,1183,3526,92,26,0,3
1.6,2046,0,186926144,808,101,37,4,24,0.040912,1183,3526,92,26,0,3
1.6,2047,0,186975200,808,101,37,4,24,0.041814,1183,3526,92,26,0,3
1.6,2048,0,187007864,808,101,37,4,24,0.042031,1183,3526,92,26,0,3
1.6,2049,0,187065024,808,101,37,4,23,0.042726,1183,3526,92,26,0,4
1.6,2050,0,187253288,808,101,37,4,23,0.043101,1183,3526,92,26,0,4
1.6,2051,0,187310048,808,101,37,4,23,0.042600,1183,3540,92,26,0,4
1.6,2052,0,187350928,808,101,37,4,23,0.043045,1183,3540,92,26,0,4
1.6,2053,0,187383624,808,101,37,4,23,0.042626,1183,3540,92,26,0,4
1.6,2054,0,187432632,808,101,37,4,23,0.043477,1183,3540,92,26,0,4
1.6,2055,0,187530760,808,101,37,4,23,0.042708,1183,3540,95,32,0,6
1.6,2056,0,187653264,808,101,37,4,23,0.043001,1183,3540,95,32,0,6
1.6,2057,0,187736256,808,101,37,4,23,0.042986,1183,3540,95,32,0,6
1.6,2058,0,187793392,808,101,37,4,23,0.043312,1183,3540,95,32,0,6
1.6,2059,0,184377192,809,102,37,4,23,0.042592,1183,3540,95,32,0,6
1.6,2060,0,184426320,809,102,37,4,24,0.041833,1183,3539,95,32,0,6
1.6,2061,0,184466488,809,102,37,4,24,0.041199,1183,3539,98,43,0,4
1.6,2062,0,184654784,809,102,37,4,24,0.040919,1183,3539,98,43,0,4
1.6,2063,0,184703656,809,102,37,4,24,0.041161,1185,3539,98,43,0,4
1.6,2064,0,184767536,809,102,37,4,24,0.041186,1185,3539,98,43,0,4
1.6,2065,0,184808384,809,102,37,4,24,0.041250,1185,3539,98,43,0,4
1.6,2066,0,184849200,809,102,37,4,24,0.041482,1185,3539,98,43,0,4
1.6,2067,0,184971944,809,102,37,4,24,0.041658,1185,3539,98,43,0,4
1.6,2068,0,185061904,809,102,37,4,24,0.041355,1271,3586,97,33,0,6
1.6,2069,0,185119144,809,102,37,4,24,0.041788,1271,3586,97,33,0,6
1.6,2070,0,185193624,809,102,37,4,24,0.042513,1271,3586,97,33,0,6
1.6,2071,0,185226392,809,102,37,4,24,0.042491,1271,3583,97,33,0,6
1.6,2072,0,185283560,809,102,37,4,23,0.042719,1270,3592,97,33,0,6
1.6,2073,0,185422264,809,102,37,4,23,0.042575,1270,3592,97,33,0,6
1.6,2074,0,185487680,809,102,37,4,23,0.042770,1270,3592,90,31,0,4
1.6,2075,0,185544856,809,102,37,4,23,0.043552,1276,3619,90,31,0,4
1.6,2076,0,185593584,809,102,37,4,23,0.042900,1278,3619,90,31,0,4
1.6,2077,0,185761160,809,102,37,4,23,0.042572,1224,3565,90,31,0,4
1.6,2078,0,185875632,809,102,37,4,23,0.043256,1224,3565,90,31,0,4
1.6,2079,0,186037000,809,102,37,4,23,0.044019,1224,3565,90,31,0,4
1.6,2080,0,184642648,810,102,37,4,23,0.044008,1224,3565,90,27,13,3
1.6,2081,0,184732656,810,102,37,4,23,0.044272,1224,3565,90,27,13,3
1.6,2082,0,184789848,810,102,37,4,23,0.044159,1222,3568,90,27,13,3
1.6,2083,0,184873576,810,102,37,4,23,0.044080,1222,3580,90,27,13,3
1.6,2084,0,184939000,810,102,37,4,23,0.043091,1222,3579,90,27,13,3
1.6,2085,0,185086384,810,102,37,4,23,0.043202,1224,3598,90,27,13,3
1.6,2086,0,185143456,810,102,37,4,23,0.044184,1219,3609,93,30,0,4
1.6,2087,0,185184320,810,102,37,4,23,0.043248,1231,3645,93,30,0,4
1.6,2088,0,185241544,810,102,37,4,24,0.042368,1231,3673,93,30,0,4
1.6,2089,0,185290512,810,102,37,4,24,0.041911,1231,3673,93,30,0,4
1.6,2090,0,185421000,810,102,37,4,24,0.041304,1231,3673,93,30,0,4
1.6,2091,0,185535664,810,102,37,4,24,0.041973,1231,3673,93,30,0,4
1.6,2092,0,185576400,810,102,37,4,23,0.042679,1232,3672,96,41,0,4
1.6,2093,0,185625336,810,102,37,4,23,0.042665,1232,3670,96,41,0,4
1.6,2094,0,185666176,810,102,37,4,23,0.043144,1232,3670,96,41,0,4
1.6,2095,0,185715208,810,102,37,4,24,0.042277,1232,3670,96,41,0,4
1.6,2096,0,185895376,810,102,37,4,24,0.042202,1232,3670,96,41,0,4
1.6,2097,0,185968920,810,102,37,4,23,0.042882,1232,3670,96,41,0,4
1.6,2098,0,186026056,810,102,37,4,23,0.043494,1235,3673,94,30,0,6
1.6,2099,0,186066920,810,102,37,4,23,0.043366,1235,3673,94,30,0,6
1.6,2100,0,186099600,810,102,37,4,23,0.042653,1235,3673,94,30,0,6
1.6,2101,0,184724912,811,102,37,4,24,0.042096,1235,3673,94,30,0,6
1.6,2102,0,184757608,811,102,37,4,24,0.041605,1235,3673,94,30,0,6
1.6,2103,0,184979328,811,102,37,4,24,0.041192,1235,3675,94,30,0,6
1.6,2104,0,185035136,811,102,37,4,24,0.041310,1235,3652,91,29,0,4
1.6,2105,0,185084176,811,102,37,4,24,0.042169,1229,3619,91,29,0,4
1.6,2106,0,185108608,811,102,37,4,24,0.041973,1223,3585,91,29,0,4
1.6,2107,0,185165752,811,102,37,4,24,0.041484,1223,3582,91,29,0,4
1.6,2108,0,185198416,811,102,37,4,24,0.041493,1223,3579,91,29,0,4
1.6,2109,0,185413112,811,102,37,4,24,0.041650,1223,3579,91,29,0,4
1.6,2110,0,185469968,811,102,37,4,24,0.041612,1223,3579,94,35,0,4
1.6,2111,0,185510752,811,102,37,4,24,0.042262,1222,3578,94,35,0,4
1.6,2112,0,185551592,811,102,37,4,24,0.041635,1222,3578,94,35,0,4
1.6,2113,0,185600616,811,102,37,4,24,0.041800,1222,3578,94,35,0,4
1.6,2114,0,185633272,811,102,37,4,24,0.041714,1222,3578,94,35,0,4
1.6,2115,0,186043848,811,102,37,4,24,0.041477,1222,3578,94,35,0,4
1.6,2116,0,186125528,811,102,37,4,24,0.042504,1222,3568,90,31,0,5
1.6,2117,0,186166368,811,102,37,4,23,0.042710,1222,3547,90,31,0,5
1.6,2118,0,186223568,811,102,37,4,24,0.042169,1222,3547,90,31,0,5
1.6,2119,0,186256272,811,102,37,4,24,0.042092,1276,3598,90,31,0,5
1.6,2120,0,186329656,811,102,37,4,23,0.043110,1276,3598,90,31,0,5
1.6,2121,0,186476888,811,102,37,4,23,0.043008,1276,3598,90,31,0,5
1.6,2122,0,186532768,811,102,37,4,23,0.042910,1276,3597,92,26,0,5
1.6,2123,0,186624952,811,102,37,4,23,0.042845,1277,3597,92,26,0,5
1.6,2124,0,186682176,811,102,37,4,23,0.043542,1354,3625,92,26,0,5
1.6,2125,0,186731232,811,102,37,4,23,0.043857,1354,3673,92,26,0,5
1.6,2126,0,186821192,811,102,37,4,23,0.043046,1356,3647,92,26,0,5
1.6,2127,0,186943976,811,102,37,4,23,0.043590,1356,3648,92,26,0,5
1.6,2128,0,184982472,812,102,37,4,23,0.044073,1356,3648,90,29,0,4
1.6,2129,0,185082744,812,102,37,4,23,0.043595,1356,3648,90,29,0,4
1.6,2130,0,185115432,812,102,37,4,23,0.043513,1354,3624,90,29,0,4
1.6,2131,0,185164344,812,102,37,4,23,0.042777,1362,3632,90,29,0,4
1.6,2132,0,185286920,812,102,37,4,23,0.043861,1362,3634,90,29,0,4
1.6,2133,0,185393248,812,102,37,4,23,0.044038,1367,3652,90,29,0,4
1.6,2134,0,185442288,812,102,37,4,23,0.043301,1367,3652,96,34,0,4
1.6,2135,0,185534424,812,102,37,4,22,0.045561,1368,3659,96,34,0,4
1.6,2136,0,185591680,812,102,37,4,21,0.047846,1368,3659,96,34,0,4
1.6,2137,0,185763624,812,102,37,4,20,0.049499,1314,3596,96,34,0,4
1.6,2138,0,185943552,812,102,37,4,20,0.050386,1314,3596,96,34,0,4
1.6,2139,0,186123000,812,102,37,4,19,0.053116,1314,3596,96,34,0,4
1.6,2140,0,186302784,812,102,37,4,18,0.054263,1314,3624,92,29,0,10
1.6,2141,0,186425472,812,102,37,4,18,0.056392,1314,3625,92,29,0,10
1.6,2142,0,186507336,812,102,37,4,17,0.057693,1313,3625,92,29,0,10
1.6,2143,0,185126248,813,102,37,4,17,0.058710,1313,3625,92,29,0,10
1.6,2144,0,185341120,813,102,37,4,17,0.060077,1313,3625,92,29,0,10
1.6,2145,0,185512696,813,102,37,4,17,0.058480,1314,3603,89,24,0,14
1.6,2146,0,185651656,813,102,37,4,18,0.055509,1320,3598,89,24,0,14
1.6,2147,0,185864520,813,102,37,4,19,0.053985,1320,3598,89,24,0,14
1.6,2148,0,186175680,813,102,37,4,19,0.053406,1320,3598,89,24,0,14
1.6,2149,0,186486200,813,102,37,4,19,0.052092,1320,3598,89,24,0,14
1.6,2150,0,184979168,814,102,37,4,20,0.051241,1320,3598,94,39,0,15
1.6,2151,0,185159344,814,102,37,4,20,0.049974,1320,3598,94,39,0,15
1.6,2152,0,185347584,814,102,37,4,21,0.048018,1320,3598,94,39,0,15
1.6,2153,0,185380232,814,102,37,4,21,0.047082,1320,3598,94,39,0,15
1.6,2154,0,185560160,814,102,37,4,22,0.045427,1320,3598,94,39,0,15
1.6,2155,0,185739992,814,102,37,4,22,0.044949,1320,3598,94,39,0,15
1.6,2156,0,185813384,814,102,37,4,22,0.045744,1318,3598,96,40,0,13
1.6,2157,0,185968792,814,102,37,4,22,0.045614,1315,3598,96,40,0,13
1.6,2158,0,186148712,814,102,37,4,22,0.045372,1315,3598,96,40,0,13
1.6,2159,0,186189296,814,102,37,4,23,0.043658,1315,3598,96,40,0,13
1.6,2160,0,186353088,814,102,37,4,23,0.043418,1315,3600,96,40,0,13
1.6,2161,0,184966680,815,102,37,4,23,0.043734,1315,3600,96,40,0,13
1.6,2162,0,185108032,815,102,37,4,23,0.044273,1315,3600,94,29,0,12
1.6,2163,0,185230720,815,102,37,4,23,0.044382,1315,3600,94,29,0,12
1.6,2164,0,185402496,815,102,37,4,22,0.044915,1318,3600,94,29,0,12
1.6,2165,0,185574288,815,102,37,4,23,0.044061,1318,3602,94,29,0,12
1.6,2166,0,185615120,815,102,37,4,23,0.043742,1318,3606,94,29,0,12
1.6,2167,0,185786968,815,102,37,4,23,0.043901,1318,3606,94,29,0,12
1.6,2168,0,186009904,815,102,37,4,23,0.043621,1318,3605,91,27,0,14
1.6,2169,0,186050776,815,102,37,4,23,0.044148,1321,3604,91,27,0,14
1.6,2170,0,186230864,815,102,37,4,22,0.044457,1324,3613,91,27,0,14
1.6,2171,0,186394424,815,102,37,4,23,0.043999,1324,3612,91,27,0,14
1.6,2172,0,186435272,815,102,37,4,23,0.043656,1324,3611,91,27,0,14
1.6,2173,0,185045440,816,102,37,4,23,0.044049,1324,3611,91,27,0,14
1.6,2174,0,185260464,816,102,37,4,23,0.044089,1324,3611,97,37,0,10
1.6,2175,0,185366744,816,102,37,4,22,0.044633,1325,3611,97,37,0,10
1.6,2176,0,185489448,816,102,37,4,22,0.044969,1327,3613,97,37,0,10
1.6,2177,0,185669520,816,102,37,4,22,0.045141,1413,3659,97,37,0,10
1.6,2178,0,185841328,816,102,37,4,23,0.044441,1413,3659,97,37,0,10
1.6,2179,0,185873992,816,102,37,4,22,0.044919,1413,3659,97,37,0,10
1.6,2180,0,186088024,816,102,37,4,22,0.044803,1413,3659,92,30,0,14
1.6,2181,0,186202560,816,102,37,4,23,0.044057,1413,3659,92,30,0,14
1.6,2182,0,186308840,816,102,37,4,23,0.044294,1416,3659,92,30,0,14
1.6,2183,0,186488944,816,102,37,4,23,0.043881,1416,3659,92,30,0,14
1.6,2184,0,185089936,817,102,37,4,23,0.043933,1416,3659,92,30,0,14
1.6,2185,0,185122608,817,102,37,4,23,0.044367,1416,3659,92,30,0,14
1.6,2186,0,185336584,817,102,37,4,23,0.043810,1416,3661,93,27,0,12
1.6,2187,0,185541208,817,102,37,4,23,0.043795,1416,3661,93,27,0,12
1.6,2188,0,185590176,817,102,37,4,22,0.044608,1416,3661,93,27,0,12
1.6,2189,0,185745568,817,102,37,4,22,0.044923,1416,3661,93,27,0,12
1.6,2190,0,185925480,817,102,37,4,22,0.044640,1416,3662,93,27,0,12
1.6,2191,0,186089128,817,102,37,4,22,0.045644,1416,3662,93,27,0,12
1.6,2192,0,186238528,817,102,37,4,22,0.044963,1416,3664,90,26,0,12
1.6,2193,0,186352872,817,102,37,4,22,0.044459,1416,3664,90,26,0,12
1.6,2194,0,184964896,818,102,37,4,22,0.044666,1416,3664,90,26,0,12
1.6,2195,0,185038600,818,102,37,4,23,0.044392,1416,3666,90,26,0,12
1.6,2196,0,185177776,818,102,37,4,22,0.044848,1416,3666,90,26,0,12
1.6,2197,0,185371776,818,102,37,4,22,0.044917,1416,3666,90,26,0,12
1.6,2198,0,185586736,818,102,37,4,22,0.044764,1417,3666,91,26,0,13
1.6,2199,0,185758312,818,102,37,4,23,0.043747,1471,3723,91,26,0,13
1.6,2200,0,185815568,818,102,37,4,23,0.044121,1466,3710,91,26,0,13
1.6,2201,0,185987328,818,102,37,4,23,0.043839,1466,3710,91,26,0,13
1.6,2202,0,186159224,818,102,37,4,22,0.044758,1466,3712,91,26,0,13
1.6,2203,0,186200048,818,102,37,4,22,0.045320,1466,3712,91,26,0,13
1.6,2204,0,186414712,818,102,37,4,22,0.045253,1466,3711,98,42,0,11
1.6,2205,0,185045104,819,102,37,4,22,0.045167,1466,3711,98,42,0,11
1.6,2206,0,185167712,819,102,37,4,22,0.045352,1467,3710,98,42,0,11
1.6,2207,0,185249400,819,102,37,4,22,0.045078,1467,3711,98,42,0,11
1.6,2208,0,185437720,819,102,37,4,22,0.045284,1467,3711,98,42,0,11
1.6,2209,0,185617768,819,102,37,4,22,0.045865,1467,3711,98,42,0,11
1.6,2210,0,185750696,819,102,37,4,22,0.046221,1467,3711,99,40,0,13
1.6,2211,0,185865256,819,102,37,4,21,0.046544,1468,3711,99,40,0,13
1.6,2212,0,186037032,819,102,37,4,22,0.046161,1468,3711,99,40,0,13
1.6,2213,0,186102400,819,102,37,4,22,0.046343,1468,3712,99,40,0,13
1.6,2214,0,186249792,819,102,37,4,22,0.045747,1468,3712,99,40,0,13
1.6,2215,0,186429896,819,102,37,4,22,0.045972,1465,3712,99,40,0,13
1.6,2216,0,185053624,820,102,37,4,21,0.046885,1465,3712,94,35,0,13
1.6,2217,0,185232888,820,102,37,4,21,0.047563,1465,3712,94,35,0,13
1.6,2218,0,185404712,820,102,37,4,20,0.048928,1465,3712,94,35,0,13
1.6,2219,0,185478176,820,102,37,4,20,0.050654,1465,3712,94,35,0,13
1.6,2220,0,185625536,820,102,37,4,20,0.049280,1465,3712,94,35,0,13
1.6,2221,0,185829464,820,102,37,4,20,0.049133,1466,3712,94,35,0,13
1.6,2222,0,185976048,820,102,37,4,20,0.049321,1466,3712,95,32,0,14
1.6,2223,0,186057672,820,102,37,4,20,0.049013,1466,3712,95,32,0,14
1.6,2224,0,186229560,820,102,37,4,21,0.048561,1466,3712,95,32,0,14
1.6,2225,0,186401416,820,102,37,4,21,0.048007,1466,3712,95,32,0,14
1.6,2226,0,186442296,820,102,37,4,21,0.046890,1466,3712,95,32,0,14
1.6,2227,0,185102536,821,102,37,4,22,0.046075,1466,3712,95,32,0,14
1.6,2228,0,185176000,821,102,37,4,23,0.044287,1466,3712,94,30,0,12
1.6,2229,0,185322984,821,102,37,4,24,0.042531,1466,3712,94,30,0,12
1.6,2230,0,185503048,821,102,37,4,23,0.042574,1466,3712,94,30,0,12
1.6,2231,0,185535592,821,102,37,4,23,0.042757,1466,3712,94,30,0,12
1.6,2232,0,185707400,821,102,37,4,23,0.042834,1466,3712,94,30,0,12
1.6,2233,0,185797384,821,102,37,4,23,0.042738,1467,3712,94,30,0,12
1.6,2234,0,185928192,821,102,37,4,23,0.043692,1467,3712,97,42,1,13
1.6,2235,0,186124688,821,102,37,4,22,0.044617,1467,3712,97,42,1,13
1.6,2236,0,186304736,821,102,37,4,23,0.043859,1467,3712,97,42,1,13
1.6,2237,0,186345592,821,102,37,4,23,0.043987,1553,3758,97,42,1,13
1.6,2238,0,186509104,821,102,37,4,22,0.044526,1553,3758,97,42,1,13
1.6,2239,0,185150168,822,102,37,4,23,0.043806,1553,3759,97,42,1,13
1.6,2240,0,185223840,822,102,37,4,22,0.044766,1553,3759,92,29,0,9
1.6,2241,0,185412112,822,102,37,4,22,0.044799,1553,3759,92,29,0,9
1.6,2242,0,185592088,822,102,37,4,22,0.045086,1553,3759,92,29,0,9
1.6,2243,0,185665688,822,102,37,4,22,0.044945,1553,3759,92,29,0,9
1.6,2244,0,185796680,822,102,37,4,22,0.045705,1553,3763,92,29,0,9
1.6,2245,0,186002288,822,102,37,4,22,0.045264,1553,3763,92,29,0,9
1.6,2246,0,186190360,822,102,37,4,22,0.046159,1553,3759,96,24,0,13
1.6,2247,0,187817456,823,102,37,4,21,0.047899,1553,3759,96,24,0,13
1.6,2248,0,187899192,823,102,37,4,21,0.047512,1553,3757,96,24,0,13
1.6,2249,0,188030160,823,102,37,4,21,0.048439,1553,3756,96,24,0,13
1.6,2250,0,185938368,824,103,37,4,21,0.047641,1553,3752,96,24,0,13
1.6,2251,0,186063048,824,103,37,4,21,0.047382,1553,3752,96,24,0,13
1.6,2252,0,186194048,824,103,37,4,21,0.046559,1553,3752,94,28,0,13
1.6,2253,0,186382272,824,103,37,4,21,0.046739,1553,3752,94,28,0,13
1.6,2254,0,186554216,824,103,37,4,21,0.046564,1553,3752,94,28,0,13
1.6,2255,0,186586928,824,103,37,4,22,0.046230,1553,3752,94,28,0,13
1.6,2256,0,186767040,824,103,37,4,22,0.046323,1553,3754,94,28,0,13
1.6,2257,0,186973808,824,103,37,4,22,0.044713,1557,3754,94,28,0,13
1.6,2258,0,187014664,824,103,37,4,22,0.044886,1559,3754,94,28,0,10
1.6,2259,0,187202984,824,103,37,4,22,0.045359,1556,3751,94,28,0,10
1.6,2260,0,185839936,825,103,37,4,22,0.045866,1556,3751,94,28,0,10
1.6,2261,0,186011920,825,103,37,4,22,0.046006,1558,3751,94,28,0,10
1.6,2262,0,186077112,825,103,37,4,21,0.047222,1564,3753,94,28,0,10
1.6,2263,0,186266976,825,103,37,4,21,0.047532,1564,3753,94,28,0,10
1.6,2264,0,186446664,825,103,37,4,21,0.047003,1564,3751,92,21,0,13
1.6,2265,0,186626752,825,103,37,4,21,0.047530,1562,3749,92,21,0,13
1.6,2266,0,186667624,825,103,37,4,21,0.047816,1562,3748,92,21,0,13
1.6,2267,0,186847728,825,103,37,4,21,0.047125,1562,3742,92,21,0,13
1.6,2268,0,187027880,825,103,37,4,21,0.047269,1562,3742,92,21,0,13
1.6,2269,0,187109312,825,103,37,4,21,0.046828,1562,3742,92,21,0,13
1.6,2270,0,187280984,825,103,37,4,22,0.046192,1562,3742,96,25,0,11
1.6,2271,0,185934360,826,103,37,4,21,0.046762,1567,3747,96,25,0,11
1.6,2272,0,186106024,826,103,37,4,21,0.046555,1567,3747,96,25,0,11
1.6,2273,0,186285904,826,103,37,4,21,0.047427,1567,3747,96,25,0,11
1.6,2274,0,186352928,826,103,37,4,21,0.048521,1567,3747,96,25,0,11
1.6,2275,0,186533032,826,103,37,4,21,0.048545,1567,3747,96,25,0,11
1.6,2276,0,186721344,826,103,37,4,21,0.047740,1567,3747,91,27,0,15
1.6,2277,0,186762216,826,103,37,4,21,0.048420,1567,3747,91,27,0,15
1.6,2278,0,186925872,826,103,37,4,21,0.048438,1567,3747,91,27,0,15
1.6,2279,0,187114104,826,103,37,4,21,0.048438,1567,3747,91,27,0,15
1.6,2280,0,187328704,826,103,37,4,20,0.049437,1567,3747,91,27,0,15
1.6,2281,0,185941360,827,103,37,4,21,0.048420,1567,3747,91,27,0,15
1.6,2282,0,186006856,827,103,37,4,21,0.047908,1553,3743,90,23,0,11
1.6,2283,0,186186896,827,103,37,4,21,0.046749,1553,3743,90,23,0,11
1.6,2284,0,186366920,827,103,37,4,22,0.045840,1553,3743,90,23,0,11
1.6,2285,0,186465136,827,103,37,4,22,0.044901,1553,3743,90,23,0,11
1.6,2286,0,186629656,827,103,37,4,22,0.045364,1553,3742,90,23,0,11
1.6,2287,0,186817896,827,103,37,4,22,0.045180,1553,3742,90,23,0,11
1.6,2288,0,186981224,827,103,37,4,22,0.044890,1554,3743,94,34,0,16
1.6,2289,0,187046416,827,103,37,4,23,0.044428,1554,3743,94,34,0,16
1.6,2290,0,187218080,827,103,37,4,23,0.043771,1554,3743,94,34,0,16
1.6,2291,0,187283272,827,103,37,4,23,0.044137,1554,3743,94,34,0,16
1.6,2292,0,185979168,828,103,37,4,23,0.044085,1554,3743,94,34,0,16
1.6,2293,0,186208504,828,103,37,4,23,0.044279,1554,3743,94,34,0,16
1.6,2294,0,186388592,828,103,37,4,23,0.044164,1642,3791,93,27,0,11
1.6,2295,0,186486760,828,103,37,4,23,0.044068,1642,3791,93,27,0,11
1.6,2296,0,186609592,828,103,37,4,23,0.043669,1642,3791,93,27,0,11
1.6,2297,0,186781472,828,103,37,4,23,0.043673,1642,3791,93,27,0,11
1.6,2298,0,186854832,828,103,37,4,23,0.043749,1642,3791,93,27,0,11
1.6,2299,0,187026752,828,103,37,4,23,0.043346,1642,3791,93,27,0,11
1.6,2300,0,187206792,828,103,37,4,23,0.044209,1643,3792,97,34,0,13
1.6,2301,0,187247624,828,103,37,4,23,0.044429,1643,3792,97,34,0,13
1.6,2302,0,187419560,828,103,37,4,22,0.044663,1643,3792,97,34,0,13
1.6,2303,0,186155712,829,103,37,4,22,0.044695,1643,3791,97,34,0,13
1.6,2304,0,186239584,829,103,37,4,23,0.043727,1643,3791,97,34,0,13
1.6,2305,0,186411496,829,103,37,4,23,0.043750,1646,3791,97,34,0,13
1.6,2306,0,186599104,829,103,37,4,23,0.043243,1646,3791,92,25,0,12
1.6,2307,0,186656344,829,103,37,4,23,0.043398,1646,3791,92,25,0,12
1.6,2308,0,186836400,829,103,37,4,23,0.042692,1646,3792,92,25,0,12
1.6,2309,0,187016480,829,103,37,4,23,0.043460,1679,3791,92,25,0,12
1.6,2310,0,187116376,829,103,37,4,23,0.042950,1679,3791,92,25,0,12
1.6,2311,0,187271664,829,103,37,4,23,0.042952,1679,3791,92,25,0,12
1.6,2312,0,187459784,829,103,37,4,23,0.043489,1681,3793,94,30,0,11
1.6,2313,0,187648072,829,103,37,4,23,0.043413,1682,3793,94,30,0,11
1.6,2314,0,187713488,829,103,37,4,23,0.044417,1682,3793,94,30,0,11
1.6,2315,0,187877200,829,103,37,4,22,0.045348,1682,3793,94,30,0,11
1.6,2316,0,188090120,829,103,37,4,22,0.045416,1682,3793,94,30,0,11
1.6,2317,0,186203000,830,103,37,4,22,0.045216,1682,3793,94,30,0,11
1.6,2318,0,186260272,830,103,37,4,21,0.046551,1682,3793,91,36,0,9
1.6,2319,0,186448568,830,103,37,4,21,0.046674,1685,3793,91,36,0,9
1.6,2320,0,186628568,830,103,37,4,21,0.046892,1685,3794,91,36,0,9
1.6,2321,0,186742912,830,103,37,4,21,0.046730,1685,3786,91,36,0,9
1.6,2322,0,186872272,830,103,37,4,22,0.045910,1685,3786,91,36,0,9
1.6,2323,0,187060600,830,103,37,4,22,0.046246,1685,3787,91,36,0,9
1.6,2324,0,187239264,830,103,37,4,22,0.045564,1685,3787,93,29,0,12
1.6,2325,0,187288296,830,103,37,4,22,0.044646,1685,3785,93,29,0,12
1.6,2326,0,187460104,830,103,37,4,22,0.044625,1685,3783,93,29,0,12
1.6,2327,0,186099560,831,103,37,4,21,0.046539,1685,3783,93,29,0,12
1.6,2328,0,186329744,831,103,37,4,20,0.048959,1685,3783,93,29,0,12
1.6,2329,0,186501592,831,103,37,4,20,0.049563,1685,3783,93,29,0,12
1.6,2330,0,186632352,831,103,37,4,21,0.048421,1683,3781,94,35,0,9
1.6,2331,0,186730480,831,103,37,4,21,0.048675,1683,3781,94,35,0,9
1.6,2332,0,186918552,831,103,37,4,20,0.049181,1683,3781,94,35,0,9
1.6,2333,0,187033128,831,103,37,4,20,0.048992,1683,3781,94,35,0,9
1.6,2334,0,187165040,831,103,37,4,20,0.050273,1683,3781,94,35,0,9
1.6,2335,0,187353312,831,103,37,4,20,0.051233,1684,3781,94,35,0,9
1.6,2336,0,187533240,831,103,37,4,20,0.051168,1682,3779,90,26,0,12
1.6,2337,0,186096144,832,103,37,4,20,0.049474,1682,3779,90,26,0,12
1.6,2338,0,186186232,832,103,37,4,22,0.046454,1682,3781,90,26,0,12
1.6,2339,0,186366312,832,103,37,4,22,0.045705,1682,3781,90,26,0,12
1.6,2340,0,186481216,832,103,37,4,21,0.046725,1682,3781,90,26,0,12
1.6,2341,0,186612160,832,103,37,4,21,0.046533,1682,3771,90,26,0,12
1.6,2342,0,186800248,832,103,37,4,22,0.045339,1682,3772,95,37,0,12
1.6,2343,0,186979808,832,103,37,4,22,0.045179,1682,3771,95,37,0,12
1.6,2344,0,187012496,832,103,37,4,23,0.044354,1683,3771,95,37,0,12
1.6,2345,0,187208944,832,103,37,4,23,0.044169,1683,3771,95,37,0,12
1.6,2346,0,187421264,832,103,37,4,22,0.044966,1683,3771,95,37,0,12
1.6,2347,0,187486624,832,103,37,4,22,0.044930,1683,3768,95,37,0,12
1.6,2348,0,186075752,833,103,37,4,23,0.044211,1688,3773,95,30,0,10
1.6,2349,0,186280488,833,103,37,4,23,0.044194,1688,3773,95,30,0,10
1.6,2350,0,186419312,833,103,37,4,22,0.044527,1688,3773,95,30,0,10
1.6,2351,0,186517432,833,103,37,4,22,0.044640,1774,3819,95,30,0,10
1.6,2352,0,186739688,833,103,37,4,22,0.045400,1775,3831,95,30,0,10
1.6,2353,0,186919720,833,103,37,4,22,0.045359,1775,3831,95,30,0,10
1.6,2354,0,187083456,833,103,37,4,22,0.044765,1775,3831,93,28,0,13
1.6,2355,0,187140472,833,103,37,4,22,0.045055,1775,3831,93,28,0,13
1.6,2356,0,187328560,833,103,37,4,22,0.045040,1775,3831,93,28,0,13
1.6,2357,0,187442968,833,103,37,4,22,0.045555,1778,3831,93,28,0,13
1.6,2358,0,187567192,833,103,37,4,22,0.046057,1778,3831,93,28,0,13
1.6,2359,0,186210488,834,103,37,4,21,0.046803,1777,3831,93,28,0,13
1.6,2360,0,186406968,834,103,37,4,21,0.048461,1777,3831,91,24,0,11
1.6,2361,0,186595056,834,103,37,4,20,0.049106,1777,3831,91,24,0,11
1.6,2362,0,186774576,834,103,37,4,20,0.049757,1830,3831,91,24,0,11
1.6,2363,0,186849712,834,103,37,4,20,0.049779,1830,3831,91,24,0,11
1.6,2364,0,187021552,834,103,37,4,20,0.050756,1830,3831,91,24,0,11
1.6,2365,0,187209544,834,103,37,4,20,0.050581,1830,3831,91,24,0,11
1.6,2366,0,187274936,834,103,37,4,20,0.050284,1830,3831,95,29,0,11
1.6,2367,0,187438512,834,103,37,4,20,0.050412,1830,3830,95,29,0,11
1.6,2368,0,187626672,834,103,37,4,20,0.050840,1830,3830,95,29,0,11
1.6,2369,0,186160344,835,103,37,4,20,0.049939,1830,3830,95,29,0,11
1.6,2370,0,186291176,835,103,37,4,21,0.048202,1830,3830,95,29,0,11
1.6,2371,0,186487640,835,103,37,4,21,0.047439,1830,3830,95,29,0,11
1.6,2372,0,186675616,835,103,37,4,21,0.047021,1830,3830,89,22,1,12
1.6,2373,0,186724488,835,103,37,4,21,0.046883,1830,3830,89,22,1,12
1.6,2374,0,186928880,835,103,37,4,21,0.046877,1830,3830,89,22,1,12
1.6,2375,0,187109344,835,103,37,4,21,0.048293,1825,3830,89,22,1,12
1.6,2376,0,187289408,835,103,37,4,20,0.050651,1825,3830,89,22,1,12
1.6,2377,0,187477576,835,103,37,4,20,0.050631,1825,3832,89,22,1,12
1.6,2378,0,186096632,836,103,37,4,19,0.051647,1825,3834,92,32,0,12
1.6,2379,0,186293040,836,103,37,4,19,0.053611,1825,3834,92,32,0,12
1.6,2380,0,186495912,836,103,37,4,19,0.053593,1825,3834,92,32,0,12
1.6,2381,0,186528568,836,103,37,4,19,0.053941,1825,3834,92,32,0,12
1.6,2382,0,186708552,836,103,37,4,19,0.053827,1825,3834,92,32,0,12
1.6,2383,0,186896800,836,103,37,4,19,0.053288,1825,3834,91,35,0,14
1.6,2384,0,187084968,836,103,37,4,19,0.053357,1825,3834,91,35,0,14
1.6,2385,0,187125712,836,103,37,4,19,0.052583,1825,3834,91,35,0,14
1.6,2386,0,187339552,836,103,37,4,20,0.049931,1827,3835,91,35,0,14
1.6,2387,0,187519496,836,103,37,4,20,0.049542,1827,3837,91,35,0,14
1.6,2388,0,187576600,836,103,37,4,21,0.048775,1827,3837,95,47,0,12
1.6,2389,0,186190856,837,103,37,4,21,0.047495,1827,3839,95,47,0,12
1.6,2390,0,186379152,837,103,37,4,21,0.047345,1827,3840,95,47,0,12
1.6,2391,0,186591784,837,103,37,4,21,0.046893,1828,3840,95,47,0,12
1.6,2392,0,186648696,837,103,37,4,21,0.047567,1828,3840,95,47,0,12
1.6,2393,0,186820624,837,103,37,4,21,0.048234,1828,3840,95,47,0,12
1.6,2394,0,187000096,837,103,37,4,21,0.047976,1828,3840,95,36,0,12
1.6,2395,0,187139256,837,103,37,4,22,0.046304,1828,3844,95,36,0,12
1.6,2396,0,187221096,837,103,37,4,21,0.047026,1828,3836,95,36,0,12
1.6,2397,0,187505592,837,103,37,4,21,0.047026,1828,3836,95,36,0,12
1.6,2398,0,187718512,837,103,37,4,21,0.047405,1828,3838,95,36,0,12
1.6,2399,0,186215584,838,103,37,4,21,0.047056,1828,3838,95,36,0,12
1.6,2400,0,186395728,838,103,37,4,21,0.047081,1831,3842,92,35,0,13
1.6,2401,0,186567480,838,103,37,4,21,0.047855,1833,3842,92,35,0,13
1.6,2402,0,186755768,838,103,37,4,21,0.047264,1833,3842,92,35,0,13
1.6,2403,0,186943832,838,103,37,4,20,0.049194,1833,3842,92,35,0,13
1.6,2404,0,187123896,838,103,37,4,20,0.050229,1836,3841,92,35,0,13
1.6,2405,0,187197448,838,103,37,4,20,0.051071,1836,3841,92,35,0,13
1.6,2406,0,187344840,838,103,37,4,20,0.050595,1836,3841,93,25,0,13
1.6,2407,0,187532968,838,103,37,4,20,0.050585,1836,3840,93,25,0,13
1.6,2408,0,187573488,838,103,37,4,20,0.049907,1836,3840,93,25,0,13
1.6,2409,0,186178256,839,103,37,4,20,0.050051,1836,3840,93,25,0,13
1.6,2410,0,186358440,839,103,37,4,20,0.049943,1836,3842,93,25,0,13
1.6,2411,0,186554808,839,103,37,4,20,0.049612,1894,3842,93,24,0,12
1.6,2412,0,186751280,839,103,37,4,20,0.049774,1894,3842,93,24,0,12
1.6,2413,0,186808432,839,103,37,4,21,0.047729,1894,3844,93,24,0,12
1.6,2414,0,186947608,839,103,37,4,21,0.046615,1892,3832,93,24,0,12
1.6,2415,0,187169528,839,103,37,4,21,0.047173,1894,3836,93,24,0,12
1.6,2416,0,187218552,839,103,37,4,21,0.047793,1894,3835,93,24,0,12
1.6,2417,0,187382232,839,103,37,4,21,0.047114,1902,3839,94,38,0,12
1.6,2418,0,187570536,839,103,37,4,21,0.047981,1902,3839,94,38,0,12
1.6,2419,0,186183792,840,103,37,4,21,0.047837,1902,3839,94,38,0,12
1.6,2420,0,186224712,840,103,37,4,21,0.047834,1902,3839,94,38,0,12
1.6,2421,0,186439568,840,103,37,4,21,0.047541,1902,3839,94,38,0,12
1.6,2422,0,186619552,840,103,37,4,21,0.047481,1902,3838,94,38,0,12
1.6,2423,0,186807376,840,103,37,4,21,0.047499,1904,3840,88,22,0,14
1.6,2424,0,186856272,840,103,37,4,21,0.047398,1904,3840,88,22,0,14
1.6,2425,0,187019992,840,103,37,4,21,0.047114,1904,3842,88,22,0,14
1.6,2426,0,187191768,840,103,37,4,21,0.046995,1904,3844,88,22,0,14
1.6,2427,0,187378048,840,103,37,4,21,0.047519,1904,3805,88,22,0,14
1.6,2428,0,187566112,840,103,37,4,21,0.046739,1904,3805,88,22,0,14
1.6,2429,0,187721488,840,103,37,4,21,0.048097,1904,3805,90,26,0,12
1.6,2430,0,186199536,841,103,37,4,21,0.048379,1904,3805,90,26,0,12
1.6,2431,0,186387888,841,103,37,4,20,0.050003,1904,3805,90,26,0,12
1.6,2432,0,186576040,841,103,37,4,19,0.051411,1904,3805,90,26,0,12
1.6,2433,0,186764328,841,103,37,4,19,0.052912,1904,3807,90,26,0,12
1.6,2434,0,186943912,841,103,37,4,18,0.054138,1904,3807,93,32,0,11
1.6,2435,0,187132232,841,103,37,4,18,0.055051,1904,3809,93,32,0,11
1.6,2436,0,187304120,841,103,37,4,18,0.056197,1904,3811,93,32,0,11
1.6,2437,0,187515640,841,103,37,4,18,0.056928,1904,3811,93,32,0,11
1.6,2438,0,187548200,841,103,37,4,18,0.056593,1904,3811,93,32,0,11
1.6,2439,0,187736512,841,103,37,4,18,0.055379,1906,3813,97,29,0,13
1.6,2440,0,186349616,842,103,37,4,18,0.055701,1911,3813,97,29,0,13
1.6,2441,0,186390504,842,103,37,4,19,0.053954,1911,3813,97,29,0,13
1.6,2442,0,186605424,842,103,37,4,19,0.053980,1911,3813,97,29,0,13
1.6,2443,0,186810944,842,103,37,4,19,0.053344,1909,3813,97,29,0,13
1.6,2444,0,187006696,842,103,37,4,19,0.053011,1908,3813,94,25,0,13
1.6,2445,0,187178400,842,103,37,4,19,0.053455,1908,3815,94,25,0,13
1.6,2446,0,187366720,842,103,37,4,19,0.053613,1908,3815,94,25,0,13
1.6,2447,0,187563136,842,103,37,4,18,0.054716,1908,3817,94,25,0,13
1.6,2448,0,187735016,842,103,37,4,17,0.057833,1908,3817,94,25,0,13
1.6,2449,0,186364472,843,103,37,4,17,0.057494,1908,3817,91,24,1,12
1.6,2450,0,186421672,843,103,37,4,18,0.056828,1908,3817,91,24,1,12
1.6,2451,0,186593600,843,103,37,4,18,0.056741,1908,3817,91,24,1,12
1.6,2452,0,186790104,843,103,37,4,18,0.055530,1908,3817,91,24,1,12
1.6,2453,0,186970104,843,103,37,4,18,0.054910,1908,3818,91,24,1,12
1.6,2454,0,187035520,843,103,37,4,18,0.054115,1908,3818,91,21,0,10
1.6,2455,0,187223544,843,103,37,4,19,0.052990,1962,3819,91,21,0,10
1.6,2456,0,188464424,845,103,37,4,19,0.052688,1962,3819,91,21,0,10
1.6,2457,0,188652792,845,103,37,4,20,0.050686,1966,3819,91,21,0,10
1.6,2458,0,188826224,845,103,37,4,21,0.047351,1966,3820,91,21,0,10
1.6,2459,0,188899656,845,103,37,4,21,0.046963,1966,3820,98,30,0,12
1.6,2460,0,189087800,845,103,37,4,22,0.046282,1969,3823,98,30,0,12
1.6,2461,0,189259680,845,103,37,4,22,0.046295,1969,3823,98,30,0,12
1.6,2462,0,189300552,845,103,37,4,21,0.046748,1971,3823,98,30,0,12
1.6,2463,0,189488768,845,103,37,4,21,0.046911,1971,3817,98,30,0,12
1.6,2464,0,189710096,845,103,37,4,21,0.047124,1971,3817,98,30,0,12
1.6,2465,0,189890008,845,103,37,4,21,0.046604,1971,3821,92,34,0,13
1.6,2466,0,189980032,845,103,37,4,22,0.045877,1971,3819,92,34,0,13
1.6,2467,0,190102832,845,103,37,4,22,0.046314,1971,3819,92,34,0,13
1.6,2468,0,190282808,845,103,37,4,21,0.046920,1971,3818,92,34,0,13
1.6,2469,0,187014696,846,104,37,4,21,0.047375,1971,3816,92,34,0,13
1.6,2470,0,187163936,846,104,37,4,21,0.048108,1973,3815,92,34,0,13
1.6,2471,0,187278496,846,104,37,4,21,0.048501,1973,3815,96,22,0,11
1.6,2472,0,187458448,846,104,37,4,21,0.047473,1973,3815,96,22,0,11
1.6,2473,0,187646688,846,104,37,4,21,0.046579,1973,3815,96,22,0,11
1.6,2474,0,187679408,846,104,37,4,21,0.046883,1973,3815,96,22,0,11
1.6,2475,0,187859480,846,104,37,4,21,0.047568,1971,3815,96,22,0,11
1.6,2476,0,188081528,846,104,37,4,21,0.047213,1971,3815,96,22,0,11
1.6,2477,0,188269320,846,104,37,4,21,0.047279,1971,3815,89,29,0,14
1.6,2478,0,188383896,846,104,37,4,21,0.047053,1973,3817,89,29,0,14
1.6,2479,0,188473896,846,104,37,4,21,0.047749,1973,3816,89,29,0,14
1.6,2480,0,187135488,847,104,37,4,21,0.048120,1967,3814,89,29,0,14
1.6,2481,0,187307344,847,104,37,4,21,0.047894,1967,3813,89,29,0,14
1.6,2482,0,187530600,847,104,37,4,21,0.048088,1967,3813,89,29,0,14
1.6,2483,0,187571504,847,104,37,4,20,0.048787,1967,3827,95,24,0,10
1.6,2484,0,187767960,847,104,37,4,21,0.048466,1967,3827,95,24,0,10
1.6,2485,0,187939640,847,104,37,4,21,0.047557,1967,3827,95,24,0,10
1.6,2486,0,188029504,847,104,37,4,21,0.047721,1967,3827,95,24,0,10
1.6,2487,0,188160160,847,104,37,4,21,0.046712,1967,3827,95,24,0,10
1.6,2488,0,188375144,847,104,37,4,21,0.047580,1967,3827,95,24,0,10
1.6,2489,0,187035224,848,104,37,4,21,0.047454,1967,3827,90,25,0,13
1.6,2490,0,187100720,848,104,37,4,21,0.046827,1967,3826,90,25,0,13
1.6,2491,0,187256296,848,104,37,4,21,0.047123,1967,3826,90,25,0,13
1.6,2492,0,187436376,848,104,37,4,21,0.047034,1967,3827,90,25,0,13
1.6,2493,0,187624464,848,104,37,4,21,0.047167,1967,3841,90,25,0,13
1.6,2494,0,187708336,848,104,37,4,21,0.046793,1967,3841,90,25,0,13
1.6,2495,0,187888448,848,104,37,4,21,0.047186,1967,3841,87,21,0,13
1.6,2496,0,188076704,848,104,37,4,22,0.046210,1968,3841,87,21,0,13
1.6,2497,0,188109208,848,104,37,4,21,0.046548,1971,3841,87,21,0,13
1.6,2498,0,188297456,848,104,37,4,22,0.044992,1971,3841,87,21,0,13
1.6,2499,0,188460960,848,104,37,4,23,0.043691,1971,3840,87,21,0,13
1.6,2500,0,188493600,848,104,37,4,23,0.043264,1971,3842,87,21,0,13
1.6,2501,0,187201656,849,104,37,4,23,0.043481,2025,3842,95,25,0,11
1.6,2502,0,187389816,849,104,37,4,23,0.042625,2025,3842,95,25,0,11
1.6,2503,0,187422496,849,104,37,4,24,0.042279,2031,3848,95,25,0,11
1.6,2504,0,187602536,849,104,37,4,24,0.042464,2031,3848,95,25,0,11
1.6,2505,0,187782664,849,104,37,4,24,0.042369,2031,3848,95,25,0,11
1.6,2506,0,187848016,849,104,37,4,23,0.043251,2032,3848,95,25,0,11
1.6,2507,0,188020368,849,104,37,4,23,0.043884,2034,3849,99,47,0,12
1.6,2508,0,188200440,849,104,37,4,22,0.045600,2034,3851,99,47,0,12
1.6,2509,0,188388656,849,104,37,4,22,0.046440,2034,3843,99,47,0,12
1.6,2510,0,188544264,849,104,37,4,21,0.047186,2034,3843,99,47,0,12
1.6,2511,0,188593232,849,104,37,4,21,0.046829,2034,3837,99,47,0,12
1.6,2512,0,187228336,850,104,37,4,21,0.047658,2036,3839,99,47,0,12
1.6,2513,0,187442960,850,104,37,4,21,0.048227,2036,3839,95,24,0,15
1.6,2514,0,187483792,850,104,37,4,21,0.047280,2036,3839,95,24,0,15
1.6,2515,0,187663752,850,104,37,4,22,0.046486,2040,3841,95,24,0,15
1.6,2516,0,187852040,850,104,37,4,21,0.047071,2040,3841,95,24,0,15
1.6,2517,0,187950200,850,104,37,4,22,0.046225,2038,3841,95,24,0,15
1.6,2518,0,188072976,850,104,37,4,22,0.045977,2038,3841,95,24,0,15
1.6,2519,0,188301424,850,104,37,4,22,0.046260,2038,3841,94,27,0,9
1.6,2520,0,188473208,850,104,37,4,22,0.046386,2032,3839,94,27,0,9
1.6,2521,0,187086000,851,104,37,4,22,0.045963,2033,3839,94,27,0,9
1.6,2522,0,187118728,851,104,37,4,22,0.045893,2033,3840,94,27,0,9
1.6,2523,0,187315216,851,104,37,4,22,0.045695,2033,3842,94,27,0,9
1.6,2524,0,187495064,851,104,37,4,21,0.047035,2033,3842,94,27,0,9
1.6,2525,0,187568960,851,104,37,4,21,0.047151,2033,3842,95,34,0,10
1.6,2526,0,187757112,851,104,37,4,22,0.046371,2033,3842,95,34,0,10
1.6,2527,0,187920632,851,104,37,4,21,0.046832,2033,3842,95,34,0,10
1.6,2528,0,188122424,851,104,37,4,22,0.046289,2032,3842,95,34,0,10
1.6,2529,0,188163112,851,104,37,4,21,0.046830,2032,3834,95,34,0,10
1.6,2530,0,188343184,851,104,37,4,21,0.046709,2032,3834,95,34,0,10
1.6,2531,0,188531456,851,104,37,4,21,0.047021,2035,3833,93,33,0,14
1.6,2532,0,188637664,851,104,37,4,21,0.047414,2035,3833,93,33,0,14
1.6,2533,0,163297440,853,105,38,4,21,0.048641,2036,3833,93,33,0,14
1.6,2534,0,163453248,853,105,38,4,21,0.047735,2036,3833,93,33,0,14
1.6,2535,0,163633320,853,105,38,4,21,0.048510,2036,3833,93,33,0,14
1.6,2536,0,163812856,853,105,38,4,20,0.048867,2036,3833,93,33,0,14
1.6,2537,0,163896800,853,105,38,4,20,0.048922,2036,3833,97,27,0,13
1.6,2538,0,164085120,853,105,38,4,21,0.048630,2036,3833,97,27,0,13
1.6,2539,0,164273040,853,105,38,4,21,0.047915,2036,3833,97,27,0,13
1.6,2540,0,164379464,853,105,38,4,21,0.047510,2036,3834,97,27,0,13
1.6,2541,0,164469504,853,105,38,4,21,0.047679,2036,3837,97,27,0,13
1.6,2542,0,164649624,853,105,38,4,21,0.047850,2036,3832,97,27,0,13
1.6,2543,0,163392712,854,105,38,4,21,0.047372,2090,3832,91,24,0,12
1.6,2544,0,163572120,854,105,38,4,21,0.048390,2093,3834,91,24,0,12
1.6,2545,0,163678488,854,105,38,4,20,0.049722,2099,3833,91,24,0,12
1.6,2546,0,163801096,854,105,38,4,20,0.050600,2099,3833,91,24,0,12
1.6,2547,0,164030216,854,105,38,4,20,0.050559,2099,3833,91,24,0,12
1.6,2548,0,164302376,854,105,38,4,20,0.050738,2099,3833,96,22,0,11
1.6,2549,0,164514944,854,105,38,4,19,0.052179,2598,3772,96,22,0,11
1.6,2550,0,164694832,854,105,38,4,19,0.052868,2586,3768,96,22,0,11
1.6,2551,0,164735712,854,105,38,4,19,0.053531,2586,3767,96,22,0,11
1.6,2552,0,163440384,855,105,38,4,19,0.053448,2586,3767,96,22,0,11
1.6,2553,0,163661560,855,105,38,4,19,0.052657,2587,3767,90,25,0,14
1.6,2554,0,163849808,855,105,38,4,19,0.052300,2587,3767,90,25,0,14
1.6,2555,0,164021608,855,105,38,4,20,0.051016,2587,3768,90,25,0,14
1.6,2556,0,164127688,855,105,38,4,19,0.051461,2587,3768,90,25,0,14
1.6,2557,0,164406128,855,105,38,4,19,0.052038,2587,3770,90,25,0,14
1.6,2558,0,164611600,855,105,38,4,19,0.052926,2587,3772,92,29,0,14
1.6,2559,0,164963560,855,105,38,4,19,0.051458,2587,3772,92,29,0,14
1.6,2560,0,165004440,855,105,38,4,20,0.051279,2643,3772,92,29,0,14
1.6,2561,0,165323768,855,105,38,4,20,0.050624,2643,3770,92,29,0,14
1.6,2562,0,163584456,856,105,38,4,19,0.051550,2643,3756,92,29,0,14
1.6,2563,0,163749504,856,105,38,4,19,0.051862,2646,3757,91,29,0,22
1.6,2564,0,163978560,856,105,38,4,19,0.051949,2645,3757,91,29,0,22
1.6,2565,0,164305976,856,105,38,4,19,0.053111,2646,3758,91,29,0,22
1.6,2566,0,164502328,856,105,38,4,19,0.052084,2648,3758,91,29,0,22
1.6,2567,0,164682400,856,105,38,4,19,0.051791,2648,3756,91,29,0,22
1.6,2568,0,164862336,856,105,38,4,19,0.052118,2648,3755,95,38,1,18
1.6,2569,0,164911272,856,105,38,4,19,0.052290,2610,3737,95,38,1,18
1.6,2570,0,163506960,857,106,38,4,19,0.053926,2658,3740,95,38,1,18
1.6,2571,0,163695280,857,106,38,4,19,0.053900,2701,3744,95,38,1,18
1.6,2572,0,163891696,857,106,38,4,18,0.054460,2683,3749,95,38,1,18
1.6,2573,0,164098368,857,106,38,4,18,0.054224,2593,3721,94,35,0,10
1.6,2574,0,164302872,857,106,38,4,18,0.055152,2451,3715,94,35,0,10
1.6,2575,0,164368384,857,106,38,4,19,0.053575,2435,3717,94,35,0,10
1.6,2576,0,164540144,857,106,38,4,19,0.053561,2435,3717,94,35,0,10
1.6,2577,0,164720224,857,106,38,4,19,0.053273,2435,3717,94,35,0,10
1.6,2578,0,163362240,858,106,38,4,19,0.052347,2435,3717,93,36,0,15
1.6,2579,0,163527880,858,106,38,4,19,0.053212,2435,3717,93,36,0,15
1.6,2580,0,163642416,858,106,38,4,19,0.052082,2430,3717,93,36,0,15
1.6,2581,0,163838928,858,106,38,4,19,0.051902,2542,3719,93,36,0,15
1.6,2582,0,164027136,858,106,38,4,20,0.050694,2662,3748,93,36,0,15
1.6,2583,0,164206744,858,106,38,4,20,0.051026,2672,3750,96,32,0,13
1.6,2584,0,164274152,858,106,38,4,20,0.050075,2677,3749,96,32,0,13
1.6,2585,0,164470640,858,106,38,4,19,0.051834,2681,3749,96,32,0,13
1.6,2586,0,164748712,858,106,38,4,19,0.053070,2684,3746,96,32,0,13
1.6,2587,0,164846952,858,106,38,4,18,0.054885,2677,3746,96,32,0,13
1.6,2588,0,163496352,859,106,38,4,18,0.055051,2678,3747,91,28,0,13
1.6,2589,0,163726744,859,106,38,4,18,0.054266,2678,3747,91,28,0,13
1.6,2590,0,163923072,859,106,38,4,18,0.054970,2678,3747,91,28,0,13
1.6,2591,0,164070432,859,106,38,4,18,0.055043,2678,3739,91,28,0,13
1.6,2592,0,164176784,859,106,38,4,18,0.055207,2678,3740,91,28,0,13
1.6,2593,0,164332304,859,106,38,4,18,0.054984,2573,3712,92,29,0,12
1.6,2594,0,164560688,859,106,38,4,18,0.055117,2245,3709,92,29,0,12
1.6,2595,0,164748928,859,106,38,4,18,0.054794,2139,3642,92,29,0,12
1.6,2596,0,164822544,859,106,38,4,19,0.052903,2075,3638,92,29,0,12
1.6,2597,0,163439624,860,106,38,4,19,0.051555,2078,3638,92,29,0,12
1.6,2598,0,163636192,860,106,38,4,20,0.050883,2078,3640,90,26,0,10
1.6,2599,0,163859320,860,106,38,4,20,0.051242,2079,3640,90,26,0,10
1.6,2600,0,164047520,860,106,38,4,20,0.051091,2079,3642,90,26,0,10
1.6,2601,0,164243960,860,106,38,4,19,0.052525,2080,3643,90,26,0,10
1.6,2602,0,164423760,860,106,38,4,19,0.051765,2074,3641,90,26,0,10
1.6,2603,0,164464720,860,106,38,4,19,0.051665,2132,3639,96,31,0,13
1.6,2604,0,164702296,860,106,38,4,20,0.050648,2132,3640,96,31,0,13
1.6,2605,0,164784040,860,106,38,4,21,0.048770,2132,3640,96,31,0,13
1.6,2606,0,164914872,860,106,38,4,20,0.049172,2134,3642,96,31,0,13
1.6,2607,0,163569696,861,106,38,4,20,0.048932,2134,3634,96,31,0,13
1.6,2608,0,163766104,861,106,38,4,20,0.049586,2134,3634,96,31,0,13
1.6,2609,0,163864216,861,106,38,4,21,0.048346,2132,3638,93,28,0,12
1.6,2610,0,164053008,861,106,38,4,21,0.047945,2202,3638,93,28,0,12
1.6,2611,0,164249136,861,106,38,4,22,0.046373,2202,3638,93,28,0,12
1.6,2612,0,164516848,861,106,38,4,22,0.045727,2202,3637,93,28,0,12
1.6,2613,0,164573984,861,106,38,4,22,0.045786,2202,3636,93,28,0,12
1.6,2614,0,164737592,861,106,38,4,21,0.047700,2201,3635,93,28,0,12
1.6,2615,0,164950440,861,106,38,4,21,0.048672,2201,3629,94,37,0,13
1.6,2616,0,163636256,862,106,38,4,21,0.048652,2201,3629,94,37,0,13
1.6,2617,0,163693544,862,106,38,4,21,0.048362,2199,3625,94,37,0,13
1.6,2618,0,163865488,862,106,38,4,21,0.047932,2199,3625,94,37,0,13
1.6,2619,0,164029032,862,106,38,4,21,0.048368,2199,3627,94,37,0,13
1.6,2620,0,164225408,862,106,38,4,21,0.047766,2199,3627,94,37,0,13
1.6,2621,0,164421704,862,106,38,4,20,0.049264,2198,3627,92,29,0,17
1.6,2622,0,164570912,862,106,38,4,20,0.050286,2201,3627,92,29,0,17
1.6,2623,0,164693704,862,106,38,4,20,0.050577,2200,3633,92,29,0,17
1.6,2624,0,164889520,862,106,38,4,20,0.049407,2238,3631,92,29,0,17
1.6,2625,0,163491728,863,106,38,4,20,0.049729,2238,3621,92,29,0,17
1.6,2626,0,163671416,863,106,38,4,20,0.049757,2238,3621,92,29,0,17
1.6,2627,0,163712280,863,106,38,4,20,0.050016,2238,3626,92,26,0,11
1.6,2628,0,163949456,863,106,38,4,20,0.049936,2238,3627,92,26,0,11
1.6,2629,0,164137648,863,106,38,4,20,0.050231,2238,3627,92,26,0,11
1.6,2630,0,164178512,863,106,38,4,20,0.049861,2240,3629,92,26,0,11
1.6,2631,0,164395488,863,106,38,4,20,0.049246,2240,3632,92,26,0,11
1.6,2632,0,164567192,863,106,38,4,20,0.049090,2257,3640,92,26,0,11
1.6,2633,0,164763208,863,106,38,4,20,0.048994,2296,3697,96,35,0,15
1.6,2634,0,164845344,863,106,38,4,20,0.049941,2354,3704,96,35,0,15
1.6,2635,0,163486328,864,106,38,4,20,0.050490,2354,3703,96,35,0,15
1.6,2636,0,163682840,864,106,38,4,20,0.050400,2366,3703,96,35,0,15
1.6,2637,0,163871048,864,106,38,4,19,0.051457,2366,3709,96,35,0,15
1.6,2638,0,163920120,864,106,38,4,19,0.051369,2366,3710,89,31,0,9
1.6,2639,0,164134320,864,106,38,4,19,0.051641,2366,3710,89,31,0,9
1.6,2640,0,164330744,864,106,38,4,19,0.051926,2367,3702,89,31,0,9
1.6,2641,0,164510800,864,106,38,4,19,0.051430,2367,3704,89,31,0,9
1.6,2642,0,164698648,864,106,38,4,19,0.051513,2367,3696,89,31,0,9
1.6,2643,0,164747240,864,106,38,4,19,0.051333,2367,3697,91,29,0,13
1.6,2644,0,164927288,864,106,38,4,20,0.050415,2368,3700,91,29,0,13
1.6,2645,0,163577192,865,106,38,4,20,0.049459,2368,3700,91,29,0,13
1.6,2646,0,163773536,865,106,38,4,20,0.050980,2368,3700,91,29,0,13
1.6,2647,0,163838944,865,106,38,4,20,0.050058,2368,3701,91,29,0,13
1.6,2648,0,164002736,865,106,38,4,20,0.050224,2368,3701,92,33,0,13
1.6,2649,0,164190984,865,106,38,4,20,0.049907,2368,3701,92,33,0,13
1.6,2650,0,164405504,865,106,38,4,20,0.051081,2369,3703,92,33,0,13
1.6,2651,0,164601944,865,106,38,4,19,0.052560,2368,3703,92,33,0,13
1.6,2652,0,164790184,865,106,38,4,19,0.053850,2369,3704,92,33,0,13
1.6,2653,0,164986584,865,106,38,4,18,0.054605,2369,3705,89,21,0,11
1.6,2654,0,163609256,866,106,38,4,18,0.054563,2369,3705,89,21,0,11
1.6,2655,0,163832336,866,106,38,4,18,0.056177,2372,3694,89,21,0,11
1.6,2656,0,164020496,866,106,38,4,18,0.055874,2372,3696,89,21,0,11
1.6,2657,0,164208360,866,106,38,4,18,0.055835,2473,3699,89,21,0,11
1.6,2658,0,164330544,866,106,38,4,18,0.056880,2522,3696,91,38,0,13
1.6,2659,0,166029400,867,106,38,4,17,0.057369,2686,3694,91,38,0,13
1.6,2660,0,166252000,867,106,38,4,18,0.055448,2794,3690,91,38,0,13
1.6,2661,0,166292816,867,106,38,4,19,0.053339,2789,3687,91,38,0,13
1.6,2662,0,166489296,867,106,38,4,19,0.052332,2789,3689,91,38,0,13
1.6,2663,0,165697096,868,106,38,4,19,0.052573,2789,3689,96,23,0,14
1.6,2664,0,165877160,868,106,38,4,19,0.053100,2789,3690,96,23,0,14
1.6,2665,0,166107160,868,106,38,4,19,0.051329,2789,3692,96,23,0,14
1.6,2666,0,166213536,868,106,38,4,19,0.051488,2789,3689,96,23,0,14
1.6,2667,0,166327928,868,106,38,4,19,0.051913,2790,3689,96,23,0,14
1.6,2668,0,166655536,868,106,38,4,20,0.051261,2790,3689,90,28,0,14
1.6,2669,0,166827104,868,106,38,4,20,0.050595,2790,3690,90,28,0,14
1.6,2670,0,166927384,868,106,38,4,19,0.052267,2790,3690,90,28,0,14
1.6,2671,0,167099304,868,106,38,4,19,0.053191,2789,3682,90,28,0,14
1.6,2672,0,167295720,868,106,38,4,19,0.052551,2789,3682,90,28,0,14
1.6,2673,0,167475560,868,106,38,4,19,0.052484,2786,3682,92,20,0,10
1.6,2674,0,167680032,868,106,38,4,19,0.052390,2786,3682,92,20,0,10
1.6,2675,0,164482464,869,107,38,4,19,0.052117,2787,3671,92,20,0,10
1.6,2676,0,164580608,869,107,38,4,19,0.052129,2787,3671,92,20,0,10
1.6,2677,0,164727792,869,107,38,4,19,0.052084,2786,3670,92,20,0,10
1.6,2678,0,164923120,869,107,38,4,19,0.051982,2789,3674,91,26,1,14
1.6,2679,0,165119304,869,107,38,4,19,0.052415,2789,3669,91,26,1,14
1.6,2680,0,165346496,869,107,38,4,19,0.053657,2790,3669,91,26,1,14
1.6,2681,0,165542992,869,107,38,4,18,0.055809,2790,3668,91,26,1,14
1.6,2682,0,165714960,869,107,38,4,18,0.056977,2791,3667,91,26,1,14
1.6,2683,0,164355768,870,107,38,4,17,0.057800,2791,3667,96,35,0,12
1.6,2684,0,164587016,870,107,38,4,17,0.060144,2791,3667,96,35,0,12
1.6,2685,0,164766976,870,107,38,4,16,0.061353,2791,3666,96,35,0,12
1.6,2686,0,164963168,870,107,38,4,16,0.060884,2791,3668,96,35,0,12
1.6,2687,0,165004040,870,107,38,4,17,0.060203,2791,3660,96,35,0,12
1.6,2688,0,165184072,870,107,38,4,17,0.059788,2791,3650,88,30,0,13
1.6,2689,0,165415128,870,107,38,4,17,0.060485,2791,3651,88,30,0,13
1.6,2690,0,165603232,870,107,38,4,17,0.058747,2791,3650,88,30,0,13
1.6,2691,0,165652168,870,107,38,4,18,0.056216,2844,3642,88,30,0,13
1.6,2692,0,165840464,870,107,38,4,18,0.055205,2844,3641,88,30,0,13
1.6,2693,0,164542904,871,107,38,4,19,0.053621,2845,3641,92,28,0,13
1.6,2694,0,164741288,871,107,38,4,19,0.052252,2847,3641,92,28,0,13
1.6,2695,0,164921344,871,107,38,4,19,0.052253,2847,3633,92,28,0,13
1.6,2696,0,165125848,871,107,38,4,19,0.051701,2849,3624,92,28,0,13
1.6,2697,0,165313672,871,107,38,4,19,0.052046,2847,3618,92,28,0,13
1.6,2698,0,165451664,871,107,38,4,19,0.052412,2847,3619,92,34,0,14
1.6,2699,0,165576488,871,107,38,4,19,0.051597,2849,3619,92,34,0,14
1.6,2700,0,165764624,871,107,38,4,19,0.052381,2849,3619,92,34,0,14
1.6,2701,0,164440088,872,107,38,4,19,0.052492,2849,3619,92,34,0,14
1.6,2702,0,164538360,872,107,38,4,19,0.053600,2849,3619,92,34,0,14
1.6,2703,0,164669280,872,107,38,4,19,0.053414,2849,3619,90,29,0,11
1.6,2704,0,164908744,872,107,38,4,19,0.053594,2849,3619,90,29,0,11
1.6,2705,0,165088760,872,107,38,4,19,0.054000,2849,3614,90,29,0,11
1.6,2706,0,165277048,872,107,38,4,19,0.053916,2852,3619,90,29,0,11
1.6,2707,0,165473448,872,107,38,4,19,0.053959,2852,3619,90,29,0,11
1.6,2708,0,165669896,872,107,38,4,18,0.055167,2852,3619,91,27,0,14
1.6,2709,0,165900296,872,107,38,4,18,0.055139,2851,3619,91,27,0,14
1.6,2710,0,164535728,873,107,38,4,18,0.055235,2851,3619,91,27,0,14
1.6,2711,0,164617216,873,107,38,4,18,0.055830,2851,3619,91,27,0,14
1.6,2712,0,164739888,873,107,38,4,18,0.054924,2851,3619,91,27,0,14
1.6,2713,0,164944576,873,107,38,4,18,0.055119,2853,3618,96,33,0,12
1.6,2714,0,165183880,873,107,38,4,18,0.055470,2853,3618,96,33,0,12
1.6,2715,0,165355664,873,107,38,4,18,0.054438,2854,3619,96,33,0,12
1.6,2716,0,165552168,873,107,38,4,18,0.055590,2957,3625,96,33,0,12
1.6,2717,0,165715592,873,107,38,4,18,0.054813,2940,3622,96,33,0,12
1.6,2718,0,165797336,873,107,38,4,19,0.053768,2717,3599,91,26,0,13
1.6,2719,0,164457984,874,107,38,4,18,0.054637,2719,3603,91,26,0,13
1.6,2720,0,164637984,874,107,38,4,19,0.053631,2717,3600,91,26,0,13
1.6,2721,0,164826248,874,107,38,4,19,0.052766,2717,3591,91,26,0,13
1.6,2722,0,164891616,874,107,38,4,19,0.053565,2717,3591,91,26,0,13
1.6,2723,0,165088512,874,107,38,4,19,0.053288,2717,3591,94,33,0,12
1.6,2724,0,165302464,874,107,38,4,19,0.052725,2718,3594,94,33,0,12
1.6,2725,0,165482472,874,107,38,4,19,0.052623,2776,3591,94,33,0,12
1.6,2726,0,165662552,874,107,38,4,19,0.052659,2988,3638,94,33,0,12
1.6,2727,0,165858888,874,107,38,4,19,0.053228,3004,3630,94,33,0,12
1.6,2728,0,164446608,875,107,38,4,19,0.052936,3004,3629,90,23,0,14
1.6,2729,0,164587688,875,107,38,4,19,0.052207,3004,3627,90,23,0,14
1.6,2730,0,164784152,875,107,38,4,19,0.052096,3006,3627,90,23,0,14
1.6,2731,0,164955952,875,107,38,4,19,0.052578,3015,3630,90,23,0,14
1.6,2732,0,165143752,875,107,38,4,19,0.051769,3015,3631,90,23,0,14
1.6,2733,0,165225552,875,107,38,4,19,0.052767,3015,3631,95,30,0,13
1.6,2734,0,165479080,875,107,38,4,19,0.051712,3015,3635,95,30,0,13
1.6,2735,0,165585504,875,107,38,4,19,0.053166,3015,3635,95,30,0,13
1.6,2736,0,165749088,875,107,38,4,19,0.051290,3016,3635,95,30,0,13
1.6,2737,0,164369560,876,107,38,4,19,0.051734,3016,3635,95,30,0,13
1.6,2738,0,164574144,876,107,38,4,19,0.051543,3016,3635,96,31,1,13
1.6,2739,0,164647736,876,107,38,4,19,0.052511,3019,3636,96,31,1,13
1.6,2740,0,164827872,876,107,38,4,19,0.052285,3019,3636,96,31,1,13
1.6,2741,0,165007952,876,107,38,4,19,0.053147,3019,3636,96,31,1,13
1.6,2742,0,165196176,876,107,38,4,19,0.053315,3019,3636,96,31,1,13
1.6,2743,0,165392616,876,107,38,4,19,0.053415,3016,3630,90,21,0,11
1.6,2744,0,165606984,876,107,38,4,19,0.053653,3017,3630,90,21,0,11
1.6,2745,0,165737776,876,107,38,4,19,0.052485,3017,3631,90,21,0,11
1.6,2746,0,165893216,876,107,38,4,18,0.054274,3017,3629,90,21,0,11
1.6,2747,0,164468440,877,107,38,4,18,0.055308,3017,3626,90,21,0,11
1.6,2748,0,164656456,877,107,38,4,17,0.057835,3015,3626,93,22,0,15
1.6,2749,0,164885872,877,107,38,4,17,0.057526,3015,3625,93,22,0,15
1.6,2750,0,165238024,877,107,38,4,16,0.062069,3016,3625,93,22,0,15
1.6,2751,0,165417800,877,107,38,4,16,0.062328,3017,3627,93,22,0,15
1.6,2752,0,165589776,877,107,38,4,15,0.064806,3018,3627,93,22,0,15
1.6,2753,0,165820472,877,107,38,4,15,0.065642,3019,3627,91,14,1,14
1.6,2754,0,164461840,878,107,38,4,15,0.065600,3073,3627,91,14,1,14
1.6,2755,0,164641920,878,107,38,4,15,0.065539,3077,3627,91,14,1,14
1.6,2756,0,164821912,878,107,38,4,15,0.065399,3077,3627,91,14,1,14
1.6,2757,0,164879096,878,107,38,4,15,0.064961,3077,3627,98,37,0,13
1.6,2758,0,165075288,878,107,38,4,16,0.063851,3078,3629,98,37,0,13
1.6,2759,0,165263624,878,107,38,4,16,0.063173,3078,3629,98,37,0,13
1.6,2760,0,165451824,878,107,38,4,17,0.059929,3079,3630,98,37,0,13
1.6,2761,0,165623736,878,107,38,4,17,0.058332,3078,3629,98,37,0,13
1.6,2762,0,165828192,878,107,38,4,18,0.055831,3078,3629,94,30,0,13
1.6,2763,0,165894160,878,107,38,4,18,0.054456,3078,3629,94,30,0,13
1.6,2764,0,164520432,879,107,38,4,18,0.054385,3078,3629,94,30,0,13
1.6,2765,0,164725104,879,107,38,4,18,0.054526,3080,3631,94,30,0,13
1.6,2766,0,164888736,879,107,38,4,19,0.053791,3080,3631,94,30,0,13
1.6,2767,0,165085152,879,107,38,4,19,0.052853,3080,3631,91,20,0,12
1.6,2768,0,165192696,879,107,38,4,19,0.052539,3079,3631,91,20,0,12
1.6,2769,0,165356512,879,107,38,4,19,0.052445,3078,3631,91,20,0,12
1.6,2770,0,165683912,879,107,38,4,19,0.052325,3077,3632,91,20,0,12
1.6,2771,0,165847568,879,107,38,4,19,0.053688,3077,3624,91,20,0,12
1.6,2772,0,164476320,880,107,38,4,19,0.053745,3077,3622,91,18,0,14
1.6,2773,0,164715088,880,107,38,4,19,0.053094,3077,3622,91,18,0,14
1.6,2774,0,164755944,880,107,38,4,19,0.053811,3077,3622,91,18,0,14
1.6,2775,0,164952296,880,107,38,4,19,0.053641,3077,3622,91,18,0,14
1.6,2776,0,165124184,880,107,38,4,19,0.052896,3077,3621,91,18,0,14
1.6,2777,0,165304208,880,107,38,4,18,0.054321,3074,3620,91,26,0,10
1.6,2778,0,165543064,880,107,38,4,19,0.053234,3074,3620,91,26,0,10
1.6,2779,0,165739536,880,107,38,4,18,0.054526,3074,3624,91,26,0,10
1.6,2780,0,165935416,880,107,38,4,19,0.053530,3068,3622,91,26,0,10
1.6,2781,0,164536600,881,107,38,4,19,0.053562,3069,3622,91,26,0,10
1.6,2782,0,164617968,881,107,38,4,19,0.053497,3069,3622,96,36,0,11
1.6,2783,0,164823928,881,107,38,4,18,0.054405,3069,3621,96,36,0,11
1.6,2784,0,165020184,881,107,38,4,19,0.053693,3069,3588,96,36,0,11
1.6,2785,0,165216656,881,107,38,4,18,0.054708,3128,3592,96,36,0,11
1.6,2786,0,165396688,881,107,38,4,18,0.055411,3131,3592,96,36,0,11
1.6,2787,0,165620696,881,107,38,4,18,0.055110,3131,3592,91,26,0,13
1.6,2788,0,165785136,881,107,38,4,18,0.055328,3130,3591,91,26,0,13
1.6,2789,0,165907752,881,107,38,4,18,0.054194,3130,3583,91,26,0,13
1.6,2790,0,164555720,882,107,38,4,18,0.055039,3130,3583,91,26,0,13
1.6,2791,0,164752096,882,107,38,4,18,0.054426,3129,3583,91,26,0,13
1.6,2792,0,164938808,882,107,38,4,19,0.053704,3129,3583,92,28,0,13
1.6,2793,0,165020736,882,107,38,4,19,0.053641,3128,3614,92,28,0,13
1.6,2794,0,165217176,882,107,38,4,18,0.055347,3128,3614,92,28,0,13
1.6,2795,0,165389144,882,107,38,4,19,0.053810,3128,3612,92,28,0,13
1.6,2796,0,165577424,882,107,38,4,19,0.053335,3128,3614,92,28,0,13
1.6,2797,0,165773864,882,107,38,4,19,0.053037,3128,3615,89,23,0,10
1.6,2798,0,165874048,882,107,38,4,19,0.052566,3128,3614,89,23,0,10
1.6,2799,0,164484096,883,107,38,4,19,0.052227,3128,3612,89,23,0,10
1.6,2800,0,164680584,883,107,38,4,19,0.051289,3131,3615,89,23,0,10
1.6,2801,0,164868624,883,107,38,4,19,0.051638,3131,3615,89,23,0,10
1.6,2802,0,165031472,883,107,38,4,19,0.051911,3131,3604,95,26,0,16
1.6,2803,0,165113112,883,107,38,4,20,0.051142,3131,3604,95,26,0,16
1.6,2804,0,165328104,883,107,38,4,20,0.049215,3129,3604,95,26,0,16
1.6,2805,0,165516384,883,107,38,4,20,0.050625,3129,3605,95,26,0,16
1.6,2806,0,165704640,883,107,38,4,19,0.051911,3129,3605,95,26,0,16
1.6,2807,0,165901128,883,107,38,4,20,0.051017,3129,3607,91,27,0,10
1.6,2808,0,164531392,884,107,38,4,19,0.052460,3129,3600,91,27,0,10
1.6,2809,0,164623592,884,107,38,4,19,0.052416,3129,3601,91,27,0,10
1.6,2810,0,164795544,884,107,38,4,19,0.052663,3129,3601,91,27,0,10
1.6,2811,0,164983840,884,107,38,4,19,0.052092,3127,3565,91,27,0,10
1.6,2812,0,165163960,884,107,38,4,19,0.052337,3127,3563,89,22,0,13
1.6,2813,0,165368520,884,107,38,4,19,0.053415,3127,3557,89,22,0,13
1.6,2814,0,165501504,884,107,38,4,19,0.053206,3127,3557,89,22,0,13
1.6,2815,0,165624296,884,107,38,4,19,0.051880,3127,3557,89,22,0,13
1.6,2816,0,165812568,884,107,38,4,20,0.051103,3130,3560,89,22,0,13
1.6,2817,0,164438120,885,107,38,4,19,0.052142,3178,3558,90,19,0,12
1.6,2818,0,164634648,885,107,38,4,20,0.050752,3180,3558,90,19,0,12
1.6,2819,0,164846672,885,107,38,4,19,0.052146,3181,3560,90,19,0,12
1.6,2820,0,164969384,885,107,38,4,19,0.052010,3181,3552,90,19,0,12
1.6,2821,0,165067552,885,107,38,4,19,0.052593,3181,3554,90,19,0,12
1.6,2822,0,165280360,885,107,38,4,19,0.052486,3186,3554,90,24,0,13
1.6,2823,0,165452120,885,107,38,4,19,0.052387,3026,3511,90,24,0,13
1.6,2824,0,165674064,885,107,38,4,19,0.053743,3026,3513,90,24,0,13
1.6,2825,0,165862344,885,107,38,4,18,0.054169,3029,3515,90,24,0,13
1.6,2826,0,164503024,886,107,38,4,18,0.054546,3031,3509,90,24,0,13
1.6,2827,0,164625856,886,107,38,4,19,0.054050,3031,3503,91,28,0,15
1.6,2828,0,164732248,886,107,38,4,18,0.054698,3031,3503,91,28,0,15
1.6,2829,0,164944984,886,107,38,4,19,0.053403,3032,3503,91,28,0,15
1.6,2830,0,165133288,886,107,38,4,19,0.053450,3032,3509,91,28,0,15
1.6,2831,0,165321448,886,107,38,4,19,0.053584,3032,3511,91,28,0,15
1.6,2832,0,165460296,886,107,38,4,19,0.053367,3032,3511,94,29,0,11
1.6,2833,0,165558304,886,107,38,4,19,0.053126,3032,3511,94,29,0,11
1.6,2834,0,165789464,886,107,38,4,19,0.052434,3032,3511,94,29,0,11
1.6,2835,0,164397896,887,107,38,4,19,0.052726,3032,3513,94,29,0,11
1.6,2836,0,164594416,887,107,38,4,19,0.051471,3032,3513,94,29,0,11
1.6,2837,0,164642728,887,107,38,4,19,0.051880,3032,3498,85,21,0,10
1.6,2838,0,164839176,887,107,38,4,20,0.050809,3032,3502,85,21,0,10
1.6,2839,0,165027352,887,107,38,4,20,0.050074,2818,3445,85,21,0,10
1.6,2840,0,165225832,887,107,38,4,20,0.050982,2818,3445,85,21,0,10
1.6,2841,0,165266736,887,107,38,4,20,0.048788,2818,3447,85,21,0,10
1.6,2842,0,165479520,887,107,38,4,20,0.049846,2818,3448,91,21,0,11
1.6,2843,0,165667856,887,107,38,4,20,0.049253,2818,3448,91,21,0,11
1.6,2844,0,165864184,887,107,38,4,20,0.049006,2830,3448,91,21,0,11
1.6,2845,0,166686936,889,107,38,4,20,0.050284,2830,3450,91,21,0,11
1.6,2846,0,166867104,889,107,38,4,19,0.051602,2830,3450,91,21,0,11
1.6,2847,0,167063552,889,107,38,4,20,0.049645,2836,3444,91,21,0,11
1.6,2848,0,167102840,889,107,38,4,19,0.051396,2838,3445,90,33,0,13
1.6,2849,0,167299368,889,107,38,4,19,0.052217,2893,3445,90,33,0,13
1.6,2850,0,167487584,889,107,38,4,20,0.050751,2895,3445,90,33,0,13
1.6,2851,0,167692280,889,107,38,4,18,0.054389,2895,3445,90,33,0,13
1.6,2852,0,167888744,889,107,38,4,18,0.054760,2895,3444,90,33,0,13
1.6,2853,0,168077080,889,107,38,4,18,0.055604,2886,3440,90,31,0,13
1.6,2854,0,168281712,889,107,38,4,18,0.055497,2886,3429,90,31,0,13
1.6,2855,0,168469760,889,107,38,4,18,0.054659,2886,3423,90,31,0,13
1.6,2856,0,165273384,890,108,38,4,18,0.054512,2886,3424,90,31,0,13
1.6,2857,0,165330680,890,108,38,4,18,0.055449,2886,3424,90,31,0,13
1.6,2858,0,165509648,890,108,38,4,18,0.054691,2886,3423,85,21,0,13
1.6,2859,0,165714296,890,108,38,4,18,0.054454,2674,3358,85,21,0,13
1.6,2860,0,165910768,890,108,38,4,18,0.054847,2674,3358,85,21,0,13
1.6,2861,0,166082504,890,108,38,4,19,0.052390,2674,3349,85,21,0,13
1.6,2862,0,166248296,890,108,38,4,19,0.052301,2674,3350,85,21,0,13
1.6,2863,0,166362720,890,108,38,4,19,0.051956,2674,3339,92,29,0,11
1.6,2864,0,166550976,890,108,38,4,19,0.053019,2674,3339,92,29,0,11
1.6,2865,0,166739176,890,108,38,4,19,0.051986,2674,3343,92,29,0,11
1.6,2866,0,165359992,891,108,38,4,19,0.052142,2674,3343,92,29,0,11
1.6,2867,0,165589104,891,108,38,4,19,0.052318,2674,3343,92,29,0,11
1.6,2868,0,165735560,891,108,38,4,19,0.052051,2674,3343,88,19,0,12
1.6,2869,0,165833568,891,108,38,4,19,0.053259,2674,3346,88,19,0,12
1.6,2870,0,166013720,891,108,38,4,19,0.053374,2674,3339,88,19,0,12
1.6,2871,0,166185600,891,108,38,4,18,0.054736,2674,3331,88,19,0,12
1.6,2872,0,166424264,891,108,38,4,18,0.054863,2674,3331,88,19,0,12
1.6,2873,0,166604016,891,108,38,4,18,0.055493,2674,3332,93,21,0,12
1.6,2874,0,166812464,891,108,38,4,18,0.055867,2674,3336,93,21,0,12
1.6,2875,0,165462448,892,108,38,4,18,0.056605,2674,3336,93,21,0,12
1.6,2876,0,165642080,892,108,38,4,18,0.055533,2674,3332,93,21,0,12
1.6,2877,0,165740272,892,108,38,4,18,0.055401,2674,3330,93,21,0,12
1.6,2878,0,165984712,892,108,38,4,18,0.055583,2674,3329,97,41,0,13
1.6,2879,0,166107176,892,108,38,4,18,0.057105,2745,3328,97,41,0,13
1.6,2880,0,166295440,892,108,38,4,18,0.056945,2745,3328,97,41,0,13
1.6,2881,0,166475520,892,108,38,4,18,0.055624,2748,3330,97,41,0,13
1.6,2882,0,166690096,892,108,38,4,18,0.054124,2751,3331,97,41,0,13
1.6,2883,0,166739144,892,108,38,4,19,0.053807,2751,3321,91,28,0,10
1.6,2884,0,165417440,893,108,38,4,19,0.052553,2752,3324,91,28,0,10
1.6,2885,0,165597440,893,108,38,4,19,0.051748,2757,3331,91,28,0,10
1.6,2886,0,165769240,893,108,38,4,19,0.051888,2757,3331,91,28,0,10
1.6,2887,0,165973768,893,108,38,4,19,0.052980,2757,3331,91,28,0,10
1.6,2888,0,166047336,893,108,38,4,19,0.052923,2757,3331,93,26,0,15
1.6,2889,0,166300656,893,108,38,4,20,0.050492,2757,3331,93,26,0,15
1.6,2890,0,166382416,893,108,38,4,19,0.051363,2757,3331,93,26,0,15
1.6,2891,0,166570744,893,108,38,4,19,0.053269,2757,3331,93,26,0,15
1.6,2892,0,166765576,893,108,38,4,19,0.053501,2757,3331,93,26,0,15
1.6,2893,0,165393632,894,108,38,4,19,0.052680,2757,3331,97,33,1,13
1.6,2894,0,165590024,894,108,38,4,19,0.053542,2757,3331,97,33,1,13
1.6,2895,0,165769496,894,108,38,4,19,0.053664,2757,3331,97,33,1,13
1.6,2896,0,165900408,894,108,38,4,19,0.053519,2757,3331,97,33,1,13
1.6,2897,0,166006760,894,108,38,4,19,0.053330,2757,3331,97,33,1,13
1.6,2898,0,166211416,894,108,38,4,19,0.053333,2757,3331,94,29,0,15
1.6,2899,0,166407800,894,108,38,4,18,0.054347,2757,3331,94,29,0,15
1.6,2900,0,166595936,894,108,38,4,19,0.053656,2757,3331,94,29,0,15
1.6,2901,0,166776048,894,108,38,4,19,0.052507,2757,3331,94,29,0,15
1.6,2902,0,166816752,894,108,38,4,19,0.051907,2757,3331,94,29,0,15
1.6,2903,0,165438480,895,108,38,4,19,0.052495,2757,3331,91,27,1,14
1.6,2904,0,165634904,895,108,38,4,19,0.052245,2757,3331,91,27,1,14
1.6,2905,0,165823016,895,108,38,4,19,0.052526,2757,3331,91,27,1,14
1.6,2906,0,166003048,895,108,38,4,19,0.052597,2757,3331,91,27,1,14
1.6,2907,0,166092864,895,108,38,4,19,0.052735,2757,3331,91,27,1,14
1.6,2908,0,166305512,895,108,38,4,19,0.052845,2757,3331,92,28,0,13
1.6,2909,0,166510016,895,108,38,4,18,0.054241,2757,3331,92,28,0,13
1.6,2910,0,166788256,895,108,38,4,18,0.055152,2757,3331,92,28,0,13
1.6,2911,0,165356888,896,108,38,4,18,0.056179,2757,3331,92,28,0,13
1.6,2912,0,165569744,896,108,38,4,17,0.058372,2757,3331,92,28,0,13
1.6,2913,0,165798720,896,108,38,4,17,0.059090,2757,3331,89,23,0,16
1.6,2914,0,165995128,896,108,38,4,17,0.059483,2757,3331,89,23,0,16
1.6,2915,0,166207848,896,108,38,4,16,0.061049,2757,3331,89,23,0,16
1.6,2916,0,166240552,896,108,38,4,16,0.062310,2757,3331,89,23,0,16
1.6,2917,0,166428832,896,108,38,4,16,0.061695,2757,3331,89,23,0,16
1.6,2918,0,166616968,896,108,38,4,16,0.062560,2757,3331,96,28,1,11
1.6,2919,0,166813240,896,108,38,4,17,0.060478,2757,3331,96,28,1,11
1.6,2920,0,165414328,897,108,38,4,17,0.059442,2757,3331,96,28,1,11
1.6,2921,0,165553416,897,108,38,4,17,0.058430,2757,3331,96,28,1,11
1.6,2922,0,165667864,897,108,38,4,17,0.058382,2757,3331,96,28,1,11
1.6,2923,0,165847928,897,108,38,4,17,0.058431,2757,3331,94,24,1,13
1.6,2924,0,166058832,897,108,38,4,17,0.059580,2757,3331,94,24,1,13
1.6,2925,0,166255232,897,108,38,4,17,0.058362,2757,3331,94,24,1,13
1.6,2926,0,166443512,897,108,38,4,17,0.058047,2757,3331,94,24,1,13
1.6,2927,0,166623520,897,108,38,4,17,0.058235,2757,3331,94,24,1,13
1.6,2928,0,166819424,897,108,38,4,17,0.059170,2757,3331,97,29,0,12
1.6,2929,0,165626400,898,108,38,4,16,0.062489,2757,3331,97,29,0,12
1.6,2930,0,165773560,898,108,38,4,15,0.066028,2757,3331,97,29,0,12
1.6,2931,0,165969864,898,108,38,4,15,0.067696,2757,3331,97,29,0,12
1.6,2932,0,166204984,898,108,38,4,14,0.071156,2757,3331,91,26,1,15
1.6,2933,0,166556944,898,108,38,4,14,0.072683,2757,3331,91,26,1,15
1.6,2934,0,166737024,898,108,38,4,14,0.073802,2757,3331,91,26,1,15
1.6,2935,0,165356560,899,108,38,4,13,0.076866,2757,3331,91,26,1,15
1.6,2936,0,165634472,899,108,38,4,13,0.078994,2757,3331,88,24,0,13
1.6,2937,0,165920920,899,108,38,4,12,0.082704,2757,3331,88,24,0,13
1.6,2938,0,166109184,899,108,38,4,12,0.085088,2757,3331,88,24,0,13
1.6,2939,0,166452624,899,108,38,4,12,0.083200,2757,3331,89,22,2,15
1.6,2940,0,166648952,899,108,38,4,12,0.083205,2757,3331,89,22,2,15
1.6,2941,0,166837232,899,108,38,4,12,0.083297,2757,3331,89,22,2,15
1.6,2942,0,165454864,900,108,38,4,12,0.082515,2757,3331,89,22,2,15
1.6,2943,0,165822976,900,108,38,4,12,0.082604,2757,3331,86,22,0,13
1.6,2944,0,166019264,900,108,38,4,12,0.081908,2757,3331,86,22,0,13
1.6,2945,0,166207488,900,108,38,4,12,0.081553,2757,3331,86,22,0,13
1.6,2946,0,166436576,900,108,38,4,12,0.082143,2757,3331,86,22,0,13
1.6,2947,0,166747696,900,108,38,4,12,0.080827,2757,3331,90,23,4,13
1.6,2948,0,165381088,901,108,38,4,12,0.081479,2757,3331,90,23,4,13
1.6,2949,0,165658992,901,108,38,4,12,0.082829,2757,3331,90,23,4,13
1.6,2950,0,165918296,901,108,38,4,12,0.083966,2757,3331,90,23,4,13
1.6,2951,0,166147496,901,108,38,4,12,0.084613,2757,3331,89,14,0,11
1.6,2952,0,166311112,901,108,38,4,12,0.083142,2757,3331,89,14,0,11
1.6,2953,0,166491232,901,108,38,4,12,0.083682,2757,3331,89,14,0,11
1.6,2954,0,166735408,901,108,38,4,12,0.082416,2757,3331,89,14,0,11
1.6,2955,0,165340176,902,108,38,4,12,0.081343,2757,3331,85,21,0,21
1.6,2956,0,165675280,902,108,38,4,13,0.078713,2757,3331,85,21,0,21
1.6,2957,0,165862704,902,108,38,4,13,0.077674,2757,3331,85,21,0,21
1.6,2958,0,166008032,902,108,38,4,14,0.073873,2757,3331,85,21,0,21
1.6,2959,0,166122048,902,108,38,4,14,0.073027,2757,3331,96,38,0,13
1.6,2960,0,166293904,902,108,38,4,15,0.068645,2757,3331,96,38,0,13
1.6,2961,0,166490352,902,108,38,4,15,0.065620,2757,3331,96,38,0,13
1.6,2962,0,166670448,902,108,38,4,16,0.063019,2757,3331,96,38,0,13
1.6,2963,0,165345264,903,108,38,4,17,0.059514,2757,3331,92,21,0,17
1.6,2964,0,165541688,903,108,38,4,17,0.058465,2746,3325,92,21,0,17
1.6,2965,0,165582528,903,108,38,4,17,0.057211,2748,3325,92,21,0,17
1.6,2966,0,165770808,903,108,38,4,18,0.056204,2748,3306,92,21,0,17
1.6,2967,0,165950920,903,108,38,4,19,0.054001,2748,3306,92,21,0,17
1.6,2968,0,166162712,903,108,38,4,19,0.052980,2748,3305,95,32,0,13
1.6,2969,0,166203576,903,108,38,4,20,0.050376,2536,3248,95,32,0,13
1.6,2970,0,166399912,903,108,38,4,20,0.050459,2536,3248,95,32,0,13
1.6,2971,0,166579968,903,108,38,4,20,0.050002,2536,3248,95,32,0,13
1.6,2972,0,166653560,903,108,38,4,20,0.049959,2550,3247,95,32,0,13
1.6,2973,0,165301088,904,108,38,4,20,0.049692,2550,3247,91,30,0,15
1.6,2974,0,165458568,904,108,38,4,20,0.050454,2550,3247,91,30,0,15
1.6,2975,0,165663112,904,108,38,4,20,0.049754,2550,3247,91,30,0,15
1.6,2976,0,165851168,904,108,38,4,20,0.049867,2550,3239,91,30,0,15
1.6,2977,0,166039480,904,108,38,4,20,0.051138,2549,3239,91,30,0,15
1.6,2978,0,166161856,904,108,38,4,20,0.050841,2549,3239,87,22,0,14
1.6,2979,0,166276480,904,108,38,4,20,0.050236,2549,3239,87,22,0,14
1.6,2980,0,166514368,904,108,38,4,20,0.049744,2546,3239,87,22,0,14
1.6,2981,0,166677624,904,108,38,4,20,0.049939,2549,3239,87,22,0,14
1.6,2982,0,165316808,905,108,38,4,20,0.049839,2546,3240,87,22,0,14
1.6,2983,0,165357728,905,108,38,4,20,0.050885,2546,3240,96,46,0,13
1.6,2984,0,165554208,905,108,38,4,20,0.049516,2551,3243,96,46,0,13
1.6,2985,0,165785392,905,108,38,4,20,0.050674,2548,3236,96,46,0,13
1.6,2986,0,165867088,905,108,38,4,20,0.050695,2548,3236,96,46,0,13
1.6,2987,0,165981688,905,108,38,4,21,0.048723,2552,3235,96,46,0,13
1.6,2988,0,166178112,905,108,38,4,20,0.048912,2549,3235,96,46,0,13
1.6,2989,0,166283784,905,108,38,4,20,0.049774,2549,3235,93,32,0,13
1.6,2990,0,166414368,905,108,38,4,20,0.050060,2549,3235,93,32,0,13
1.6,2991,0,166637368,905,108,38,4,20,0.050215,2549,3235,93,32,0,13
1.6,2992,0,166809232,905,108,38,4,20,0.050081,2552,3235,93,32,0,13
1.6,2993,0,165365584,906,108,38,4,20,0.049112,2549,3235,93,32,0,13
1.6,2994,0,165472040,906,108,38,4,20,0.049543,2549,3236,93,32,0,13
1.6,2995,0,165676280,906,108,38,4,21,0.047935,2549,3236,94,26,0,12
1.6,2996,0,165880624,906,108,38,4,21,0.048546,2555,3235,94,26,0,12
1.6,2997,0,165989232,906,108,38,4,20,0.049256,2558,3235,94,26,0,12
1.6,2998,0,166136624,906,108,38,4,20,0.049387,2555,3235,94,26,0,12
1.6,2999,0,166316680,906,108,38,4,20,0.049730,2555,3237,94,26,0,12
1.6,3000,0,166504952,906,108,38,4,20,0.049817,2555,3238,94,26,0,12
1.6,3001,0,166701368,906,108,38,4,20,0.049347,2554,3238,92,27,0,14
1.6,3002,0,166742200,906,108,38,4,20,0.049178,2338,3180,92,27,0,14
1.6,3003,0,165416216,907,108,38,4,20,0.049682,2341,3182,92,27,0,14
1.6,3004,0,165612168,907,108,38,4,21,0.048341,2341,3182,92,27,0,14
1.6,3005,0,165677576,907,108,38,4,20,0.049039,2338,3181,92,27,0,14
1.6,3006,0,165808624,907,108,38,4,21,0.048152,2332,3182,92,27,0,14
1.6,3007,0,166005048,907,108,38,4,20,0.048872,2332,3182,88,26,0,11
1.6,3008,0,166209712,907,108,38,4,20,0.048786,2332,3182,88,26,0,11
1.6,3009,0,166334408,907,108,38,4,21,0.048075,2332,3182,88,26,0,11
1.6,3010,0,166473640,907,108,38,4,21,0.047990,2332,3182,88,26,0,11
1.6,3011,0,166661944,907,108,38,4,21,0.048118,2335,3191,88,26,0,11
1.6,3012,0,166833720,907,108,38,4,21,0.048427,2335,3191,88,26,0,11
1.6,3013,0,165458408,908,108,38,4,21,0.047738,2335,3191,88,22,0,16
1.6,3014,0,165515664,908,108,38,4,21,0.048659,2335,3190,88,22,0,16
1.6,3015,0,165730720,908,108,38,4,21,0.048708,2335,3190,88,22,0,16
1.6,3016,0,165935312,908,108,38,4,21,0.048648,2335,3192,88,22,0,16
1.6,3017,0,165959888,908,108,38,4,21,0.046902,2335,3205,88,22,0,16
1.6,3018,0,166156312,908,108,38,4,22,0.046071,2335,3202,88,22,0,16
1.6,3019,0,166327344,908,108,38,4,22,0.045466,2334,3202,94,28,0,13
1.6,3020,0,166604416,908,108,38,4,22,0.044874,2334,3202,94,28,0,13
1.6,3021,0,168112984,909,108,38,4,22,0.046154,2336,3206,94,28,0,13
1.6,3022,0,168301184,909,108,38,4,22,0.046131,2336,3206,94,28,0,13
1.6,3023,0,167583192,910,108,38,4,22,0.046399,2336,3205,94,28,0,13
1.6,3024,0,167738696,910,108,38,4,22,0.046498,2335,3208,94,28,0,13
1.6,3025,0,167853168,910,108,38,4,22,0.045208,2335,3205,93,29,0,13
1.6,3026,0,167992224,910,108,38,4,22,0.045247,2335,3204,93,29,0,13
1.6,3027,0,168206264,910,108,38,4,21,0.046985,2335,3198,93,29,0,13
1.6,3028,0,168247008,910,108,38,4,21,0.047660,2335,3200,93,29,0,13
1.6,3029,0,168435352,910,108,38,4,20,0.048846,2334,3199,93,29,0,13
1.6,3030,0,168623512,910,108,38,4,20,0.049113,2337,3199,93,29,0,13
1.6,3031,0,168820048,910,108,38,4,21,0.047805,2337,3200,88,20,0,15
1.6,3032,0,168934448,910,108,38,4,21,0.047669,2337,3200,88,20,0,15
1.6,3033,0,169067048,910,108,38,4,21,0.047883,2328,3195,88,20,0,15
1.6,3034,0,169263512,910,108,38,4,21,0.046732,2325,3187,88,20,0,15
1.6,3035,0,169361752,910,108,38,4,21,0.047940,2325,3179,88,20,0,15
1.6,3036,0,169492384,910,108,38,4,21,0.047946,2103,3120,88,20,0,15
1.6,3037,0,166331192,911,109,38,4,21,0.046696,2103,3101,89,26,0,12
1.6,3038,0,166527648,911,109,38,4,21,0.047284,2104,3101,89,26,0,12
1.6,3039,0,166619696,911,109,38,4,22,0.046306,2106,3092,89,26,0,12
1.6,3040,0,166799784,911,109,38,4,21,0.047040,2110,3084,89,26,0,12
1.6,3041,0,167143704,911,109,38,4,19,0.053513,2112,3082,89,26,0,12
1.6,3042,0,167233464,911,109,38,4,19,0.053375,2114,3086,89,26,0,12
1.6,3043,0,167388632,911,109,38,4,19,0.052191,2113,3078,91,26,0,14
1.6,3044,0,167584928,911,109,38,4,19,0.052984,2113,3077,91,26,0,14
1.6,3045,0,166192240,912,109,38,4,19,0.052588,2110,3075,91,26,0,14
1.6,3046,0,166240896,912,109,38,4,19,0.053165,2110,3075,91,26,0,14
1.6,3047,0,166437320,912,109,38,4,19,0.053780,2110,3075,91,26,0,14
1.6,3048,0,166633112,912,109,38,4,19,0.053137,2110,3064,83,24,0,15
1.6,3049,0,166714912,912,109,38,4,19,0.053714,2116,3063,83,24,0,15
1.6,3050,0,166886784,912,109,38,4,19,0.053377,2118,3054,83,24,0,15
1.6,3051,0,167058560,912,109,38,4,21,0.046611,2118,3054,83,24,0,15
1.6,3052,0,167115728,912,109,38,4,21,0.046811,2118,3038,83,24,0,15
1.6,3053,0,167321440,912,109,38,4,21,0.047717,2118,3039,83,24,0,15
1.6,3054,0,167526000,912,109,38,4,21,0.047885,2123,3039,92,29,1,14
1.6,3055,0,167722536,912,109,38,4,21,0.047423,2123,3039,92,29,1,14
1.6,3056,0,166319424,913,109,38,4,21,0.046780,2126,3042,92,29,1,14
1.6,3057,0,166442248,913,109,38,4,21,0.047560,2120,3040,92,29,1,14
1.6,3058,0,166630480,913,109,38,4,21,0.047287,2118,3034,92,29,1,14
1.6,3059,0,166671360,913,109,38,4,21,0.047633,2118,3034,92,29,1,14
1.6,3060,0,166876080,913,109,38,4,21,0.046783,2119,3034,94,37,0,13
1.6,3061,0,167064432,913,109,38,4,21,0.047396,2119,3034,94,37,0,13
1.6,3062,0,167294976,913,109,38,4,21,0.047523,2117,3035,94,37,0,13
1.6,3063,0,167417592,913,109,38,4,21,0.047678,2117,3035,94,37,0,13
1.6,3064,0,167532176,913,109,38,4,21,0.048112,2117,2998,94,37,0,13
1.6,3065,0,167712304,913,109,38,4,21,0.048383,2122,2998,94,37,0,13
1.6,3066,0,166200256,914,109,38,4,21,0.048161,2115,2994,92,33,0,12
1.6,3067,0,166388536,914,109,38,4,21,0.047631,2115,2986,92,33,0,12
1.6,3068,0,166627616,914,109,38,4,21,0.047713,2115,2985,92,33,0,12
1.6,3069,0,166782936,914,109,38,4,21,0.046657,1896,2929,92,33,0,12
1.6,3070,0,166881112,914,109,38,4,21,0.047193,1895,2924,92,33,0,12
1.6,3071,0,167053120,914,109,38,4,21,0.047071,1894,2924,92,33,0,12
1.6,3072,0,167241232,914,109,38,4,21,0.047088,1897,2905,94,40,0,14
1.6,3073,0,167437704,914,109,38,4,21,0.046831,1898,2904,94,40,0,14
1.6,3074,0,167520784,914,109,38,4,21,0.047205,1898,2897,94,40,0,14
1.6,3075,0,167709072,914,109,38,4,21,0.046696,1899,2894,94,40,0,14
1.6,3076,0,166349152,915,109,38,4,21,0.046986,1896,2891,94,40,0,14
1.6,3077,0,166545440,915,109,38,4,22,0.046409,1896,2891,94,40,0,14
1.6,3078,0,166594472,915,109,38,4,22,0.046208,1896,2891,94,47,0,15
1.6,3079,0,166782648,915,109,38,4,22,0.046115,1897,2890,94,47,0,15
1.6,3080,0,167005304,915,109,38,4,22,0.045765,1900,2890,94,47,0,15
1.6,3081,0,167054224,915,109,38,4,22,0.045502,1900,2890,94,47,0,15
1.6,3082,0,167242384,915,109,38,4,22,0.045085,1894,2887,94,47,0,15
1.6,3083,0,167447016,915,109,38,4,22,0.045914,1894,2887,94,47,0,15
1.6,3084,0,167528800,915,109,38,4,22,0.044991,1894,2887,93,39,0,16
1.6,3085,0,167676096,915,109,38,4,22,0.044820,1894,2891,93,39,0,16
1.6,3086,0,167010544,916,109,38,4,22,0.045027,1888,2890,93,39,0,16
1.6,3087,0,167051416,916,109,38,4,22,0.045311,1890,2891,93,39,0,16
1.6,3088,0,167247880,916,109,38,4,22,0.045685,1893,2883,93,39,0,16
1.6,3089,0,167436208,916,109,38,4,22,0.046497,1893,2876,93,39,0,16
1.6,3090,0,167485248,916,109,38,4,22,0.046234,1893,2876,88,25,0,15
1.6,3091,0,167689864,916,109,38,4,21,0.046531,1893,2875,88,25,0,15
1.6,3092,0,167919040,916,109,38,4,21,0.046941,1893,2875,88,25,0,15
1.6,3093,0,168099008,916,109,38,4,22,0.046303,1895,2875,88,25,0,15
1.6,3094,0,168131776,916,109,38,4,22,0.046008,1895,2875,88,25,0,15
1.6,3095,0,168320072,916,109,38,4,21,0.047098,1897,2879,88,25,0,15
1.6,3096,0,166982808,917,109,38,4,21,0.046893,1895,2867,86,19,0,12
1.6,3097,0,167318296,917,109,38,4,21,0.047089,1896,2868,86,19,0,12
1.6,3098,0,167394024,917,109,38,4,21,0.046885,1898,2868,86,19,0,12
1.6,3099,0,167590496,917,109,38,4,21,0.046789,1898,2862,86,19,0,12
1.6,3100,0,167754240,917,109,38,4,21,0.047088,1887,2855,86,19,0,12
1.6,3101,0,167803224,917,109,38,4,22,0.045570,1888,2853,86,19,0,12
1.6,3102,0,168007856,917,109,38,4,22,0.045720,1888,2853,90,29,0,14
1.6,3103,0,168212368,917,109,38,4,22,0.046129,1672,2789,90,29,0,14
1.6,3104,0,166878664,918,109,38,4,22,0.046445,1672,2789,90,29,0,14
1.6,3105,0,166927784,918,109,38,4,22,0.045887,1672,2771,90,29,0,14
1.6,3106,0,167115960,918,109,38,4,21,0.046764,1675,2773,90,29,0,14
1.6,3107,0,167296032,918,109,38,4,21,0.047260,1675,2775,90,29,0,14
1.6,3108,0,167499944,918,109,38,4,21,0.048081,1675,2774,91,35,0,17
1.6,3109,0,167714608,918,109,38,4,20,0.048981,1675,2767,91,35,0,17
1.6,3110,0,168458296,918,109,38,4,20,0.050707,1675,2767,91,35,0,17
1.6,3111,0,168548256,918,109,38,4,19,0.052625,1670,2762,91,35,0,17
1.6,3112,0,168589024,918,109,38,4,19,0.053844,1670,2762,91,35,0,17
1.6,3113,0,168654376,918,109,38,4,19,0.053348,1672,2762,92,26,0,8
1.6,3114,0,168957280,918,109,38,4,19,0.054025,1672,2761,92,26,0,8
1.6,3115,0,169071688,918,109,38,4,18,0.055647,1672,2760,92,26,0,8
1.6,3116,0,167604504,919,109,38,4,18,0.055138,1672,2758,92,26,0,8
1.6,3117,0,167678056,919,109,38,4,18,0.056399,1672,2758,92,26,0,8
1.6,3118,0,167726968,919,109,38,4,18,0.055992,1672,2758,94,27,9,4
1.6,3119,0,167825064,919,109,38,4,18,0.055292,1672,2758,94,27,9,4
1.6,3120,0,167890472,919,109,38,4,18,0.055825,1671,2758,94,27,9,4
1.6,3121,0,167975488,919,109,38,4,18,0.055398,1671,2758,94,27,9,4
1.6,3122,0,168016320,919,109,38,4,19,0.053790,1669,2758,94,27,9,4
1.6,3123,0,168080760,919,109,38,4,18,0.054424,1669,2757,96,31,0,5
1.6,3124,0,168164528,919,109,38,4,19,0.053849,1668,2757,96,31,0,5
1.6,3125,0,168229824,919,109,38,4,19,0.052653,1671,2757,96,31,0,5
1.6,3126,0,168287056,919,109,38,4,19,0.051951,1672,2758,96,31,0,5
1.6,3127,0,168360648,919,109,38,4,19,0.052048,1673,2758,96,31,0,5
1.6,3128,0,168417896,919,109,38,4,19,0.052867,1673,2759,92,23,0,2
1.6,3129,0,168501416,919,109,38,4,19,0.053017,1673,2758,92,23,0,2
1.6,3130,0,168542216,919,109,38,4,19,0.051823,1664,2755,92,23,0,2
1.6,3131,0,168607624,919,109,38,4,19,0.052731,1664,2758,92,23,0,2
1.6,3132,0,168681256,919,109,38,4,19,0.053200,1664,2757,92,23,0,2
1.6,3133,0,168746424,919,109,38,4,19,0.052360,1448,2701,87,24,0,3
1.6,3134,0,168819872,919,109,38,4,19,0.051716,1448,2701,87,24,0,3
1.6,3135,0,168868944,919,109,38,4,19,0.052085,1450,2701,87,24,0,3
1.6,3136,0,168958816,919,109,38,4,19,0.052733,1456,2707,87,24,0,3
1.6,3137,0,168991528,919,109,38,4,19,0.051541,1455,2707,87,24,0,3
1.6,3138,0,169056768,919,109,38,4,19,0.051283,1456,2707,91,29,0,2
1.6,3139,0,169139720,919,109,38,4,19,0.051606,1457,2707,91,29,0,2
1.6,3140,0,167626808,920,109,38,4,19,0.052149,1458,2706,91,29,0,2
1.6,3141,0,167691712,920,109,38,4,19,0.052952,1458,2707,91,29,0,2
1.6,3142,0,167765320,920,109,38,4,18,0.054088,1457,2699,91,29,0,2
1.6,3143,0,167822456,920,109,38,4,18,0.054417,1457,2698,92,55,0,4
1.6,3144,0,167914496,920,109,38,4,18,0.056250,1457,2698,92,55,0,4
1.6,3145,0,167979872,920,109,38,4,18,0.056398,1458,2690,92,55,0,4
1.6,3146,0,168044960,920,109,38,4,17,0.057430,1452,2678,92,55,0,4
1.6,3147,0,168085816,920,109,38,4,18,0.056896,1452,2682,92,55,0,4
1.6,3148,0,168159456,920,109,38,4,18,0.056619,1452,2683,88,25,0,2
1.6,3149,0,168224792,920,109,38,4,18,0.055231,1452,2683,88,25,0,2
1.6,3150,0,168281808,920,109,38,4,18,0.056908,1452,2682,88,25,0,2
1.6,3151,0,168355328,920,109,38,4,18,0.056088,1451,2682,88,25,0,2
1.6,3152,0,168428856,920,109,38,4,18,0.054931,1443,2676,88,25,0,2
1.6,3153,0,168486112,920,109,38,4,18,0.054299,1441,2676,85,26,1,2
1.6,3154,0,168585488,920,109,38,4,19,0.053792,1441,2676,85,26,1,2
1.6,3155,0,168626368,920,109,38,4,19,0.052490,1437,2674,85,26,1,2
1.6,3156,0,168716280,920,109,38,4,19,0.051991,1442,2679,85,26,1,2
1.6,3157,0,168749048,920,109,38,4,19,0.053500,1441,2671,85,26,1,2
1.6,3158,0,168830816,920,109,38,4,18,0.054558,1441,2663,90,53,0,2
1.6,3159,0,168929696,920,109,38,4,18,0.054335,1441,2663,90,53,0,2
1.6,3160,0,169003208,920,109,38,4,20,0.050828,1441,2662,90,53,0,2
1.6,3161,0,169044056,920,109,38,4,20,0.049953,1162,2591,90,53,0,2
1.6,3162,0,169093096,920,109,38,4,21,0.048334,1162,2576,90,53,0,2
1.6,3163,0,167601744,921,109,38,4,20,0.049046,1162,2573,94,50,0,2
1.6,3164,0,167675416,921,109,38,4,20,0.049238,1162,2573,94,50,0,2
1.6,3165,0,167773824,921,109,38,4,19,0.051810,1166,2573,94,50,0,2
1.6,3166,0,167839216,921,109,38,4,19,0.051725,1166,2572,94,50,0,2
1.6,3167,0,167912712,921,109,38,4,20,0.049480,1164,2567,94,50,0,2
1.6,3168,0,167969944,921,109,38,4,21,0.048626,1163,2567,83,23,0,3
1.6,3169,0,168035264,921,109,38,4,20,0.049975,1163,2572,83,23,0,3
1.6,3170,0,168067976,921,109,38,4,20,0.049871,1150,2570,83,23,0,3
1.6,3171,0,168200840,921,109,38,4,20,0.050647,1150,2570,83,23,0,3
1.6,3172,0,168266160,921,109,38,4,19,0.053799,1149,2570,83,23,0,3
1.6,3173,0,168298872,921,109,38,4,18,0.055129,1149,2570,87,38,0,2
1.6,3174,0,168356080,921,109,38,4,18,0.056235,1148,2568,87,38,0,2
1.6,3175,0,168447776,921,109,38,4,18,0.054924,1148,2560,87,38,0,2
1.6,3176,0,168513112,921,109,38,4,18,0.056006,1153,2550,87,38,0,2
1.6,3177,0,168611128,921,109,38,4,17,0.058324,1155,2544,87,38,0,2
1.6,3178,0,168643896,921,109,38,4,17,0.057752,1155,2544,85,46,0,2
1.6,3179,0,168828504,921,109,38,4,17,0.057644,1155,2545,85,46,0,2
1.6,3180,0,168902000,921,109,38,4,17,0.060535,1155,2544,85,46,0,2
1.6,3181,0,168959128,921,109,38,4,16,0.061052,1155,2543,85,46,0,2
1.6,3182,0,169024384,921,109,38,4,17,0.059275,1155,2542,85,46,0,2
1.6,3183,0,169081224,921,109,38,4,17,0.059355,1159,2542,87,34,0,4
1.6,3184,0,169146600,921,109,38,4,17,0.059685,1144,2527,87,34,0,4
1.6,3185,0,167693344,922,109,38,4,16,0.060863,1144,2526,87,34,0,4
1.6,3186,0,167766856,922,109,38,4,15,0.065159,1144,2526,87,34,0,4
1.6,3187,0,167815704,922,109,38,4,16,0.063744,1144,2526,87,34,0,4
1.6,3188,0,168012152,922,109,38,4,16,0.064170,1144,2526,86,22,0,12
1.6,3189,0,168342896,922,109,38,4,15,0.065922,1146,2526,86,22,0,12
1.6,3190,0,168383744,922,109,38,4,15,0.065356,1148,2527,86,22,0,12
1.6,3191,0,168449128,922,109,38,4,16,0.063996,1150,2528,86,22,0,12
1.6,3192,0,168514432,922,109,38,4,15,0.065672,1152,2519,82,47,0,3
1.6,3193,0,168588040,922,109,38,4,16,0.063908,1151,2518,82,47,0,3
1.6,3194,0,168671672,922,109,38,4,16,0.063322,1151,2518,82,47,0,3
1.6,3195,0,168728880,922,109,38,4,16,0.062644,1151,2511,82,47,0,3
1.6,3196,0,168786088,922,109,38,4,17,0.058560,1151,2512,82,47,0,3
1.6,3197,0,168859576,922,109,38,4,17,0.059196,1150,2504,86,56,0,3
1.6,3198,0,168892344,922,109,38,4,17,0.058772,1151,2505,86,56,0,3
1.6,3199,0,168992376,922,109,38,4,17,0.057361,1151,2504,86,56,0,3
1.6,3200,0,169049464,922,109,38,4,18,0.056067,1150,2503,86,56,0,3
1.6,3201,0,169098544,922,109,38,4,18,0.056287,1150,2499,86,56,0,3
1.6,3202,0,169163664,922,109,38,4,18,0.054700,1150,2499,99,29,0,2
1.6,3203,0,169212680,922,109,38,4,18,0.055001,1150,2502,99,29,0,2
1.6,3204,0,169269896,922,109,38,4,19,0.053359,1147,2502,99,29,0,2
1.6,3205,0,169335744,922,109,38,4,19,0.052210,1147,2503,99,29,0,2
1.6,3206,0,169392984,922,109,38,4,20,0.050686,1149,2503,99,29,0,2
1.6,3207,0,169458040,922,109,38,4,20,0.049924,1147,2501,98,25,0,3
1.6,3208,0,167966984,923,109,38,4,20,0.050836,1146,2498,98,25,0,3
1.6,3209,0,168024240,923,109,38,4,19,0.052127,1146,2494,98,25,0,3
1.6,3210,0,168095800,923,109,38,4,19,0.051605,1146,2493,98,25,0,3
1.6,3211,0,168218480,923,109,38,4,19,0.052997,1134,2490,98,25,0,3
1.6,3212,0,168324952,923,109,38,4,18,0.054088,1126,2488,82,51,1,7
1.6,3213,0,168390368,923,109,38,4,18,0.055091,1126,2490,82,51,1,7
1.6,3214,0,170397952,924,109,38,4,18,0.055699,1127,2490,82,51,1,7
1.6,3215,0,170487600,924,109,38,4,17,0.057143,1126,2490,82,51,1,7
1.6,3216,0,170544768,924,109,38,4,17,0.057148,1126,2486,82,51,1,7
1.6,3217,0,170609656,924,109,38,4,17,0.058183,1127,2490,90,37,0,2
1.6,3218,0,170666728,924,109,38,4,17,0.058297,1127,2490,90,37,0,2
1.6,3219,0,170732184,924,109,38,4,17,0.058068,1127,2488,90,37,0,2
1.6,3220,0,170814720,924,109,38,4,17,0.058358,1127,2488,90,37,0,2
1.6,3221,0,170855592,924,109,38,4,18,0.056420,1128,2489,90,37,0,2
1.6,3222,0,170911800,924,109,38,4,18,0.055115,1130,2491,92,42,0,2
1.6,3223,0,170976992,924,109,38,4,18,0.054055,1130,2489,92,42,0,2
1.6,3224,0,171034208,924,109,38,4,19,0.053281,1130,2479,92,42,0,2
1.6,3225,0,171075080,924,109,38,4,19,0.051746,1129,2479,92,42,0,2
1.6,3226,0,171149224,924,109,38,4,20,0.051222,1115,2465,92,42,0,2
1.6,3227,0,171214016,924,109,38,4,20,0.050073,1115,2464,92,39,0,2
1.6,3228,0,171254896,924,109,38,4,20,0.048926,1115,2465,92,39,0,2
1.6,3229,0,171312184,924,109,38,4,21,0.047100,1115,2465,92,39,0,2
1.6,3230,0,171369368,924,109,38,4,22,0.046050,1119,2466,92,39,0,2
1.6,3231,0,168824256,925,110,38,4,22,0.044701,1124,2466,92,39,0,2
1.6,3232,0,168932848,925,110,38,4,23,0.044103,1124,2468,92,39,0,2
1.6,3233,0,168998160,925,110,38,4,24,0.042192,1124,2468,91,29,0,2
1.6,3234,0,169038960,925,110,38,4,24,0.041075,1114,2465,91,29,0,2
1.6,3235,0,169088064,925,110,38,4,24,0.040923,1114,2465,91,29,0,2
1.6,3236,0,169153280,925,110,38,4,25,0.039942,1114,2469,91,29,0,2
1.6,3237,0,169185976,925,110,38,4,26,0.038726,1114,2469,91,29,0,2
1.6,3238,0,169234936,925,110,38,4,27,0.037259,1114,2469,91,29,0,2
1.6,3239,0,169294200,925,110,38,4,27,0.036948,1120,2470,91,29,0,2
1.6,3240,0,169359504,925,110,38,4,27,0.036789,1118,2470,93,37,1,2
1.6,3241,0,169433008,925,110,38,4,27,0.037195,1120,2470,93,37,1,2
1.6,3242,0,169465688,925,110,38,4,27,0.036489,1121,2470,93,37,1,2
1.6,3243,0,169522888,925,110,38,4,27,0.037723,1121,2468,93,37,1,2
1.6,3244,0,169555576,925,110,38,4,26,0.038879,1121,2467,93,37,1,2
1.6,3245,0,169620928,925,110,38,4,26,0.037830,1121,2465,93,37,1,2
1.6,3246,0,169688248,925,110,38,4,27,0.037595,1121,2465,93,37,1,2
1.6,3247,0,169752984,925,110,38,4,26,0.038525,1121,2465,93,44,0,3
1.6,3248,0,169793856,925,110,38,4,25,0.039585,1121,2464,93,44,0,3
1.6,3249,0,169859256,925,110,38,4,26,0.038840,1123,2464,93,44,0,3
1.6,3250,0,169892024,925,110,38,4,25,0.039416,1123,2464,93,44,0,3
1.6,3251,0,169949280,925,110,38,4,25,0.039263,1123,2464,93,44,0,3
1.6,3252,0,170014696,925,110,38,4,25,0.040424,1123,2464,93,44,0,3
1.6,3253,0,170090344,925,110,38,4,25,0.040362,1123,2464,93,44,0,3
1.6,3254,0,170131256,925,110,38,4,26,0.038986,1123,2464,90,41,0,3
1.6,3255,0,170196640,925,110,38,4,25,0.040151,1123,2464,90,41,0,3
1.6,3256,0,170229304,925,110,38,4,25,0.039720,1121,2464,90,41,0,3
1.6,3257,0,170286552,925,110,38,4,25,0.039805,1121,2468,90,41,0,3
1.6,3258,0,170343712,925,110,38,4,26,0.038599,1118,2466,90,41,0,3
1.6,3259,0,170383952,925,110,38,4,25,0.039284,1119,2466,90,41,0,3
1.6,3260,0,168948792,926,110,38,4,26,0.038669,1119,2466,90,41,0,3
1.6,3261,0,168989752,926,110,38,4,25,0.039760,1119,2466,90,34,0,2
1.6,3262,0,169046920,926,110,38,4,26,0.039172,1119,2466,90,34,0,2
1.6,3263,0,169104168,926,110,38,4,26,0.038645,1119,2466,90,34,0,2
1.6,3264,0,169145056,926,110,38,4,26,0.039195,1122,2466,90,34,0,2
1.6,3265,0,169194096,926,110,38,4,26,0.038261,1122,2466,90,34,0,2
1.6,3266,0,169259376,926,110,38,4,26,0.038877,1121,2466,90,34,0,2
1.6,3267,0,169332776,926,110,38,4,27,0.037593,1121,2465,90,34,0,2
1.6,3268,0,169398184,926,110,38,4,26,0.038657,1121,2463,88,32,0,3
1.6,3269,0,169439080,926,110,38,4,26,0.038290,1101,2457,88,32,0,3
1.6,3270,0,169479920,926,110,38,4,26,0.038135,1101,2457,88,32,0,3
1.6,3271,0,169545288,926,110,38,4,27,0.037724,1100,2457,88,32,0,3
1.6,3272,0,169569864,926,110,38,4,26,0.038205,1100,2457,88,32,0,3
1.6,3273,0,169635288,926,110,38,4,26,0.038332,1100,2457,88,32,0,3
1.6,3274,0,169731872,926,110,38,4,26,0.037809,1100,2459,88,32,0,3
1.6,3275,0,169772592,926,110,38,4,26,0.038483,1100,2459,88,39,0,2
1.6,3276,0,169838056,926,110,38,4,26,0.038789,1107,2470,88,39,0,2
1.6,3277,0,169878920,926,110,38,4,26,0.039215,1107,2470,88,39,0,2
1.6,3278,0,169919776,926,110,38,4,26,0.038400,1107,2470,88,39,0,2
1.6,3279,0,169968792,926,110,38,4,26,0.038822,1107,2470,88,39,0,2
1.6,3280,0,170009480,926,110,38,4,26,0.038991,1107,2470,88,39,0,2
1.6,3281,0,170105432,926,110,38,4,25,0.039342,1107,2470,88,39,0,2
1.6,3282,0,170146280,926,110,38,4,26,0.038271,1107,2469,93,37,0,3
1.6,3283,0,170203456,926,110,38,4,26,0.039115,1109,2470,93,37,0,3
1.6,3284,0,170268816,926,110,38,4,26,0.038843,1109,2469,93,37,0,3
1.6,3285,0,170309688,926,110,38,4,26,0.038595,1109,2469,93,37,0,3
1.6,3286,0,170358568,926,110,38,4,26,0.038262,1111,2470,93,37,0,3
1.6,3287,0,170406976,926,110,38,4,27,0.037622,1111,2468,93,37,0,3
1.6,3288,0,168956440,927,110,38,4,26,0.037989,1111,2468,93,37,0,3
1.6,3289,0,169021864,927,110,38,4,26,0.038312,1111,2458,92,39,0,3
1.6,3290,0,169079128,927,110,38,4,26,0.037897,1111,2458,92,39,0,3
1.6,3291,0,169119952,927,110,38,4,27,0.037000,1113,2458,92,39,0,3
1.6,3292,0,169177096,927,110,38,4,26,0.038074,1113,2458,92,39,0,3
1.6,3293,0,169217952,927,110,38,4,27,0.036843,1113,2462,92,39,0,3
1.6,3294,0,169955000,927,110,38,4,27,0.037674,1113,2462,92,39,0,3
1.6,3295,0,170054648,927,110,38,4,26,0.037838,1113,2462,92,39,0,3
1.6,3296,0,170095528,927,110,38,4,27,0.037568,1113,2462,91,44,0,10
1.6,3297,0,170160952,927,110,38,4,26,0.038063,1113,2462,91,44,0,10
1.6,3298,0,170209976,927,110,38,4,25,0.039359,1113,2460,91,44,0,10
1.6,3299,0,170242656,927,110,38,4,26,0.038320,1115,2454,91,44,0,10
1.6,3300,0,170307936,927,110,38,4,26,0.038323,1115,2454,91,44,0,10
1.6,3301,0,170332512,927,110,38,4,26,0.038019,1115,2454,91,44,0,10
1.6,3302,0,170415544,927,110,38,4,27,0.036776,1118,2455,91,44,0,10
1.6,3303,0,170456432,927,110,38,4,27,0.036525,1118,2458,93,42,0,3
1.6,3304,0,170521784,927,110,38,4,27,0.037046,1118,2458,93,42,0,3
1.6,3305,0,170570896,927,110,38,4,27,0.036986,1118,2458,93,42,0,3
1.6,3306,0,170611648,927,110,38,4,27,0.037095,1105,2457,93,42,0,3
1.6,3307,0,170676952,927,110,38,4,27,0.037558,1105,2458,93,42,0,3
1.6,3308,0,170734184,927,110,38,4,27,0.036374,1105,2458,93,42,0,3
1.6,3309,0,170801848,927,110,38,4,27,0.037246,1105,2461,93,42,0,3
1.6,3310,0,170850008,927,110,38,4,27,0.037217,1105,2461,91,42,0,3
1.6,3311,0,170923536,927,110,38,4,26,0.038828,1095,2459,91,42,0,3
1.6,3312,0,170956264,927,110,38,4,26,0.038953,1095,2459,91,42,0,3
1.6,3313,0,171005240,927,110,38,4,25,0.039975,1095,2450,91,42,0,3
1.6,3314,0,171054280,927,110,38,4,26,0.038893,1095,2450,91,42,0,3
1.6,3315,0,171111456,927,110,38,4,26,0.037830,1096,2441,91,42,0,3
1.6,3316,0,169620536,928,110,38,4,26,0.037978,1095,2433,91,42,0,3
1.6,3317,0,169677752,928,110,38,4,26,0.038357,1096,2433,91,47,0,3
1.6,3318,0,169743104,928,110,38,4,26,0.037877,1096,2434,91,47,0,3
1.6,3319,0,169783960,928,110,38,4,26,0.037950,1096,2434,91,47,0,3
1.6,3320,0,169841208,928,110,38,4,26,0.037891,1096,2432,91,47,0,3
1.6,3321,0,169873904,928,110,38,4,26,0.037807,1097,2431,91,47,0,3
1.6,3322,0,169939328,928,110,38,4,26,0.037785,1097,2431,91,47,0,3
1.6,3323,0,170015008,928,110,38,4,27,0.036598,1097,2435,91,47,0,3
1.6,3324,0,170071296,928,110,38,4,27,0.037069,1099,2435,92,33,0,2
1.6,3325,0,170120352,928,110,38,4,27,0.036957,1099,2435,92,33,0,2
1.6,3326,0,170161200,928,110,38,4,26,0.037761,1099,2435,92,33,0,2
1.6,3327,0,170218400,928,110,38,4,27,0.037109,1099,2435,92,33,0,2
1.6,3328,0,170275672,928,110,38,4,26,0.038534,1099,2435,92,33,0,2
1.6,3329,0,170308376,928,110,38,4,26,0.038310,1099,2435,92,33,0,2
1.6,3330,0,170381936,928,110,38,4,26,0.038462,1099,2436,92,33,0,2
1.6,3331,0,170438888,928,110,38,4,27,0.037185,1099,2436,91,37,1,2
1.6,3332,0,170479688,928,110,38,4,26,0.038279,1099,2435,91,37,1,2
1.6,3333,0,170536712,928,110,38,4,26,0.038617,1099,2435,91,37,1,2
1.6,3334,0,170569424,928,110,38,4,26,0.038162,1099,2435,91,37,1,2
1.6,3335,0,170626656,928,110,38,4,25,0.039418,1099,2435,91,37,1,2
1.6,3336,0,170700248,928,110,38,4,26,0.038543,1101,2435,91,37,1,2
1.6,3337,0,170767776,928,110,38,4,25,0.039293,1101,2435,91,37,1,2
1.6,3338,0,170833192,928,110,38,4,26,0.038196,1101,2435,95,62,0,2
1.6,3339,0,170890512,928,110,38,4,26,0.037753,1093,2433,95,62,0,2
1.6,3340,0,170931144,928,110,38,4,26,0.038457,1093,2433,95,62,0,2
1.6,3341,0,170971928,928,110,38,4,26,0.038776,1093,2433,95,62,0,2
1.6,3342,0,171004696,928,110,38,4,26,0.038620,1093,2433,95,62,0,2
1.6,3343,0,171070048,928,110,38,4,26,0.038919,1093,2433,95,62,0,2
1.6,3344,0,171160808,928,110,38,4,25,0.039870,1092,2432,95,62,0,2
1.6,3345,0,169666168,929,110,38,4,25,0.039999,1092,2432,90,43,0,2
1.6,3346,0,169739712,929,110,38,4,25,0.039953,1092,2432,90,43,0,2
1.6,3347,0,169805088,929,110,38,4,25,0.039906,1084,2431,90,43,0,2
1.6,3348,0,169837784,929,110,38,4,25,0.039253,1082,2431,90,43,0,2
1.6,3349,0,169878664,929,110,38,4,25,0.040037,1082,2429,90,43,0,2
1.6,3350,0,169943984,929,110,38,4,25,0.039817,1082,2432,90,43,0,2
1.6,3351,0,170011608,929,110,38,4,25,0.040091,1078,2431,90,43,0,2
1.6,3352,0,170076400,929,110,38,4,25,0.040161,1078,2422,87,27,0,3
1.6,3353,0,170109168,929,110,38,4,25,0.040027,1079,2424,87,27,0,3
1.6,3354,0,170182712,929,110,38,4,26,0.039132,1081,2424,87,27,0,3
1.6,3355,0,170239848,929,110,38,4,26,0.038956,1081,2424,87,27,0,3
1.6,3356,0,170272528,929,110,38,4,25,0.039823,1081,2424,87,27,0,3
1.6,3357,0,170313088,929,110,38,4,26,0.038849,1081,2424,87,27,0,3
1.6,3358,0,170404912,929,110,38,4,26,0.039035,1081,2422,87,27,0,3
1.6,3359,0,170445056,929,110,38,4,26,0.039036,1081,2422,92,50,0,2
1.6,3360,0,170510472,929,110,38,4,26,0.038255,1081,2421,92,50,0,2
1.6,3361,0,170543168,929,110,38,4,26,0.037780,1081,2420,92,50,0,2
1.6,3362,0,170608576,929,110,38,4,26,0.037912,1086,2423,92,50,0,2
1.6,3363,0,170673688,929,110,38,4,26,0.038229,1086,2423,92,50,0,2
1.6,3364,0,170706456,929,110,38,4,26,0.038489,1086,2423,92,50,0,2
1.6,3365,0,170779488,929,110,38,4,26,0.038301,1086,2423,92,50,0,2
1.6,3366,0,170828584,929,110,38,4,27,0.037252,1086,2423,91,43,0,3
1.6,3367,0,170894008,929,110,38,4,27,0.037555,1086,2423,91,43,0,3
1.6,3368,0,170943032,929,110,38,4,26,0.038052,1086,2423,91,43,0,3
1.6,3369,0,170992040,929,110,38,4,26,0.037991,1086,2423,91,43,0,3
1.6,3370,0,171041112,929,110,38,4,26,0.038682,1087,2423,91,43,0,3
1.6,3371,0,171098304,929,110,38,4,25,0.039580,1087,2423,91,43,0,3
1.6,3372,0,171196072,929,110,38,4,26,0.038547,1087,2423,91,43,0,3
1.6,3373,0,169688848,930,110,38,4,26,0.039051,1087,2422,91,38,0,3
1.6,3374,0,169754120,930,110,38,4,26,0.038897,1084,2423,91,38,0,3
1.6,3375,0,169778696,930,110,38,4,26,0.038146,1091,2423,91,38,0,3
1.6,3376,0,169843928,930,110,38,4,26,0.038886,1090,2423,91,38,0,3
1.6,3377,0,169901144,930,110,38,4,25,0.039783,1090,2424,91,38,0,3
1.6,3378,0,169942048,930,110,38,4,25,0.039302,1089,2425,91,38,0,3
1.6,3379,0,170033736,930,110,38,4,26,0.038854,1089,2425,91,38,0,3
1.6,3380,0,170082496,930,110,38,4,25,0.039589,1089,2425,91,42,0,3
1.6,3381,0,170123312,930,110,38,4,26,0.038446,1086,2425,91,42,0,3
1.6,3382,0,170180600,930,110,38,4,26,0.038321,1084,2424,91,42,0,3
1.6,3383,0,170213272,930,110,38,4,26,0.038590,1083,2424,91,42,0,3
1.6,3384,0,170278576,930,110,38,4,26,0.038375,1083,2425,91,42,0,3
1.6,3385,0,170343824,930,110,38,4,26,0.038274,1088,2425,91,42,0,3
1.6,3386,0,170410712,930,110,38,4,26,0.038499,1088,2427,91,42,0,3
1.6,3387,0,170474496,930,110,38,4,27,0.037064,1089,2429,89,41,0,2
1.6,3388,0,170515328,930,110,38,4,27,0.037034,1089,2430,89,41,0,2
1.6,3389,0,170564360,930,110,38,4,27,0.037234,1087,2430,89,41,0,2
1.6,3390,0,170629616,930,110,38,4,28,0.036176,1087,2430,89,41,0,2
1.6,3391,0,170678656,930,110,38,4,27,0.036611,1088,2430,89,41,0,2
1.6,3392,0,170743976,930,110,38,4,27,0.037648,1088,2430,89,41,0,2
1.6,3393,0,170826208,930,110,38,4,27,0.037426,1091,2430,89,41,0,2
1.6,3394,0,170890024,930,110,38,4,26,0.037770,1088,2430,96,47,0,3
1.6,3395,0,170930768,930,110,38,4,26,0.038863,1094,2434,96,47,0,3
1.6,3396,0,170987952,930,110,38,4,26,0.038057,1094,2434,96,47,0,3
1.6,3397,0,171020688,930,110,38,4,26,0.037914,1094,2434,96,47,0,3
1.6,3398,0,171085920,930,110,38,4,26,0.038188,1093,2434,96,47,0,3
1.6,3399,0,171118608,930,110,38,4,26,0.038307,1093,2434,96,47,0,3
1.6,3400,0,171184048,930,110,38,4,26,0.038252,1093,2436,96,47,0,3
1.6,3401,0,169691840,931,110,38,4,26,0.038735,1093,2436,89,46,0,4
1.6,3402,0,169740880,931,110,38,4,26,0.038118,1092,2437,89,46,0,4
1.6,3403,0,169806152,931,110,38,4,26,0.038242,1092,2437,89,46,0,4
1.6,3404,0,169855200,931,110,38,4,26,0.038029,1092,2437,89,46,0,4
1.6,3405,0,169887928,931,110,38,4,26,0.038128,1092,2437,89,46,0,4
1.6,3406,0,169945144,931,110,38,4,26,0.038475,1092,2437,89,46,0,4
1.6,3407,0,170053184,931,110,38,4,25,0.039674,1092,2438,89,46,0,4
1.6,3408,0,170093080,931,110,38,4,25,0.039355,1093,2438,90,37,0,3
1.6,3409,0,170158408,931,110,38,4,26,0.038638,1105,2445,90,37,0,3
1.6,3410,0,170215592,931,110,38,4,25,0.039654,1105,2445,90,37,0,3
1.6,3411,0,170256416,931,110,38,4,25,0.039830,1105,2445,90,37,0,3
1.6,3412,0,170305400,931,110,38,4,25,0.039525,1105,2445,90,37,0,3
1.6,3413,0,170338168,931,110,38,4,25,0.039438,1105,2445,90,37,0,3
1.6,3414,0,170438368,931,110,38,4,25,0.039487,1105,2436,90,37,0,3
1.6,3415,0,170503792,931,110,38,4,25,0.039499,1107,2436,92,41,0,4
1.6,3416,0,170552848,931,110,38,4,26,0.038953,1107,2436,92,41,0,4
1.6,3417,0,170618296,931,110,38,4,26,0.039163,1106,2441,92,41,0,4
1.6,3418,0,170675536,931,110,38,4,24,0.040972,1105,2441,92,41,0,4
1.6,3419,0,170724544,931,110,38,4,24,0.041957,1105,2441,92,41,0,4
1.6,3420,0,170815616,931,110,38,4,24,0.041446,1105,2440,92,41,0,4
1.6,3421,0,170848328,931,110,38,4,24,0.041596,1106,2444,92,41,0,4
1.6,3422,0,170921904,931,110,38,4,23,0.042722,1108,2444,94,49,0,2
1.6,3423,0,170987280,931,110,38,4,24,0.041854,1108,2444,94,49,0,2
1.6,3424,0,171011856,931,110,38,4,24,0.042011,1108,2444,94,49,0,2
1.6,3425,0,171069032,931,110,38,4,24,0.042169,1108,2444,94,49,0,2
1.6,3426,0,171101712,931,110,38,4,24,0.042166,1107,2444,94,49,0,2
1.6,3427,0,171184888,931,110,38,4,24,0.042025,1107,2444,94,49,0,2
1.6,3428,0,169693008,932,110,38,4,24,0.041530,1107,2445,92,33,0,2
1.6,3429,0,169766504,932,110,38,4,25,0.040517,1107,2445,92,33,0,2
1.6,3430,0,169799168,932,110,38,4,24,0.041400,1107,2452,92,33,0,2
1.6,3431,0,169864512,932,110,38,4,25,0.040354,1107,2452,92,33,0,2
1.6,3432,0,169889088,932,110,38,4,25,0.040249,1107,2452,92,33,0,2
1.6,3433,0,169946312,932,110,38,4,25,0.040513,1107,2452,92,33,0,2
1.6,3434,0,170038464,932,110,38,4,24,0.041072,1107,2451,92,33,0,2
1.6,3435,0,170079368,932,110,38,4,25,0.040004,1106,2452,93,51,1,3
1.6,3436,0,170136544,932,110,38,4,24,0.041293,1106,2454,93,51,1,3
1.6,3437,0,170193784,932,110,38,4,24,0.041088,1106,2454,93,51,1,3
1.6,3438,0,170234688,932,110,38,4,25,0.040363,1106,2454,93,51,1,3
1.6,3439,0,170283736,932,110,38,4,24,0.041184,1106,2454,93,51,1,3
1.6,3440,0,170324664,932,110,38,4,25,0.039976,1106,2454,93,51,1,3
1.6,3441,0,170423080,932,110,38,4,25,0.040789,1106,2454,93,51,1,3
1.6,3442,0,170488048,932,110,38,4,25,0.039815,1105,2454,88,35,0,4
1.6,3443,0,170529008,932,110,38,4,25,0.040485,1101,2452,88,35,0,4
1.6,3444,0,170586136,932,110,38,4,25,0.040662,1103,2452,88,35,0,4
1.6,3445,0,170635120,932,110,38,4,25,0.040348,1103,2452,88,35,0,4
1.6,3446,0,170676016,932,110,38,4,25,0.040438,1103,2453,88,35,0,4
1.6,3447,0,170733224,932,110,38,4,25,0.040084,1103,2454,88,35,0,4
1.6,3448,0,170825032,932,110,38,4,25,0.039797,1103,2453,88,35,0,4
1.6,3449,0,170865904,932,110,38,4,25,0.039847,1103,2453,86,31,0,3
1.6,3450,0,170939464,932,110,38,4,25,0.039849,1109,2456,86,31,0,3
1.6,3451,0,170972056,932,110,38,4,26,0.039028,1109,2456,86,31,0,3
1.6,3452,0,171012928,932,110,38,4,25,0.039986,1109,2456,86,31,0,3
1.6,3453,0,171078336,932,110,38,4,26,0.038996,1109,2456,86,31,0,3
1.6,3454,0,171102912,932,110,38,4,26,0.038925,1109,2456,86,31,0,3
1.6,3455,0,171203288,932,110,38,4,25,0.039446,1110,2456,86,31,0,3
1.6,3456,0,169710616,933,110,38,4,26,0.039208,1110,2450,93,42,0,4
1.6,3457,0,169759704,933,110,38,4,26,0.038540,1110,2450,93,42,0,4
1.6,3458,0,169817000,933,110,38,4,25,0.039747,1110,2450,93,42,0,4
1.6,3459,0,169865896,933,110,38,4,25,0.039902,1110,2450,93,42,0,4
1.6,3460,0,169923128,933,110,38,4,25,0.039532,1110,2454,93,42,0,4
1.6,3461,0,169964008,933,110,38,4,25,0.039896,1113,2455,93,42,0,4
1.6,3462,0,170064352,933,110,38,4,26,0.038731,1113,2455,93,42,0,4
1.6,3463,0,170105216,933,110,38,4,25,0.039355,1112,2455,94,36,0,3
1.6,3464,0,170170592,933,110,38,4,26,0.039007,1115,2458,94,36,0,3
1.6,3465,0,170203360,933,110,38,4,26,0.038281,1115,2458,94,36,0,3
1.6,3466,0,170268704,933,110,38,4,27,0.037307,1115,2461,94,36,0,3
1.6,3467,0,170317712,933,110,38,4,26,0.038932,1115,2462,94,36,0,3
1.6,3468,0,170431800,933,110,38,4,26,0.037931,1115,2462,94,36,0,3
1.6,3469,0,172248736,934,110,38,4,26,0.038507,1115,2462,94,36,0,3
1.6,3470,0,172312440,934,110,38,4,26,0.039146,1115,2462,86,36,0,3
1.6,3471,0,172353184,934,110,38,4,25,0.039287,1114,2462,86,36,0,3
1.6,3472,0,172418584,934,110,38,4,25,0.040184,1114,2462,86,36,0,3
1.6,3473,0,172467576,934,110,38,4,25,0.040385,1114,2463,86,36,0,3
1.6,3474,0,172516600,934,110,38,4,25,0.040405,1115,2462,86,36,0,3
1.6,3475,0,172557464,934,110,38,4,25,0.040786,1115,2462,86,36,0,3
1.6,3476,0,172648280,934,110,38,4,25,0.040745,1115,2462,86,36,0,3
1.6,3477,0,172681048,934,110,38,4,25,0.040044,1118,2461,91,39,0,4
1.6,3478,0,172746384,934,110,38,4,25,0.039665,1118,2461,91,39,0,4
1.6,3479,0,172811744,934,110,38,4,26,0.038594,1118,2465,91,39,0,4
1.6,3480,0,172844456,934,110,38,4,25,0.039356,1118,2465,91,39,0,4
1.6,3481,0,172885312,934,110,38,4,26,0.038493,1117,2465,91,39,0,4
1.6,3482,0,172967080,934,110,38,4,26,0.038144,1118,2465,91,39,0,4
1.6,3483,0,170637664,935,111,38,4,26,0.037896,1118,2465,91,39,0,4
1.6,3484,0,170834024,935,111,38,4,26,0.038304,1119,2465,91,48,0,9
1.6,3485,0,170891232,935,111,38,4,26,0.038570,1119,2465,91,48,0,9
1.6,3486,0,171046848,935,111,38,4,25,0.039353,1119,2465,91,48,0,9
1.6,3487,0,171243144,935,111,38,4,25,0.039460,1119,2463,91,48,0,9
1.6,3488,0,171431192,935,111,38,4,25,0.039872,1119,2463,91,48,0,9
1.6,3489,0,171463896,935,111,38,4,25,0.040160,1119,2463,91,48,0,9
1.6,3490,0,171677800,935,111,38,4,25,0.040283,1119,2463,91,48,0,9
1.6,3491,0,171750416,935,111,38,4,24,0.042227,1119,2463,92,42,0,11
1.6,3492,0,171807608,935,111,38,4,23,0.042646,1119,2463,92,42,0,11
1.6,3493,0,171848456,935,111,38,4,24,0.042013,1118,2462,92,42,0,11
1.6,3494,0,171905736,935,111,38,4,24,0.042250,1118,2462,92,42,0,11
1.6,3495,0,171954728,935,111,38,4,24,0.042549,1118,2460,92,42,0,11
1.6,3496,0,171995560,935,111,38,4,24,0.041968,1121,2460,92,42,0,11
1.6,3497,0,172079328,935,111,38,4,24,0.041553,1121,2460,91,34,0,5
1.6,3498,0,172136160,935,111,38,4,23,0.042819,1121,2456,91,34,0,5
1.6,3499,0,170609976,936,111,38,4,23,0.042766,1120,2456,91,34,0,5
1.6,3500,0,170683472,936,111,38,4,24,0.041321,1118,2456,91,34,0,5
1.6,3501,0,170724240,936,111,38,4,25,0.040094,1118,2456,91,34,0,5
1.6,3502,0,170765080,936,111,38,4,25,0.040372,1118,2456,91,34,0,5
1.6,3503,0,170814176,936,111,38,4,25,0.040288,1119,2449,91,34,0,5
1.6,3504,0,170898184,936,111,38,4,25,0.040375,1119,2446,90,38,0,2
1.6,3505,0,170963560,936,111,38,4,25,0.039765,1119,2446,90,38,0,2
1.6,3506,0,171053480,936,111,38,4,25,0.040558,1119,2447,90,38,0,2
1.6,3507,0,171184496,936,111,38,4,24,0.041049,1119,2447,90,38,0,2
1.6,3508,0,171241664,936,111,38,4,25,0.039525,1119,2447,90,38,0,2
1.6,3509,0,171290664,936,111,38,4,26,0.038727,1123,2447,90,38,0,2
1.6,3510,0,171331512,936,111,38,4,25,0.040024,1123,2448,90,38,0,2
1.6,3511,0,171429024,936,111,38,4,25,0.039868,1124,2448,90,32,0,5
1.6,3512,0,171502392,936,111,38,4,26,0.038943,1129,2452,90,32,0,5
1.6,3513,0,171535112,936,111,38,4,25,0.039690,1129,2452,90,32,0,5
1.6,3514,0,171575936,936,111,38,4,25,0.039626,1129,2452,90,32,0,5
1.6,3515,0,171641192,936,111,38,4,25,0.039722,1129,2452,90,32,0,5
1.6,3516,0,171682032,936,111,38,4,25,0.039924,1130,2452,90,32,0,5
1.6,3517,0,171739176,936,111,38,4,26,0.039053,1130,2451,90,32,0,5
1.6,3518,0,171806384,936,111,38,4,25,0.039731,1130,2453,92,61,0,4
1.6,3519,0,171871840,936,111,38,4,25,0.040547,1130,2454,92,61,0,4
1.6,3520,0,171937216,936,111,38,4,25,0.039622,1130,2447,92,61,0,4
1.6,3521,0,171969904,936,111,38,4,25,0.039493,1130,2447,92,61,0,4
1.6,3522,0,172018992,936,111,38,4,26,0.039165,1130,2447,92,61,0,4
1.6,3523,0,172075976,936,111,38,4,25,0.039628,1130,2447,92,61,0,4
1.6,3524,0,172116864,936,111,38,4,26,0.038809,1130,2447,92,61,0,4
1.6,3525,0,170649312,937,111,38,4,26,0.038789,1130,2447,88,34,0,2
1.6,3526,0,170714776,937,111,38,4,26,0.038640,1130,2446,88,34,0,2
1.6,3527,0,170755648,937,111,38,4,26,0.038592,1130,2444,88,34,0,2
1.6,3528,0,170812792,937,111,38,4,26,0.037825,1130,2444,88,34,0,2
1.6,3529,0,170845560,937,111,38,4,26,0.037773,1130,2436,88,34,0,2
1.6,3530,0,170902568,937,111,38,4,26,0.037766,1130,2436,88,34,0,2
1.6,3531,0,170959744,937,111,38,4,26,0.038581,1129,2436,88,34,0,2
1.6,3532,0,171032728,937,111,38,4,26,0.038695,1129,2436,89,36,1,4
1.6,3533,0,171073608,937,111,38,4,26,0.038441,1129,2435,89,36,1,4
1.6,3534,0,171138944,937,111,38,4,26,0.037961,1128,2435,89,36,1,4
1.6,3535,0,171171624,937,111,38,4,26,0.038639,1128,2435,89,36,1,4
1.6,3536,0,171236752,937,111,38,4,26,0.037796,1128,2436,89,36,1,4
1.6,3537,0,171269520,937,111,38,4,26,0.037970,1128,2436,89,36,1,4
1.6,3538,0,171326720,937,111,38,4,26,0.038991,1130,2437,89,36,1,4
1.6,3539,0,171425720,937,111,38,4,26,0.038283,1132,2437,91,40,0,3
1.6,3540,0,171458488,937,111,38,4,26,0.038164,1132,2437,91,40,0,3
1.6,3541,0,171507472,937,111,38,4,26,0.038033,1134,2438,91,40,0,3
1.6,3542,0,171572864,937,111,38,4,26,0.038228,1135,2438,91,40,0,3
1.6,3543,0,171613704,937,111,38,4,26,0.038328,1129,2438,91,40,0,3
1.6,3544,0,171670912,937,111,38,4,26,0.038500,1129,2438,91,40,0,3
1.6,3545,0,171711776,937,111,38,4,26,0.038917,1129,2438,91,40,0,3
1.6,3546,0,171820152,937,111,38,4,26,0.038973,1129,2438,90,45,0,1
1.6,3547,0,171885616,937,111,38,4,25,0.039956,1129,2438,90,45,0,1
1.6,3548,0,171918384,937,111,38,4,26,0.038672,1133,2440,90,45,0,1
1.6,3549,0,171959248,937,111,38,4,25,0.039739,1133,2441,90,45,0,1
1.6,3550,0,172032736,937,111,38,4,25,0.039409,1133,2441,90,45,0,1
1.6,3551,0,172122536,937,111,38,4,25,0.040698,1133,2440,90,45,0,1
1.6,3552,0,170696136,938,111,38,4,23,0.043462,1133,2440,90,45,0,1
1.6,3553,0,170786080,938,111,38,4,22,0.045362,1133,2440,86,45,0,2
1.6,3554,0,170826896,938,111,38,4,22,0.046042,831,2466,86,45,0,2
1.6,3555,0,170875888,938,111,38,4,22,0.044724,831,2472,86,45,0,2
1.6,3556,0,170908544,938,111,38,4,22,0.045450,831,2472,86,45,0,2
1.6,3557,0,170965832,938,111,38,4,22,0.044534,831,2472,86,45,0,2
1.6,3558,0,171049752,938,111,38,4,22,0.044843,831,2472,86,45,0,2
1.6,3559,0,171089608,938,111,38,4,23,0.043592,831,2472,92,39,0,3
1.6,3560,0,171146712,938,111,38,4,23,0.044196,831,2471,92,39,0,3
1.6,3561,0,171187440,938,111,38,4,24,0.042087,831,2463,92,39,0,3
1.6,3562,0,171228304,938,111,38,4,25,0.039318,829,2463,92,39,0,3
1.6,3563,0,171285512,938,111,38,4,27,0.037203,829,2463,92,39,0,3
1.6,3564,0,171318184,938,111,38,4,28,0.036197,830,2463,92,39,0,3
1.6,3565,0,171401824,938,111,38,4,27,0.036515,830,2464,92,39,0,3
1.6,3566,0,171434568,938,111,38,4,28,0.035638,830,2464,90,39,0,2
1.6,3567,0,171508160,938,111,38,4,28,0.035776,827,2460,90,39,0,2
1.6,3568,0,171540848,938,111,38,4,28,0.035548,830,2460,90,39,0,2
1.6,3569,0,171589744,938,111,38,4,28,0.036343,830,2460,90,39,0,2
1.6,3570,0,171622464,938,111,38,4,28,0.036247,830,2460,90,39,0,2
1.6,3571,0,171671504,938,111,38,4,28,0.035849,830,2460,90,39,0,2
1.6,3572,0,171738768,938,111,38,4,28,0.036246,830,2460,90,39,0,2
1.6,3573,0,171796008,938,111,38,4,28,0.035804,830,2460,91,43,0,3
1.6,3574,0,171861416,938,111,38,4,28,0.036121,830,2464,91,43,0,3
1.6,3575,0,171885992,938,111,38,4,28,0.036303,830,2464,91,43,0,3
1.6,3576,0,171934888,938,111,38,4,27,0.036372,830,2464,91,43,0,3
1.6,3577,0,171967568,938,111,38,4,27,0.036706,830,2464,91,43,0,3
1.6,3578,0,172024800,938,111,38,4,27,0.036891,830,2464,91,43,0,3
1.6,3579,0,172124488,938,111,38,4,27,0.036408,830,2464,91,43,0,3
1.6,3580,0,172157216,938,111,38,4,27,0.036723,833,2464,85,33,0,3
1.6,3581,0,172214360,938,111,38,4,27,0.036945,739,2407,85,33,0,3
1.6,3582,0,170744672,939,111,38,4,27,0.037414,840,2462,85,33,0,3
1.6,3583,0,170777400,939,111,38,4,27,0.037109,962,2484,85,33,0,3
1.6,3584,0,170842632,939,111,38,4,27,0.036933,1145,2482,85,33,0,3
1.6,3585,0,170907888,939,111,38,4,27,0.037337,1146,2482,85,33,0,3
1.6,3586,0,170967408,939,111,38,4,27,0.037222,1146,2482,85,33,0,3
1.6,3587,0,171024704,939,111,38,4,27,0.037446,1146,2482,88,47,0,3
1.6,3588,0,171057416,939,111,38,4,27,0.037533,1146,2482,88,47,0,3
1.6,3589,0,171122448,939,111,38,4,27,0.037110,1146,2482,88,47,0,3
1.6,3590,0,171155144,939,111,38,4,27,0.037418,1146,2482,88,47,0,3
1.6,3591,0,171195992,939,111,38,4,27,0.037359,1146,2482,88,47,0,3
1.6,3592,0,171244960,939,111,38,4,27,0.036513,1146,2475,88,47,0,3
1.6,3593,0,171309800,939,111,38,4,27,0.037503,1146,2475,88,47,0,3
1.6,3594,0,171383424,939,111,38,4,26,0.038451,1146,2475,92,40,0,2
1.6,3595,0,171424304,939,111,38,4,26,0.038015,1146,2474,92,40,0,2
1.6,3596,0,171473296,939,111,38,4,26,0.039061,1069,2470,92,40,0,2
1.6,3597,0,171530336,939,111,38,4,25,0.039234,956,2470,92,40,0,2
1.6,3598,0,171562952,939,111,38,4,26,0.038944,861,2472,92,40,0,2
1.6,3599,0,171603744,939,111,38,4,26,0.038688,852,2463,92,40,0,2
1.6,3600,0,171695312,939,111,38,4,26,0.038388,851,2460,92,40,0,2
1.6,3601,0,171728032,939,111,38,4,26,0.038156,849,2449,93,30,0,2
1.6,3602,0,171793168,939,111,38,4,26,0.038133,846,2451,93,30,0,2
1.6,3603,0,171825864,939,111,38,4,26,0.038029,844,2450,93,30,0,2
1.6,3604,0,171883032,939,111,38,4,27,0.036493,844,2451,93,30,0,2
1.6,3605,0,171907608,939,111,38,4,28,0.036154,844,2451,93,30,0,2
1.6,3606,0,171948400,939,111,38,4,29,0.035071,844,2453,93,30,0,2
1.6,3607,0,172013728,939,111,38,4,29,0.034816,843,2453,93,30,0,2
1.6,3608,0,172062576,939,111,38,4,29,0.034944,843,2456,92,36,1,2
1.6,3609,0,172127768,939,111,38,4,28,0.035634,843,2456,92,36,1,2
1.6,3610,0,172152344,939,111,38,4,29,0.034763,844,2448,92,36,1,2
1.6,3611,0,172209528,939,111,38,4,29,0.034962,844,2444,92,36,1,2
1.6,3612,0,172266648,939,111,38,4,28,0.035543,844,2444,92,36,1,2
1.6,3613,0,170763320,940,111,38,4,29,0.034814,844,2446,92,36,1,2
1.6,3614,0,170812280,940,111,38,4,28,0.035331,844,2446,92,36,1,2
1.6,3615,0,170844928,940,111,38,4,28,0.035454,845,2446,92,36,1,2
1.6,3616,0,170945256,940,111,38,4,28,0.035423,845,2446,96,40,0,2
1.6,3617,0,170977888,940,111,38,4,29,0.034123,845,2446,96,40,0,2
1.6,3618,0,171034880,940,111,38,4,30,0.033761,845,2444,96,40,0,2
1.6,3619,0,171067592,940,111,38,4,30,0.032973,844,2444,96,40,0,2
1.6,3620,0,171116536,940,111,38,4,30,0.033089,844,2444,96,40,0,2
1.6,3621,0,171149096,940,111,38,4,30,0.032904,845,2442,96,40,0,2
1.6,3622,0,171198104,940,111,38,4,30,0.032940,845,2442,96,40,0,2
1.6,3623,0,171230832,940,111,38,4,30,0.032953,845,2442,96,40,0,2
1.6,3624,0,171338384,940,111,38,4,30,0.033111,845,2441,95,42,0,2
1.6,3625,0,171403840,940,111,38,4,30,0.033817,846,2441,95,42,0,2
1.6,3626,0,171436376,940,111,38,4,30,0.033842,848,2435,95,42,0,2
1.6,3627,0,171485392,940,111,38,4,29,0.034243,848,2435,95,42,0,2
1.6,3628,0,171518000,940,111,38,4,28,0.035416,848,2435,95,42,0,2
1.6,3629,0,171575160,940,111,38,4,28,0.036060,851,2435,95,42,0,2
1.6,3630,0,171607824,940,111,38,4,28,0.036177,851,2435,95,42,0,2
1.6,3631,0,171673072,940,111,38,4,27,0.036523,851,2436,95,42,0,2
1.6,3632,0,171705840,940,111,38,4,27,0.036551,851,2436,89,38,1,2
1.6,3633,0,171754824,940,111,38,4,27,0.036437,851,2435,89,38,1,2
1.6,3634,0,171811592,940,111,38,4,28,0.036131,851,2435,89,38,1,2
1.6,3635,0,171844288,940,111,38,4,28,0.036310,851,2435,89,38,1,2
1.6,3636,0,171901336,940,111,38,4,28,0.036309,851,2436,89,38,1,2
1.6,3637,0,171958576,940,111,38,4,28,0.036134,848,2436,89,38,1,2
1.6,3638,0,172033904,940,111,38,4,27,0.037121,848,2436,89,38,1,2
1.6,3639,0,172099312,940,111,38,4,27,0.037372,848,2436,90,44,0,3
1.6,3640,0,172148352,940,111,38,4,27,0.037332,1146,2455,90,44,0,3
1.6,3641,0,172172808,940,111,38,4,26,0.038060,1315,2477,90,44,0,3
1.6,3642,0,172229864,940,111,38,4,27,0.037431,1311,2436,90,44,0,3
1.6,3643,0,172262536,940,111,38,4,26,0.038405,1007,2373,90,44,0,3
1.6,3644,0,170768848,941,111,38,4,26,0.038723,933,2358,90,44,0,3
1.6,3645,0,170860800,941,111,38,4,26,0.037855,933,2358,90,44,0,3
1.6,3646,0,170900456,941,111,38,4,26,0.038790,933,2358,93,39,0,2
1.6,3647,0,170965784,941,111,38,4,26,0.039052,932,2361,93,39,0,2
1.6,3648,0,170998480,941,111,38,4,26,0.037737,932,2361,93,39,0,2
1.6,3649,0,171031184,941,111,38,4,27,0.037421,932,2361,93,39,0,2
1.6,3650,0,171104808,941,111,38,4,27,0.037434,932,2361,93,39,0,2
1.6,3651,0,171137472,941,111,38,4,27,0.036839,932,2361,93,39,0,2
1.6,3652,0,171227496,941,111,38,4,27,0.036994,932,2361,93,39,0,2
1.6,3653,0,171268208,941,111,38,4,27,0.036830,933,2360,93,45,0,4
1.6,3654,0,171325448,941,111,38,4,27,0.036367,937,2360,93,45,0,4
1.6,3655,0,171374480,941,111,38,4,27,0.036778,940,2360,93,45,0,4
1.6,3656,0,171415384,941,111,38,4,28,0.036153,940,2360,93,45,0,4
1.6,3657,0,171464160,941,111,38,4,28,0.036086,946,2358,93,45,0,4
1.6,3658,0,171496848,941,111,38,4,27,0.036562,943,2358,93,45,0,4
1.6,3659,0,171552656,941,111,38,4,28,0.036330,944,2362,93,45,0,4
1.6,3660,0,171618008,941,111,38,4,28,0.036246,947,2362,93,40,2,5
1.6,3661,0,171658760,941,111,38,4,27,0.036864,946,2362,93,40,2,5
1.6,3662,0,171707744,941,111,38,4,27,0.036490,954,2361,93,40,2,5
1.6,3663,0,171740408,941,111,38,4,27,0.037259,946,2361,93,40,2,5
1.6,3664,0,171813960,941,111,38,4,25,0.039746,952,2361,93,40,2,5
1.6,3665,0,171904416,941,111,38,4,24,0.040889,953,2360,93,40,2,5
1.6,3666,0,171937088,941,111,38,4,24,0.042163,953,2360,93,40,2,5
1.6,3667,0,171993712,941,111,38,4,23,0.044047,953,2352,93,44,0,2
1.6,3668,0,172075456,941,111,38,4,22,0.044620,953,2350,93,44,0,2
1.6,3669,0,172108160,941,111,38,4,22,0.045640,953,2350,93,44,0,2
1.6,3670,0,172165376,941,111,38,4,21,0.047175,953,2349,93,44,0,2
1.6,3671,0,172229968,941,111,38,4,21,0.047974,953,2350,93,44,0,2
1.6,3672,0,170843368,942,111,38,4,20,0.049065,953,2350,93,44,0,2
1.6,3673,0,170916888,942,111,38,4,21,0.048424,960,2351,93,51,0,6
1.6,3674,0,170982200,942,111,38,4,21,0.047416,960,2350,93,51,0,6
1.6,3675,0,171104992,942,111,38,4,21,0.047144,960,2350,93,51,0,6
1.6,3676,0,171194968,942,111,38,4,21,0.046658,960,2350,93,51,0,6
1.6,3677,0,171278784,942,111,38,4,22,0.045192,961,2354,93,51,0,6
1.6,3678,0,171327856,942,111,38,4,23,0.044013,961,2354,93,51,0,6
1.6,3679,0,171376752,942,111,38,4,23,0.042778,960,2355,94,46,0,4
1.6,3680,0,171417616,942,111,38,4,24,0.041780,960,2359,94,46,0,4
1.6,3681,0,171466696,942,111,38,4,25,0.040065,953,2354,94,46,0,4
1.6,3682,0,171499368,942,111,38,4,25,0.039693,954,2354,94,46,0,4
1.6,3683,0,171556504,942,111,38,4,26,0.038852,951,2354,94,46,0,4
1.6,3684,0,171613736,942,111,38,4,26,0.037903,950,2354,94,46,0,4
1.6,3685,0,171688616,942,111,38,4,28,0.036279,950,2354,94,46,0,4
1.6,3686,0,171728768,942,111,38,4,28,0.036205,945,2355,91,33,0,3
1.6,3687,0,171769624,942,111,38,4,28,0.035795,945,2355,91,33,0,3
1.6,3688,0,171826808,942,111,38,4,28,0.036338,943,2355,91,33,0,3
1.6,3689,0,171884040,942,111,38,4,27,0.036717,938,2355,91,33,0,3
1.6,3690,0,171941272,942,111,38,4,27,0.036927,940,2357,91,33,0,3
1.6,3691,0,171965824,942,111,38,4,26,0.037801,934,2357,91,33,0,3
1.6,3692,0,172053656,942,111,38,4,27,0.036931,933,2357,91,33,0,3
1.6,3693,0,172094560,942,111,38,4,27,0.037564,932,2357,91,41,0,3
1.6,3694,0,172151760,942,111,38,4,27,0.037528,932,2357,91,41,0,3
1.6,3695,0,172184432,942,111,38,4,27,0.037372,932,2359,91,41,0,3
1.6,3696,0,172225272,942,111,38,4,27,0.036422,932,2360,91,41,0,3
1.6,3697,0,172282240,942,111,38,4,27,0.036696,931,2360,91,41,0,3
1.6,3698,0,172314920,942,111,38,4,28,0.035853,931,2360,91,41,0,3
1.6,3699,0,170854176,943,111,38,4,27,0.036622,934,2362,91,41,0,3
1.6,3700,0,170927616,943,111,38,4,28,0.036230,934,2362,93,45,0,2
1.6,3701,0,170968472,943,111,38,4,28,0.035860,937,2366,93,45,0,2
1.6,3702,0,171009240,943,111,38,4,27,0.036984,937,2366,93,45,0,2
1.6,3703,0,171058288,943,111,38,4,28,0.036251,937,2366,93,45,0,2
1.6,3704,0,171090936,943,111,38,4,27,0.037220,937,2366,93,45,0,2
1.6,3705,0,171173184,943,111,38,4,27,0.037520,937,2366,93,45,0,2
1.6,3706,0,171240000,943,111,38,4,26,0.038223,937,2366,93,45,0,2
1.6,3707,0,171297288,943,111,38,4,26,0.038102,937,2366,92,41,0,3
1.6,3708,0,171362688,943,111,38,4,26,0.038227,941,2370,92,41,0,3
1.6,3709,0,171395328,943,111,38,4,26,0.037767,941,2370,92,41,0,3
1.6,3710,0,171436128,943,111,38,4,27,0.037683,941,2370,92,41,0,3
1.6,3711,0,171509080,943,111,38,4,27,0.037319,941,2372,92,41,0,3
1.6,3712,0,171533656,943,111,38,4,27,0.037105,941,2374,92,41,0,3
1.6,3713,0,171605144,943,111,38,4,27,0.037142,941,2374,92,41,0,3
1.6,3714,0,171670512,943,111,38,4,28,0.035690,941,2374,91,41,0,2
1.6,3715,0,171735656,943,111,38,4,28,0.035978,941,2374,91,41,0,2
1.6,3716,0,171768360,943,111,38,4,28,0.035776,941,2374,91,41,0,2
1.6,3717,0,171817480,943,111,38,4,28,0.035621,941,2374,91,41,0,2
1.6,3718,0,171850152,943,111,38,4,28,0.035598,941,2374,91,41,0,2
1.6,3719,0,171890728,943,111,38,4,28,0.035254,941,2374,91,41,0,2
1.6,3720,0,171923424,943,111,38,4,28,0.035680,943,2374,91,41,0,2
1.6,3721,0,172014096,943,111,38,4,28,0.035843,943,2373,91,41,0,2
1.6,3722,0,172054976,943,111,38,4,29,0.035043,943,2373,92,42,0,2
1.6,3723,0,172112152,943,111,38,4,28,0.035370,943,2373,92,42,0,2
1.6,3724,0,172169240,943,111,38,4,28,0.035605,943,2373,92,42,0,2
1.6,3725,0,172201712,943,111,38,4,28,0.035554,937,2371,92,42,0,2
1.6,3726,0,172258704,943,111,38,4,28,0.035686,1153,2427,92,42,0,2
1.6,3727,0,172283280,943,111,38,4,28,0.035506,1159,2429,92,42,0,2
1.6,3728,0,170781544,944,111,38,4,28,0.036137,1159,2429,92,42,0,2
1.6,3729,0,170846744,944,111,38,4,27,0.036606,1159,2429,95,39,0,2
1.6,3730,0,170960824,944,111,38,4,27,0.036873,1159,2429,95,39,0,2
1.6,3731,0,172631184,944,111,38,4,27,0.037468,1159,2429,95,39,0,2
1.6,3732,0,173226120,945,111,38,4,26,0.038976,1167,2433,95,39,0,2
1.6,3733,0,173283216,945,111,38,4,26,0.038649,1167,2433,95,39,0,2
1.6,3734,0,173315904,945,111,38,4,25,0.039846,1167,2433,95,39,0,2
1.6,3735,0,173391648,945,111,38,4,25,0.040481,1167,2433,95,39,0,2
1.6,3736,0,173430808,945,111,38,4,25,0.039855,1171,2433,91,33,0,1
1.6,3737,0,173479832,945,111,38,4,25,0.040124,1171,2433,91,33,0,1
1.6,3738,0,173545048,945,111,38,4,25,0.040243,1171,2433,91,33,0,1
1.6,3739,0,173577720,945,111,38,4,25,0.039772,1171,2433,91,33,0,1
1.6,3740,0,173634800,945,111,38,4,25,0.039933,1171,2433,91,33,0,1
1.6,3741,0,173667504,945,111,38,4,26,0.038989,1171,2433,91,33,0,1
1.6,3742,0,173740152,945,111,38,4,26,0.038714,1171,2433,91,33,0,1
1.6,3743,0,173804704,945,111,38,4,26,0.039004,1171,2433,91,40,0,3
1.6,3744,0,173845408,945,111,38,4,26,0.038144,1171,2433,91,40,0,3
1.6,3745,0,173902672,945,111,38,4,27,0.037399,1171,2433,91,40,0,3
1.6,3746,0,173935352,945,111,38,4,27,0.037344,1171,2433,91,40,0,3
1.6,3747,0,173984392,945,111,38,4,26,0.037893,1171,2433,91,40,0,3
1.6,3748,0,174017056,945,111,38,4,27,0.037161,1171,2433,91,40,0,3
1.6,3749,0,174100592,945,111,38,4,26,0.037908,1171,2433,91,40,0,3
1.6,3750,0,174172120,945,111,38,4,27,0.036886,1172,2435,91,35,0,2
1.6,3751,0,174212984,945,111,38,4,27,0.037152,1225,2441,91,35,0,2
1.6,3752,0,174262072,945,111,38,4,27,0.037116,1264,2448,91,35,0,2
1.6,3753,0,174302944,945,111,38,4,27,0.036526,1297,2452,91,35,0,2
1.6,3754,0,174368280,945,111,38,4,27,0.036830,1335,2458,91,35,0,2
1.6,3755,0,174425496,945,111,38,4,26,0.037748,1334,2459,91,35,0,2
1.6,3756,0,174480248,945,111,38,4,26,0.037878,1337,2457,91,35,0,2
1.6,3757,0,171605720,946,112,38,4,27,0.037196,1334,2454,93,38,0,1
1.6,3758,0,171679424,946,112,38,4,26,0.037921,1330,2452,93,38,0,1
1.6,3759,0,171712104,946,112,38,4,27,0.037170,1330,2452,93,38,0,1
1.6,3760,0,171761064,946,112,38,4,26,0.038175,1330,2452,93,38,0,1
1.6,3761,0,171793712,946,112,38,4,26,0.038896,1330,2452,93,38,0,1
1.6,3762,0,171850896,946,112,38,4,26,0.038355,1330,2452,93,38,0,1
1.6,3763,0,171943024,946,112,38,4,25,0.039484,1329,2452,93,38,0,1
1.6,3764,0,171983848,946,112,38,4,26,0.038876,1328,2452,90,34,0,3
1.6,3765,0,172041024,946,112,38,4,26,0.037910,1328,2452,90,34,0,3
1.6,3766,0,172098176,946,112,38,4,26,0.038177,1328,2452,90,34,0,3
1.6,3767,0,172130720,946,112,38,4,26,0.037829,1321,2455,90,34,0,3
1.6,3768,0,172179752,946,112,38,4,26,0.037916,1321,2455,90,34,0,3
1.6,3769,0,172212344,946,112,38,4,26,0.038127,1321,2455,90,34,0,3
1.6,3770,0,172277736,946,112,38,4,27,0.036910,1319,2456,90,34,0,3
1.6,3771,0,172345136,946,112,38,4,27,0.036929,1326,2459,91,32,0,3
1.6,3772,0,172410384,946,112,38,4,27,0.036503,1320,2456,91,32,0,3
1.6,3773,0,172451216,946,112,38,4,28,0.036080,1316,2454,91,32,0,3
1.6,3774,0,172475728,946,112,38,4,27,0.036760,1316,2454,91,32,0,3
1.6,3775,0,172532928,946,112,38,4,27,0.037021,1316,2454,91,32,0,3
1.6,3776,0,172590080,946,112,38,4,27,0.036661,1316,2454,91,32,0,3
1.6,3777,0,172630944,946,112,38,4,27,0.037441,1325,2458,91,32,0,3
1.6,3778,0,172845360,946,112,38,4,27,0.036381,1328,2457,90,39,0,7
1.6,3779,0,172878072,946,112,38,4,27,0.036805,1328,2457,90,39,0,7
1.6,3780,0,172935256,946,112,38,4,27,0.037289,1328,2457,90,39,0,7
1.6,3781,0,172984280,946,112,38,4,27,0.036559,1328,2457,90,39,0,7
1.6,3782,0,173025104,946,112,38,4,27,0.037147,1328,2457,90,39,0,7
1.6,3783,0,173082296,946,112,38,4,27,0.036453,1326,2457,90,39,0,7
1.6,3784,0,173106840,946,112,38,4,28,0.035951,1326,2457,90,39,0,7
1.6,3785,0,171820056,947,112,38,4,28,0.035543,1326,2457,93,40,0,5
1.6,3786,0,171852792,947,112,38,4,28,0.036224,1326,2458,93,40,0,5
1.6,3787,0,171918168,947,112,38,4,28,0.035738,1326,2458,93,40,0,5
1.6,3788,0,171950848,947,112,38,4,27,0.036662,1326,2458,93,40,0,5
1.6,3789,0,171991664,947,112,38,4,27,0.036422,1326,2458,93,40,0,5
1.6,3790,0,172040760,947,112,38,4,27,0.037120,1326,2458,93,40,0,5
1.6,3791,0,172073440,947,112,38,4,27,0.036895,1326,2458,93,40,0,5
1.6,3792,0,172155032,947,112,38,4,28,0.036251,1326,2458,93,44,1,3
1.6,3793,0,172187704,947,112,38,4,27,0.037105,1326,2458,93,44,1,3
1.6,3794,0,172244872,947,112,38,4,27,0.036869,1326,2458,93,44,1,3
1.6,3795,0,172277640,947,112,38,4,27,0.036799,1329,2458,93,44,1,3
1.6,3796,0,172326656,947,112,38,4,28,0.035937,1329,2458,93,44,1,3
1.6,3797,0,172383784,947,112,38,4,28,0.036016,1329,2458,93,44,1,3
1.6,3798,0,172424648,947,112,38,4,28,0.035938,1329,2458,93,44,1,3
1.6,3799,0,172496720,947,112,38,4,28,0.035203,1329,2458,93,48,0,3
1.6,3800,0,172555008,947,112,38,4,29,0.034311,1548,2515,93,48,0,3
1.6,3801,0,172612224,947,112,38,4,29,0.035087,1548,2515,93,48,0,3
1.6,3802,0,172661064,947,112,38,4,28,0.035476,1548,2515,93,48,0,3
1.6,3803,0,172693680,947,112,38,4,28,0.035568,1548,2515,93,48,0,3
1.6,3804,0,172750864,947,112,38,4,28,0.035709,1550,2515,93,48,0,3
1.6,3805,0,172775416,947,112,38,4,28,0.036149,1546,2513,93,48,0,3
1.6,3806,0,172832632,947,112,38,4,27,0.037056,1554,2517,93,48,0,3
1.6,3807,0,172908264,947,112,38,4,27,0.037002,1554,2517,95,41,0,2
1.6,3808,0,172965424,947,112,38,4,28,0.036339,1554,2517,95,41,0,2
1.6,3809,0,173014352,947,112,38,4,26,0.037809,1558,2519,95,41,0,2
1.6,3810,0,173055280,947,112,38,4,26,0.037954,1558,2519,95,41,0,2
1.6,3811,0,173104264,947,112,38,4,27,0.037165,1559,2520,95,41,0,2
1.6,3812,0,173136920,947,112,38,4,27,0.037592,1559,2520,95,41,0,2
1.6,3813,0,173202200,947,112,38,4,27,0.037006,1559,2520,95,41,0,2
1.6,3814,0,173277168,947,112,38,4,27,0.036833,1559,2520,94,31,0,2
1.6,3815,0,173329016,947,112,38,4,27,0.036742,1559,2522,94,31,0,2
1.6,3816,0,171882816,948,112,38,4,28,0.036076,1559,2522,94,31,0,2
1.6,3817,0,171915472,948,112,38,4,27,0.037040,1553,2519,94,31,0,2
1.6,3818,0,171972672,948,112,38,4,27,0.036802,1553,2519,94,31,0,2
1.6,3819,0,172005328,948,112,38,4,28,0.035883,1553,2519,94,31,0,2
1.6,3820,0,172054336,948,112,38,4,27,0.036611,1553,2519,94,31,0,2
1.6,3821,0,172130144,948,112,38,4,27,0.037578,1553,2519,94,44,0,3
1.6,3822,0,172187392,948,112,38,4,27,0.036906,1552,2519,94,44,0,3
1.6,3823,0,172220112,948,112,38,4,27,0.036914,1555,2519,94,44,0,3
1.6,3824,0,172277336,948,112,38,4,27,0.037093,1555,2519,94,44,0,3
1.6,3825,0,172326376,948,112,38,4,27,0.036930,1556,2519,94,44,0,3
1.6,3826,0,172359040,948,112,38,4,27,0.037548,1556,2519,94,44,0,3
1.6,3827,0,172416240,948,112,38,4,27,0.036966,1556,2519,94,44,0,3
1.6,3828,0,172507976,948,112,38,4,27,0.037342,1557,2519,89,30,0,4
1.6,3829,0,172540712,948,112,38,4,27,0.036719,1557,2519,89,30,0,4
1.6,3830,0,172597912,948,112,38,4,27,0.036913,1562,2523,89,30,0,4
1.6,3831,0,172630616,948,112,38,4,28,0.036066,1562,2523,89,30,0,4
1.6,3832,0,172687848,948,112,38,4,27,0.036867,1562,2525,89,30,0,4
1.6,3833,0,172744904,948,112,38,4,27,0.036880,1561,2525,89,30,0,4
1.6,3834,0,172785784,948,112,38,4,26,0.037914,1561,2525,89,30,0,4
1.6,3835,0,172843032,948,112,38,4,26,0.037777,1561,2527,94,33,1,2
1.6,3836,0,172908328,948,112,38,4,26,0.037807,1561,2526,94,33,1,2
1.6,3837,0,172940928,948,112,38,4,27,0.037235,1561,2526,94,33,1,2
1.6,3838,0,172989800,948,112,38,4,27,0.037309,1561,2523,94,33,1,2
1.6,3839,0,173022480,948,112,38,4,26,0.038412,1561,2523,94,33,1,2
1.6,3840,0,173079720,948,112,38,4,27,0.037353,1561,2523,94,33,1,2
1.6,3841,0,173104296,948,112,38,4,27,0.037149,1563,2523,94,33,1,2
1.6,3842,0,173169696,948,112,38,4,28,0.035959,1563,2523,92,34,0,2
1.6,3843,0,173248976,948,112,38,4,28,0.035262,1563,2523,92,34,0,2
1.6,3844,0,173306128,948,112,38,4,29,0.033938,1563,2522,92,34,0,2
1.6,3845,0,173355088,948,112,38,4,29,0.034358,1563,2522,92,34,0,2
1.6,3846,0,173379528,948,112,38,4,30,0.033499,1563,2522,92,34,0,2
1.6,3847,0,171914040,949,112,38,4,29,0.034021,1563,2522,92,34,0,2
1.6,3848,0,171946760,949,112,38,4,29,0.034577,1563,2522,92,34,0,2
1.6,3849,0,172003944,949,112,38,4,29,0.034976,1563,2521,92,34,0,2
1.6,3850,0,172108080,949,112,38,4,28,0.036036,1563,2521,92,33,0,3
1.6,3851,0,172140752,949,112,38,4,28,0.035980,1563,2521,92,33,0,3
1.6,3852,0,172198040,949,112,38,4,28,0.036122,1563,2521,92,33,0,3
1.6,3853,0,172230728,949,112,38,4,27,0.037530,1563,2522,92,33,0,3
1.6,3854,0,172279776,949,112,38,4,26,0.037852,1563,2522,92,33,0,3
1.6,3855,0,172328808,949,112,38,4,26,0.037786,1563,2522,92,33,0,3
1.6,3856,0,172361312,949,112,38,4,26,0.038770,1565,2522,92,33,0,3
1.6,3857,0,172426248,949,112,38,4,26,0.037928,1564,2522,91,31,0,2
1.6,3858,0,172518440,949,112,38,4,26,0.038006,1564,2514,91,31,0,2
1.6,3859,0,172559312,949,112,38,4,27,0.037601,1565,2509,91,31,0,2
1.6,3860,0,172624752,949,112,38,4,27,0.036534,1553,2494,91,31,0,2
1.6,3861,0,172673776,949,112,38,4,27,0.036878,1332,2447,91,31,0,2
1.6,3862,0,172714632,949,112,38,4,27,0.037532,1332,2438,91,31,0,2
1.6,3863,0,172763576,949,112,38,4,27,0.036658,1333,2423,91,31,0,2
1.6,3864,0,172812464,949,112,38,4,27,0.037667,1332,2416,87,30,0,2
1.6,3865,0,172912400,949,112,38,4,26,0.037941,1331,2418,87,30,0,2
1.6,3866,0,172945112,949,112,38,4,27,0.037032,1329,2430,87,30,0,2
1.6,3867,0,172994112,949,112,38,4,26,0.037981,1322,2424,87,30,0,2
1.6,3868,0,173059480,949,112,38,4,27,0.037184,1317,2425,87,30,0,2
1.6,3869,0,173092144,949,112,38,4,28,0.036045,1309,2422,87,30,0,2
1.6,3870,0,173141184,949,112,38,4,28,0.035791,1091,2365,87,30,0,2
1.6,3871,0,173180672,949,112,38,4,28,0.036327,1087,2355,86,36,0,2
1.6,3872,0,173229640,949,112,38,4,28,0.035610,1085,2347,86,36,0,2
1.6,3873,0,173282624,949,112,38,4,28,0.035886,1068,2348,86,36,0,2
1.6,3874,0,172687584,950,112,38,4,29,0.034437,1070,2321,86,36,0,2
1.6,3875,0,172845480,951,112,38,4,28,0.035335,1067,2307,86,36,0,2
1.6,3876,0,174168128,952,113,38,4,27,0.037458,1065,2305,86,36,0,2
1.6,3877,0,184343392,954,113,38,4,26,0.039058,1057,2285,86,36,0,2
1.6,3878,0,192209240,960,114,38,4,24,0.040851,841,2229,81,24,81,4
1.6,3879,0,193521080,962,114,38,4,24,0.041191,839,2232,81,24,81,4
1.6,3880,0,195590480,963,114,38,4,24,0.041839,839,2211,81,24,81,4
1.6,3881,0,197241064,964,114,38,4,24,0.042233,840,2211,81,24,81,4
1.6,3882,0,197208256,965,114,38,4,24,0.042347,845,2229,81,24,81,4
1.6,3883,0,197359336,966,114,38,4,24,0.041997,844,2229,81,24,81,4
1.6,3884,0,197884032,967,114,38,4,23,0.042862,686,2196,96,29,97,2
1.6,3885,0,201302648,967,114,38,4,24,0.040950,684,2206,96,29,97,2
1.6,3886,0,202778552,968,114,38,4,25,0.039790,682,2212,96,29,97,2
1.6,3887,0,202843632,968,114,38,4,27,0.037586,683,2197,96,29,97,2
1.6,3888,0,202876328,968,114,38,4,28,0.036056,692,2209,96,29,97,2
1.6,3889,0,202933520,968,114,38,4,28,0.035795,693,2193,96,29,97,2
1.6,3890,0,203289568,968,114,38,4,28,0.035289,694,2193,96,29,97,2
1.6,3891,0,202526792,969,115,38,4,28,0.036067,692,2178,81,32,47,3
1.6,3892,0,203411792,970,115,38,4,27,0.037234,688,2183,81,32,47,3
1.6,3893,0,210376944,971,115,38,4,26,0.039108,691,2176,81,32,47,3
1.6,3894,0,219117328,975,116,38,4,25,0.039616,681,2176,81,32,47,3
1.6,3895,0,218003752,978,116,38,4,23,0.042588,682,2182,81,32,47,3
1.6,3896,0,218069208,978,116,38,4,24,0.041550,681,2177,81,32,47,3
1.6,3897,0,218101888,978,116,38,4,24,0.041681,685,2180,81,32,47,3
1.6,3898,0,218176632,978,116,38,4,24,0.041235,686,2183,76,23,63,2
1.6,3899,0,218217256,978,116,38,4,24,0.041496,690,2201,76,23,63,2
1.6,3900,0,218258088,978,116,38,4,24,0.041293,691,2204,76,23,63,2
1.6,3901,0,218307024,978,116,38,4,25,0.040212,698,2210,76,23,63,2
1.6,3902,0,218339712,978,116,38,4,26,0.038788,697,2214,76,23,63,2
1.6,3903,0,218431168,978,116,38,4,27,0.037356,704,2218,76,23,63,2
1.6,3904,0,218463856,978,116,38,4,27,0.036979,700,2192,76,23,63,2
1.6,3905,0,218528888,978,116,38,4,29,0.034634,701,2195,77,25,0,3
1.6,3906,0,218561560,978,116,38,4,29,0.034571,701,2198,77,25,0,3
1.6,3907,0,218618736,978,116,38,4,29,0.035001,690,2190,77,25,0,3
1.6,3908,0,218675864,978,116,38,4,29,0.034888,689,2187,77,25,0,3
1.6,3909,0,218708544,978,116,38,4,28,0.035264,693,2188,77,25,0,3
1.6,3910,0,218757384,978,116,38,4,28,0.035679,689,2192,77,25,0,3
1.6,3911,0,218830368,978,116,38,4,28,0.035160,689,2194,77,25,0,3
1.6,3912,0,218887272,978,116,38,4,28,0.035098,689,2194,77,25,0,3
1.6,3913,0,218927952,978,116,38,4,28,0.035339,687,2197,75,28,0,4
1.6,3914,0,218985136,978,116,38,4,29,0.034456,684,2199,75,28,0,4
1.6,3915,0,219009712,978,116,38,4,30,0.033404,684,2202,75,28,0,4
1.6,3916,0,219066928,978,116,38,4,30,0.032854,678,2203,75,28,0,4
1.6,3917,0,219096296,978,116,38,4,31,0.031876,680,2203,75,28,0,4
1.6,3918,0,219169888,978,116,38,4,30,0.033138,680,2206,75,28,0,4
1.6,3919,0,219202600,978,116,38,4,31,0.031796,683,2208,75,28,0,4
1.6,3920,0,219294376,978,116,38,4,31,0.032446,682,2212,75,28,0,4
1.6,3921,0,219333424,978,116,38,4,31,0.032232,682,2212,84,33,0,3
1.6,3922,0,219390568,978,116,38,4,31,0.032502,689,2215,84,33,0,3
1.6,3923,0,219423216,978,116,38,4,31,0.031980,686,2216,84,33,0,3
1.6,3924,0,219472264,978,116,38,4,31,0.032097,683,2210,84,33,0,3
1.6,3925,0,219537544,978,116,38,4,31,0.032513,674,2191,84,33,0,3
1.6,3926,0,219562072,978,116,38,4,29,0.034203,675,2193,84,33,0,3
1.6,3927,0,217866720,979,116,38,4,28,0.035097,677,2191,84,33,0,3
1.6,3928,0,217948376,979,116,38,4,30,0.033736,672,2167,84,33,0,3
1.6,3929,0,217981096,979,116,38,4,28,0.035807,672,2167,82,43,1,3
1.6,3930,0,218022000,979,116,38,4,29,0.035074,674,2159,82,43,1,3
1.6,3931,0,218079152,979,116,38,4,29,0.034994,675,2179,82,43,1,3
1.6,3932,0,218127128,979,116,38,4,29,0.035013,682,2183,82,43,1,3
1.6,3933,0,218151608,979,116,38,4,29,0.034403,689,2186,82,43,1,3
1.6,3934,0,218192456,979,116,38,4,29,0.034134,687,2185,82,43,1,3
1.6,3935,0,218257832,979,116,38,4,29,0.034816,686,2185,82,43,1,3
1.6,3936,0,218324144,979,116,38,4,30,0.033638,684,2184,82,43,1,3
1.6,3937,0,218379632,979,116,38,4,30,0.033177,685,2181,88,45,0,3
1.6,3938,0,218428624,979,116,38,4,30,0.033357,685,2181,88,45,0,3
1.6,3939,0,218461256,979,116,38,4,31,0.032594,687,2181,88,45,0,3
1.6,3940,0,218526696,979,116,38,4,31,0.032548,685,2181,88,45,0,3
1.6,3941,0,218551272,979,116,38,4,30,0.033151,684,2181,88,45,0,3
1.6,3942,0,218608480,979,116,38,4,30,0.033224,683,2181,88,45,0,3
1.6,3943,0,218641144,979,116,38,4,30,0.033607,685,2181,88,45,0,3
1.6,3944,0,218747840,979,116,38,4,30,0.033876,685,2181,88,45,0,3
1.6,3945,0,218788424,979,116,38,4,30,0.033354,685,2181,86,40,0,3
1.6,3946,0,218845432,979,116,38,4,30,0.033364,691,2184,86,40,0,3
1.6,3947,0,218878120,979,116,38,4,30,0.033318,695,2184,86,40,0,3
1.6,3948,0,218935368,979,116,38,4,30,0.033157,695,2184,86,40,0,3
1.6,3949,0,218992560,979,116,38,4,30,0.032878,695,2184,86,40,0,3
1.6,3950,0,219017088,979,116,38,4,30,0.033017,696,2184,86,40,0,3
1.6,3951,0,219074240,979,116,38,4,31,0.032125,689,2176,86,40,0,3
1.6,3952,0,219151512,979,116,38,4,31,0.032759,687,2175,86,40,0,3
1.6,3953,0,219225096,979,116,38,4,30,0.032833,687,2175,90,40,0,3
1.6,3954,0,219274224,979,116,38,4,30,0.032807,692,2180,90,40,0,3
1.6,3955,0,219315120,979,116,38,4,30,0.032873,692,2180,90,40,0,3
1.6,3956,0,219347792,979,116,38,4,30,0.033123,691,2180,90,40,0,3
1.6,3957,0,219396688,979,116,38,4,30,0.032914,691,2180,90,40,0,3
1.6,3958,0,217899096,980,116,38,4,30,0.033189,691,2180,90,40,0,3
1.6,3959,0,217956400,980,116,38,4,31,0.032592,691,2181,90,40,0,3
1.6,3960,0,217989056,980,116,38,4,31,0.031773,698,2175,90,40,0,3
1.6,3961,0,218227976,980,116,38,4,31,0.031934,688,2177,95,41,0,5
1.6,3962,0,218301608,980,116,38,4,32,0.031272,689,2171,95,41,0,5
1.6,3963,0,218326088,980,116,38,4,32,0.031077,684,2171,95,41,0,5
1.6,3964,0,218383304,980,116,38,4,31,0.031934,682,2177,95,41,0,5
1.6,3965,0,218415968,980,116,38,4,31,0.031845,682,2177,95,41,0,5
1.6,3966,0,218456856,980,116,38,4,32,0.031528,682,2177,95,41,0,5
1.6,3967,0,218489536,980,116,38,4,31,0.032232,682,2177,95,41,0,5
1.6,3968,0,218546712,980,116,38,4,31,0.032182,682,2177,95,41,0,5
1.6,3969,0,218595600,980,116,38,4,31,0.032572,682,2177,89,44,1,2
1.6,3970,0,218660800,980,116,38,4,30,0.033307,682,2177,89,44,1,2
1.6,3971,0,218685376,980,116,38,4,30,0.033380,682,2175,89,44,1,2
1.6,3972,0,218750624,980,116,38,4,30,0.033237,672,2172,89,44,1,2
1.6,3973,0,218807704,980,116,38,4,30,0.033473,638,2167,89,44,1,2
1.6,3974,0,218840376,980,116,38,4,30,0.033687,599,2138,89,44,1,2
1.6,3975,0,218873144,980,116,38,4,29,0.034843,438,2084,89,44,1,2
1.6,3976,0,218987472,980,116,38,4,29,0.034073,309,822,89,44,1,2
1.6,3977,0,219156808,980,116,38,4,30,0.033234,309,822,90,59,0,4
1.6,3978,0,219536568,980,116,38,4,31,0.032660,309,973,90,59,0,4
1.6,3979,0,218537960,981,116,38,4,30,0.033146,397,1587,90,59,0,4
1.6,3980,0,218709960,981,116,38,4,29,0.034453,1009,3650,90,59,0,4
1.6,3981,0,218799816,981,116,38,4,27,0.036697,1686,4422,90,59,0,4
1.6,3982,0,218848848,981,116,38,4,25,0.039374,1996,4561,90,59,0,4
1.6,3983,0,218957184,981,116,38,4,24,0.040937,2049,4573,90,59,0,4
1.6,3984,0,219021280,981,116,38,4,23,0.043064,2407,4603,93,40,0,4
1.6,3985,0,219070312,981,116,38,4,22,0.046036,2533,4613,93,40,0,4
1.6,3986,0,219132184,981,116,38,4,20,0.049074,2533,4617,93,40,0,4
1.6,3987,0,219172848,981,116,38,4,19,0.052204,2533,4617,93,40,0,4
1.6,3988,0,219287368,981,116,38,4,18,0.055734,2551,4618,93,40,0,4
1.6,3989,0,219352048,981,116,38,4,17,0.057661,2590,4649,92,20,0,3
1.6,3990,0,219409232,981,116,38,4,17,0.058023,2595,4649,92,20,0,3
1.6,3991,0,219441928,981,116,38,4,17,0.057988,2595,4648,92,20,0,3
1.6,3992,0,219499192,981,116,38,4,17,0.057375,2588,4647,92,20,0,3
1.6,3993,0,219604248,981,116,38,4,17,0.057972,2588,4646,92,20,0,3
1.6,3994,0,219661312,981,116,38,4,18,0.056688,2588,4645,99,32,0,3
1.6,3995,0,219718552,981,116,38,4,18,0.055266,2579,4616,99,32,0,3
1.6,3996,0,219775768,981,116,38,4,18,0.054957,2540,4616,99,32,0,3
1.6,3997,0,219816656,981,116,38,4,18,0.054960,2496,4615,99,32,0,3
1.6,3998,0,219971656,981,116,38,4,19,0.053659,2496,4615,99,32,0,3
1.6,3999,0,221364640,982,116,38,4,18,0.054781,2496,4619,90,18,0,3
1.6,4000,0,221430000,982,116,38,4,18,0.055234,2496,4619,90,18,0,3
1.6,4001,0,221462544,982,116,38,4,18,0.054979,2493,4619,90,18,0,3
1.6,4002,0,221527952,982,116,38,4,18,0.054978,2493,4619,90,18,0,3
1.6,4003,0,221608144,982,116,38,4,18,0.055228,2493,4619,90,18,0,3
1.6,4004,0,221665328,982,116,38,4,18,0.055217,2493,4603,88,31,1,3
1.6,4005,0,220824672,983,116,38,4,18,0.054671,2453,4604,88,31,1,3
1.6,4006,0,220890152,983,116,38,4,18,0.055026,2445,4618,88,31,1,3
1.6,4007,0,220947368,983,116,38,4,18,0.054715,2437,4624,88,31,1,3
1.6,4008,0,221037088,983,116,38,4,18,0.055365,2419,4617,88,31,1,3
1.6,4009,0,221077936,983,116,38,4,19,0.053859,2419,4617,87,19,0,3
1.6,4010,0,221135176,983,116,38,4,19,0.053601,2421,4623,87,19,0,3
1.6,4011,0,221192392,983,116,38,4,18,0.054487,2421,4623,87,19,0,3
1.6,4012,0,221266008,983,116,38,4,18,0.056423,2421,4623,87,19,0,3
1.6,4013,0,221374224,983,116,38,4,18,0.057002,2421,4623,87,19,0,3
1.6,4014,0,221423280,983,116,38,4,17,0.057588,2421,4623,90,19,0,2
1.6,4015,0,221488720,983,116,38,4,17,0.057796,2253,4470,90,19,0,2
1.6,4016,0,221537680,983,116,38,4,17,0.057166,2114,4402,90,19,0,2
1.6,4017,0,221594800,983,116,38,4,18,0.056254,1581,3238,90,19,0,2
1.6,4018,0,221627440,983,116,38,4,18,0.054754,1581,3237,90,19,0,2
1.6,4019,0,221725136,983,116,38,4,19,0.053973,1515,3237,91,27,1,2
1.6,4020,0,221798720,983,116,38,4,19,0.053042,1515,3237,91,27,1,2
1.6,4021,0,221839392,983,116,38,4,19,0.051658,1508,3237,91,27,1,2
1.6,4022,0,221888488,983,116,38,4,20,0.048864,1508,3237,91,27,1,2
1.6,4023,0,221921152,983,116,38,4,22,0.046131,1508,3237,91,27,1,2
1.6,4024,0,221986456,983,116,38,4,23,0.044185,1508,3237,91,27,1,2
1.6,4025,0,222034600,983,116,38,4,23,0.043614,1508,3237,89,24,1,2
1.6,4026,0,222099984,983,116,38,4,23,0.043067,1584,3812,89,24,1,2
1.6,4027,0,222165440,983,116,38,4,23,0.043241,1584,3811,89,24,1,2
1.6,4028,0,222198112,983,116,38,4,23,0.043914,1638,3811,89,24,1,2
1.6,4029,0,222263456,983,116,38,4,23,0.044397,1878,4195,89,24,1,2
1.6,4030,0,222328704,983,116,38,4,22,0.045636,1878,4194,89,24,1,2
1.6,4031,0,219458320,984,117,38,4,22,0.045900,1880,4193,91,29,2,3
1.6,4032,0,219499096,984,117,38,4,21,0.047384,1880,4193,91,29,2,3
1.6,4033,0,219687368,984,117,38,4,21,0.047988,1880,4197,91,29,2,3
1.6,4034,0,219736392,984,117,38,4,20,0.050311,1880,4198,91,29,2,3
1.6,4035,0,219801784,984,117,38,4,20,0.050156,1880,4198,91,29,2,3
1.6,4036,0,219859072,984,117,38,4,20,0.049959,1880,4198,91,29,2,3
1.6,4037,0,219932736,984,117,38,4,20,0.049815,1880,4198,95,22,0,4
1.6,4038,0,220003064,984,117,38,4,20,0.049865,1880,4197,95,22,0,4
1.6,4039,0,220199560,984,117,38,4,20,0.050371,1880,4197,95,22,0,4
1.6,4040,0,220240408,984,117,38,4,20,0.049941,1880,4197,95,22,0,4
1.6,4041,0,220297704,984,117,38,4,20,0.049927,1880,4195,95,22,0,4
1.6,4042,0,220388312,984,117,38,4,20,0.049175,1880,4194,95,22,0,4
1.6,4043,0,220568472,984,117,38,4,20,0.051231,1880,4194,94,30,0,6
1.6,4044,0,220625536,984,117,38,4,20,0.050112,1880,4197,94,30,0,6
1.6,4045,0,220690864,984,117,38,4,19,0.051537,1880,4197,94,30,0,6
1.6,4046,0,220731736,984,117,38,4,19,0.052173,1880,4197,94,30,0,6
1.6,4047,0,220927896,984,117,38,4,19,0.052317,1874,4194,94,30,0,6
1.6,4048,0,220968768,984,117,38,4,19,0.052163,1874,4194,96,28,1,4
1.6,4049,0,221038304,984,117,38,4,19,0.052617,1852,4183,96,28,1,4
1.6,4050,0,219472400,985,117,38,4,19,0.052939,1839,4174,96,28,1,4
1.6,4051,0,219513224,985,117,38,4,19,0.053622,2142,4421,96,28,1,4
1.6,4052,0,219602800,985,117,38,4,19,0.053607,2205,4443,96,28,1,4
1.6,4053,0,219676304,985,117,38,4,19,0.053168,2289,4515,88,19,0,3
1.6,4054,0,219741552,985,117,38,4,19,0.053457,2383,4608,88,19,0,3
1.6,4055,0,219782448,985,117,38,4,19,0.052296,2383,4608,88,19,0,3
1.6,4056,0,219839704,985,117,38,4,19,0.052875,2421,4628,88,19,0,3
1.6,4057,0,219923600,985,117,38,4,19,0.052780,2421,4628,88,19,0,3
1.6,4058,0,219980832,985,117,38,4,19,0.053218,2421,4628,96,27,0,2
1.6,4059,0,220054464,985,117,38,4,19,0.053051,2417,4626,96,27,0,2
1.6,4060,0,220103528,985,117,38,4,19,0.052382,2417,4625,96,27,0,2
1.6,4061,0,220168944,985,117,38,4,19,0.052703,2431,4638,96,27,0,2
1.6,4062,0,220244480,985,117,38,4,18,0.054116,2429,4637,96,27,0,2
1.6,4063,0,220285376,985,117,38,4,19,0.053575,2437,4629,95,26,0,2
1.6,4064,0,220358928,985,117,38,4,19,0.053207,2431,4625,95,26,0,2
1.6,4065,0,220408008,985,117,38,4,18,0.054182,2435,4623,95,26,0,2
1.6,4066,0,220465144,985,117,38,4,19,0.053730,2433,4623,95,26,0,2
1.6,4067,0,220562008,985,117,38,4,19,0.054037,2433,4623,95,26,0,2
1.6,4068,0,220602856,985,117,38,4,18,0.054603,2433,4623,95,27,0,3
1.6,4069,0,220676312,985,117,38,4,19,0.053939,2437,4615,95,27,0,3
1.6,4070,0,220733344,985,117,38,4,18,0.054873,2437,4615,95,27,0,3
1.6,4071,0,220757888,985,117,38,4,18,0.055026,2438,4614,95,27,0,3
1.6,4072,0,220849464,985,117,38,4,18,0.054422,2438,4613,95,27,0,3
1.6,4073,0,220906664,985,117,38,4,19,0.053849,2438,4612,96,37,0,4
1.6,4074,0,220971896,985,117,38,4,19,0.053876,2436,4613,96,37,0,4
1.6,4075,0,219506392,986,117,38,4,19,0.053902,2446,4627,96,37,0,4
1.6,4076,0,219571824,986,117,38,4,19,0.054006,2442,4627,96,37,0,4
1.6,4077,0,219677216,986,117,38,4,19,0.053870,2444,4627,96,37,0,4
1.6,4078,0,219709912,986,117,38,4,19,0.053907,2470,4611,94,30,0,3
1.6,4079,0,219758928,986,117,38,4,19,0.053914,2530,4613,94,30,0,3
1.6,4080,0,219816096,986,117,38,4,18,0.054586,2530,4613,94,30,0,3
1.6,4081,0,219881464,986,117,38,4,18,0.054134,2543,4625,94,30,0,3
1.6,4082,0,219946024,986,117,38,4,19,0.053000,2545,4610,94,30,0,3
1.6,4083,0,220019592,986,117,38,4,18,0.054134,2545,4609,93,27,1,2
1.6,4084,0,220060480,986,117,38,4,18,0.054188,2545,4612,93,27,1,2
1.6,4085,0,220093144,986,117,38,4,19,0.053040,2548,4612,93,27,1,2
1.6,4086,0,220150344,986,117,38,4,19,0.053871,2548,4612,93,27,1,2
1.6,4087,0,220248800,986,117,38,4,19,0.053999,2548,4612,93,27,1,2
1.6,4088,0,220314128,986,117,38,4,18,0.054472,2548,4612,93,20,0,2
1.6,4089,0,220355024,986,117,38,4,18,0.054062,2552,4614,93,20,0,2
1.6,4090,0,220420256,986,117,38,4,19,0.052580,2513,4624,93,20,0,2
1.6,4091,0,220477432,986,117,38,4,19,0.052812,2512,4624,93,20,0,2
1.6,4092,0,220550144,986,117,38,4,19,0.052796,2514,4623,93,20,0,2
1.6,4093,0,220639960,986,117,38,4,19,0.052042,2514,4625,96,32,0,3
1.6,4094,0,220672656,986,117,38,4,19,0.052978,2517,4628,96,32,0,3
1.6,4095,0,220729880,986,117,38,4,19,0.052709,2517,4628,96,32,0,3
1.6,4096,0,220795168,986,117,38,4,19,0.051842,2517,4628,96,32,0,3
1.6,4097,0,220893784,986,117,38,4,19,0.051762,2517,4628,96,32,0,3
1.6,4098,0,220934680,986,117,38,4,20,0.050832,2517,4628,95,34,0,3
1.6,4099,0,220975536,986,117,38,4,19,0.052151,2517,4628,95,34,0,3
1.6,4100,0,219497264,987,117,38,4,19,0.052239,2517,4627,95,34,0,3
1.6,4101,0,219562776,987,117,38,4,19,0.051997,2518,4626,95,34,0,3
1.6,4102,0,219669184,987,117,38,4,19,0.052098,2518,4628,95,34,0,3
1.6,4103,0,219709888,987,117,38,4,19,0.051813,2516,4628,96,26,0,2
1.6,4104,0,219775328,987,117,38,4,20,0.050731,2519,4631,96,26,0,2
1.6,4105,0,219808008,987,117,38,4,19,0.051978,2519,4631,96,26,0,2
1.6,4106,0,219873304,987,117,38,4,19,0.052107,2508,4631,96,26,0,2
1.6,4107,0,219964336,987,117,38,4,19,0.052075,2508,4631,96,26,0,2
1.6,4108,0,220086944,987,117,38,4,19,0.051620,2506,4631,94,32,0,5
1.6,4109,0,220201488,987,117,38,4,20,0.050543,2496,4625,94,32,0,5
1.6,4110,0,220258744,987,117,38,4,20,0.050850,2496,4625,94,32,0,5
1.6,4111,0,220299592,987,117,38,4,20,0.051114,2496,4623,94,32,0,5
1.6,4112,0,220487112,987,117,38,4,19,0.051662,2494,4626,94,32,0,5
1.6,4113,0,220560704,987,117,38,4,19,0.052776,2494,4626,92,29,1,4
1.6,4114,0,220634208,987,117,38,4,19,0.053213,2494,4626,92,29,1,4
1.6,4115,0,220722704,987,117,38,4,19,0.052304,2491,4626,92,29,1,4
1.6,4116,0,220755376,987,117,38,4,19,0.052513,2491,4626,92,29,1,4
1.6,4117,0,220830720,987,117,38,4,19,0.052744,2493,4626,92,29,1,4
1.6,4118,0,220903680,987,117,38,4,19,0.052746,2490,4626,96,23,0,2
1.6,4119,0,220960864,987,117,38,4,19,0.053058,2485,4623,96,23,0,2
1.6,4120,0,221018144,987,117,38,4,19,0.053113,2487,4622,96,23,0,2
1.6,4121,0,221075360,987,117,38,4,19,0.052232,2487,4624,96,23,0,2
1.6,4122,0,221116152,987,117,38,4,19,0.051285,2487,4624,96,23,0,2
1.6,4123,0,219665088,988,117,38,4,20,0.049509,2487,4624,95,24,1,2
1.6,4124,0,219730592,988,117,38,4,21,0.048726,2487,4624,95,24,1,2
1.6,4125,0,219787752,988,117,38,4,21,0.048392,2490,4627,95,24,1,2
1.6,4126,0,219820440,988,117,38,4,21,0.047515,2490,4627,95,24,1,2
1.6,4127,0,219885808,988,117,38,4,21,0.047377,2492,4627,95,24,1,2
1.6,4128,0,219934856,988,117,38,4,21,0.047501,2492,4627,95,24,1,2
1.6,4129,0,220008456,988,117,38,4,21,0.047791,2546,4626,96,27,1,2
1.6,4130,0,220090184,988,117,38,4,21,0.047442,2546,4627,96,27,1,2
1.6,4131,0,220122896,988,117,38,4,21,0.047263,2548,4627,96,27,1,2
1.6,4132,0,220188320,988,117,38,4,21,0.047579,2548,4627,96,27,1,2
1.6,4133,0,220253768,988,117,38,4,20,0.049383,2548,4627,96,27,1,2
1.6,4134,0,220319048,988,117,38,4,20,0.049699,2548,4627,96,27,1,2
1.6,4135,0,220367496,988,117,38,4,20,0.051007,2546,4627,96,32,1,3
1.6,4136,0,220432880,988,117,38,4,19,0.051960,2418,4623,96,32,1,3
1.6,4137,0,220490112,988,117,38,4,19,0.052618,2418,4623,96,32,1,3
1.6,4138,0,220522848,988,117,38,4,19,0.052426,2470,4622,96,32,1,3
1.6,4139,0,220622656,988,117,38,4,18,0.054718,2470,4623,96,32,1,3
1.6,4140,0,220679896,988,117,38,4,18,0.055638,2416,4623,96,26,0,3
1.6,4141,0,220753312,988,117,38,4,18,0.056892,2416,4621,96,26,0,3
1.6,4142,0,220810416,988,117,38,4,17,0.057320,2416,4621,96,26,0,3
1.6,4143,0,220834792,988,117,38,4,18,0.057133,2416,4621,96,26,0,3
1.6,4144,0,220934904,988,117,38,4,18,0.056949,2416,4621,96,26,0,3
1.6,4145,0,220991520,988,117,38,4,18,0.056717,2220,4620,93,30,0,1
1.6,4146,0,221048672,988,117,38,4,18,0.056447,2123,4604,93,30,0,1
1.6,4147,0,221114000,988,117,38,4,18,0.055599,2087,4589,93,30,0,1
1.6,4148,0,221146712,988,117,38,4,18,0.055508,2062,4583,93,30,0,1
1.6,4149,0,219632792,989,117,38,4,19,0.052494,2062,4583,93,30,0,1
1.6,4150,0,219733072,989,117,38,4,19,0.051528,2062,4583,93,23,0,2
1.6,4151,0,219798416,989,117,38,4,20,0.050426,2062,4583,93,23,0,2
1.6,4152,0,219863864,989,117,38,4,20,0.049907,2074,4588,93,23,0,2
1.6,4153,0,219921024,989,117,38,4,20,0.049271,2074,4587,93,23,0,2
1.6,4154,0,219953728,989,117,38,4,20,0.049608,2074,4587,93,23,0,2
1.6,4155,0,220002760,989,117,38,4,20,0.048941,2074,4587,93,23,0,2
1.6,4156,0,220110896,989,117,38,4,21,0.048647,2072,4588,96,26,0,2
1.6,4157,0,220168120,989,117,38,4,21,0.048095,2072,4588,96,26,0,2
1.6,4158,0,220233504,989,117,38,4,21,0.048252,2021,4591,96,26,0,2
1.6,4159,0,220266176,989,117,38,4,21,0.048101,2019,4591,96,26,0,2
1.6,4160,0,220323320,989,117,38,4,20,0.048978,2019,4591,96,26,0,2
1.6,4161,0,220372328,989,117,38,4,21,0.048690,2019,4591,96,26,0,2
1.6,4162,0,220505360,989,117,38,4,20,0.048803,2019,4591,94,33,0,5
1.6,4163,0,220627968,989,117,38,4,20,0.049069,2019,4590,94,33,0,5
1.6,4164,0,220693384,989,117,38,4,21,0.048710,2019,4588,94,33,0,5
1.6,4165,0,220758576,989,117,38,4,21,0.048732,2019,4591,94,33,0,5
1.6,4166,0,220807704,989,117,38,4,21,0.048530,2019,4591,94,33,0,5
1.6,4167,0,220840408,989,117,38,4,20,0.049127,2019,4591,94,33,0,5
1.6,4168,0,220929808,989,117,38,4,20,0.048884,2019,4591,92,28,0,3
1.6,4169,0,220987032,989,117,38,4,20,0.049162,2019,4591,92,28,0,3
1.6,4170,0,221052336,989,117,38,4,21,0.047842,2020,4592,92,28,0,3
1.6,4171,0,221076864,989,117,38,4,21,0.047868,2020,4592,92,28,0,3
1.6,4172,0,221134104,989,117,38,4,21,0.047799,2020,4592,92,28,0,3
1.6,4173,0,219643536,990,117,38,4,21,0.047002,2020,4592,92,28,0,3
1.6,4174,0,219733352,990,117,38,4,21,0.047382,2020,4592,97,32,0,2
1.6,4175,0,219790632,990,117,38,4,21,0.047827,2020,4592,97,32,0,2
1.6,4176,0,219823288,990,117,38,4,21,0.047700,2019,4593,97,32,0,2
1.6,4177,0,219888592,990,117,38,4,21,0.047583,2019,4593,97,32,0,2
1.6,4178,0,219945776,990,117,38,4,21,0.047743,2019,4593,97,32,0,2
1.6,4179,0,220011120,990,117,38,4,21,0.047546,2021,4593,97,32,0,2
1.6,4180,0,220086848,990,117,38,4,21,0.047813,2021,4593,96,36,0,2
1.6,4181,0,220135880,990,117,38,4,20,0.049383,2021,4593,96,36,0,2
1.6,4182,0,220193104,990,117,38,4,20,0.049684,2022,4593,96,36,0,2
1.6,4183,0,220258496,990,117,38,4,20,0.049807,2022,4594,96,36,0,2
1.6,4184,0,220307536,990,117,38,4,20,0.049851,2022,4594,96,36,0,2
1.6,4185,0,220414824,990,117,38,4,20,0.050193,2022,4594,96,36,0,2
1.6,4186,0,220480248,990,117,38,4,20,0.050917,2022,4594,91,24,0,3
1.6,4187,0,220529104,990,117,38,4,20,0.050377,2024,4596,91,24,0,3
1.6,4188,0,220553648,990,117,38,4,20,0.051186,2024,4596,91,24,0,3
1.6,4189,0,220619032,990,117,38,4,19,0.051590,2024,4596,91,24,0,3
1.6,4190,0,220676144,990,117,38,4,19,0.051518,2024,4596,91,24,0,3
1.6,4191,0,220773688,990,117,38,4,20,0.050496,2078,4596,97,31,0,2
1.6,4192,0,220847336,990,117,38,4,20,0.050056,2078,4596,97,31,0,2
1.6,4193,0,220946288,990,117,38,4,19,0.052514,2075,4593,97,31,0,2
1.6,4194,0,222483792,991,117,38,4,18,0.054700,2077,4593,97,31,0,2
1.6,4195,0,222540816,991,117,38,4,19,0.053821,2077,4593,97,31,0,2
1.6,4196,0,222657472,991,117,38,4,19,0.053388,2077,4593,98,36,0,3
1.6,4197,0,221780256,992,117,38,4,19,0.053903,2079,4593,98,36,0,3
1.6,4198,0,221845744,992,117,38,4,19,0.053992,2081,4595,98,36,0,3
1.6,4199,0,221886592,992,117,38,4,19,0.053865,2081,4595,98,36,0,3
1.6,4200,0,221952016,992,117,38,4,18,0.054184,2081,4595,98,36,0,3
1.6,4201,0,222033712,992,117,38,4,18,0.054609,2081,4595,93,38,1,2
1.6,4202,0,222090944,992,117,38,4,18,0.055309,2081,4595,93,38,1,2
1.6,4203,0,222123576,992,117,38,4,19,0.053160,2081,4597,93,38,1,2
1.6,4204,0,222172592,992,117,38,4,19,0.052051,2081,4597,93,38,1,2
1.6,4205,0,222229760,992,117,38,4,19,0.051771,2081,4597,93,38,1,2
1.6,4206,0,222320480,992,117,38,4,19,0.051916,2084,4597,97,33,0,3
1.6,4207,0,222385672,992,117,38,4,19,0.052622,2084,4597,97,33,0,3
1.6,4208,0,222459264,992,117,38,4,19,0.052603,2086,4599,97,33,0,3
1.6,4209,0,222590232,992,117,38,4,19,0.052182,2086,4599,97,33,0,3
1.6,4210,0,222655720,992,117,38,4,19,0.053133,2032,4599,97,33,0,3
1.6,4211,0,222747640,992,117,38,4,19,0.051434,2032,4599,96,38,0,6
1.6,4212,0,222821256,992,117,38,4,20,0.050867,2032,4599,96,38,0,6
1.6,4213,0,222870296,992,117,38,4,20,0.051088,2034,4599,96,38,0,6
1.6,4214,0,222902824,992,117,38,4,20,0.050343,2034,4599,96,38,0,6
1.6,4215,0,222951840,992,117,38,4,20,0.050850,2034,4599,96,38,0,6
1.6,4216,0,223050928,992,117,38,4,20,0.050755,2034,4599,88,28,0,3
1.6,4217,0,223116296,992,117,38,4,20,0.050208,2034,4599,88,28,0,3
1.6,4218,0,223157136,992,117,38,4,20,0.049175,2023,4593,88,28,0,3
1.6,4219,0,223214360,992,117,38,4,20,0.049725,2023,4593,88,28,0,3
1.6,4220,0,223247064,992,117,38,4,20,0.048933,2023,4593,88,28,0,3
1.6,4221,0,223312472,992,117,38,4,20,0.049663,2023,4593,88,28,0,3
1.6,4222,0,221876768,993,117,38,4,20,0.049525,2023,4593,95,26,0,3
1.6,4223,0,221942280,993,117,38,4,20,0.049288,2023,4593,95,26,0,3
1.6,4224,0,221983136,993,117,38,4,21,0.048653,2027,4597,95,26,0,3
1.6,4225,0,222015824,993,117,38,4,21,0.048127,2027,4597,95,26,0,3
1.6,4226,0,222081224,993,117,38,4,21,0.048446,2027,4597,95,26,0,3
1.6,4227,0,222130280,993,117,38,4,21,0.048500,2027,4597,95,26,0,3
1.6,4228,0,222236440,993,117,38,4,20,0.049039,2027,4597,96,33,0,2
1.6,4229,0,222301856,993,117,38,4,20,0.049215,2027,4597,96,33,0,2
1.6,4230,0,222342688,993,117,38,4,21,0.048480,2029,4599,96,33,0,2
1.6,4231,0,222375392,993,117,38,4,21,0.048632,2029,4597,96,33,0,2
1.6,4232,0,222440592,993,117,38,4,20,0.048943,2029,4597,96,33,0,2
1.6,4233,0,222497760,993,117,38,4,21,0.048529,2029,4597,96,33,0,2
1.6,4234,0,222613768,993,117,38,4,21,0.048703,2029,4597,92,24,0,2
1.6,4235,0,222654592,993,117,38,4,20,0.048979,2029,4597,92,24,0,2
1.6,4236,0,222695376,993,117,38,4,20,0.049874,1956,4593,92,24,0,2
1.6,4237,0,222736184,993,117,38,4,20,0.048961,1497,4360,92,24,0,2
1.6,4238,0,222809560,993,117,38,4,21,0.047418,402,1279,92,24,0,2
1.6,4239,0,222825920,993,117,38,4,22,0.044974,402,1279,92,24,0,2
1.6,4240,0,222858592,993,117,38,4,23,0.042933,388,1096,92,48,0,4
1.6,4241,0,222924024,993,117,38,4,25,0.040735,388,1096,92,48,0,4
1.6,4242,0,222956672,993,117,38,4,26,0.038312,388,1096,92,48,0,4
1.6,4243,0,222981248,993,117,38,4,27,0.036470,388,1096,92,48,0,4
1.6,4244,0,223038472,993,117,38,4,29,0.034936,388,1096,92,48,0,4
1.6,4245,0,223071120,993,117,38,4,30,0.033157,388,1096,92,48,0,4
1.6,4246,0,223120192,993,117,38,4,34,0.029837,388,1096,92,48,0,4
1.6,4247,0,223161080,993,117,38,4,36,0.028111,388,1096,92,48,0,4
1.6,4248,0,223218320,993,117,38,4,37,0.027220,388,1096,87,66,0,5
1.6,4249,0,223250992,993,117,38,4,36,0.027462,388,1096,87,66,0,5
1.6,4250,0,223289928,993,117,38,4,36,0.027681,388,1096,87,66,0,5
1.6,4251,0,223338960,993,117,38,4,36,0.027505,388,1096,87,66,0,5
1.6,4252,0,223371632,993,117,38,4,36,0.027987,388,1096,87,66,0,5
1.6,4253,0,221871288,994,117,38,4,35,0.028203,388,1096,87,66,0,5
1.6,4254,0,221928240,994,117,38,4,37,0.027386,388,1096,87,66,0,5
1.6,4255,0,221952816,994,117,38,4,37,0.027172,388,1096,87,66,0,5
1.6,4256,0,221985480,994,117,38,4,36,0.027840,388,1096,87,66,0,5
1.6,4257,0,222034384,994,117,38,4,35,0.028395,388,1096,87,66,0,5
1.6,4258,0,222067064,994,117,38,4,36,0.027790,388,1096,84,55,1,3
1.6,4259,0,222132400,994,117,38,4,36,0.027655,388,1096,84,55,1,3
1.6,4260,0,222181288,994,117,38,4,37,0.027310,388,1096,84,55,1,3
1.6,4261,0,222213600,994,117,38,4,37,0.027383,388,1096,84,55,1,3
1.6,4262,0,222270816,994,117,38,4,37,0.026707,388,1096,84,55,1,3
1.6,4263,0,222328032,994,117,38,4,38,0.026530,388,1096,84,55,1,3
1.6,4264,0,222352576,994,117,38,4,37,0.027303,388,1096,84,55,1,3
1.6,4265,0,222393384,994,117,38,4,36,0.027629,388,1096,84,55,1,3
1.6,4266,0,222434272,994,117,38,4,37,0.027266,388,1096,84,55,1,3
1.6,4267,0,222466920,994,117,38,4,37,0.027257,388,1096,84,55,1,3
1.6,4268,0,222498728,994,117,38,4,36,0.028000,388,1096,83,54,1,3
1.6,4269,0,222580384,994,117,38,4,37,0.027335,388,1096,83,54,1,3
1.6,4270,0,222604960,994,117,38,4,36,0.027802,388,1096,83,54,1,3
1.6,4271,0,222653952,994,117,38,4,35,0.028227,388,1096,83,54,1,3
1.6,4272,0,222686656,994,117,38,4,34,0.029098,388,1096,83,54,1,3
1.6,4273,0,222752008,994,117,38,4,34,0.029204,388,1096,83,54,1,3
1.6,4274,0,222809176,994,117,38,4,36,0.028035,388,1096,83,54,1,3
1.6,4275,0,222833696,994,117,38,4,36,0.027686,388,1096,83,54,1,3
1.6,4276,0,222858176,994,117,38,4,36,0.027857,388,1096,83,54,1,3
1.6,4277,0,222923480,994,117,38,4,36,0.027890,388,1096,83,61,0,4
1.6,4278,0,222971216,994,117,38,4,36,0.027409,388,1096,83,61,0,4
1.6,4279,0,222987600,994,117,38,4,37,0.027270,388,1096,83,61,0,4
1.6,4280,0,223044776,994,117,38,4,37,0.027390,388,1096,83,61,0,4
1.6,4281,0,223077456,994,117,38,4,38,0.026470,388,1096,83,61,0,4
1.6,4282,0,223134704,994,117,38,4,38,0.026092,388,1096,83,61,0,4
1.6,4283,0,223159216,994,117,38,4,39,0.025971,388,1096,83,61,0,4
1.6,4284,0,223224600,994,117,38,4,38,0.026263,388,1096,83,61,0,4
1.6,4285,0,223249176,994,117,38,4,38,0.026175,388,1096,83,61,0,4
1.6,4286,0,223273632,994,117,38,4,38,0.026147,388,1096,83,61,0,4
1.6,4287,0,223338848,994,117,38,4,39,0.025784,388,1096,86,57,1,3
1.6,4288,0,221848024,995,117,38,4,38,0.026136,388,1096,86,57,1,3
1.6,4289,0,221872568,995,117,38,4,37,0.026992,388,1096,86,57,1,3
1.6,4290,0,221905216,995,117,38,4,37,0.027062,388,1096,86,57,1,3
1.6,4291,0,221962336,995,117,38,4,37,0.027102,388,1096,86,57,1,3
1.6,4292,0,221986872,995,117,38,4,36,0.027408,388,1096,86,57,1,3
1.6,4293,0,222035904,995,117,38,4,36,0.027444,388,1096,86,57,1,3
1.6,4294,0,222068528,995,117,38,4,36,0.028116,388,1096,86,57,1,3
1.6,4295,0,222101224,995,117,38,4,36,0.027716,388,1096,86,57,1,3
1.6,4296,0,222158296,995,117,38,4,37,0.027314,388,1096,86,57,1,3
1.6,4297,0,222198688,995,117,38,4,36,0.027439,388,1096,85,58,1,4
1.6,4298,0,222271456,995,117,38,4,36,0.027682,388,1096,85,58,1,4
1.6,4299,0,222304040,995,117,38,4,37,0.026907,388,1096,85,58,1,4
1.6,4300,0,222361120,995,117,38,4,37,0.026896,388,1096,85,58,1,4
1.6,4301,0,222393744,995,117,38,4,36,0.027525,388,1096,85,58,1,4
1.6,4302,0,222450936,995,117,38,4,38,0.026566,388,1096,85,58,1,4
1.6,4303,0,222491808,995,117,38,4,38,0.026614,388,1096,85,58,1,4
1.6,4304,0,222549024,995,117,38,4,38,0.026514,388,1096,85,58,1,4
1.6,4305,0,222573544,995,117,38,4,38,0.026197,388,1095,85,58,1,4
1.6,4306,0,222606232,995,117,38,4,38,0.026457,388,1093,85,58,1,4
1.6,4307,0,222679784,995,117,38,4,38,0.026647,388,1093,85,42,1,3
1.6,4308,0,222746168,995,117,38,4,39,0.025841,388,1094,85,42,1,3
1.6,4309,0,222803368,995,117,38,4,38,0.026597,388,1094,85,42,1,3
1.6,4310,0,222836056,995,117,38,4,39,0.025966,388,1094,85,42,1,3
1.6,4311,0,222860600,995,117,38,4,39,0.025943,388,1094,85,42,1,3
1.6,4312,0,222917752,995,117,38,4,38,0.026457,388,1094,85,42,1,3
1.6,4313,0,222942328,995,117,38,4,38,0.026012,388,1094,85,42,1,3
1.6,4314,0,222991360,995,117,38,4,39,0.025873,388,1094,85,42,1,3
1.6,4315,0,223024016,995,117,38,4,38,0.026044,388,1094,85,42,1,3
1.6,4316,0,223056712,995,117,38,4,40,0.025197,388,1094,85,42,1,3
1.6,4317,0,223113440,995,117,38,4,40,0.025023,388,1094,91,57,0,4
1.6,4318,0,223180728,995,117,38,4,39,0.025615,388,1094,91,57,0,4
1.6,4319,0,223254288,995,117,38,4,40,0.024855,388,1094,91,57,0,4
1.6,4320,0,223295040,995,117,38,4,39,0.025439,388,1094,91,57,0,4
1.6,4321,0,223344096,995,117,38,4,39,0.025874,391,1110,91,57,0,4
1.6,4322,0,223368672,995,117,38,4,38,0.026242,391,1110,91,57,0,4
1.6,4323,0,220521800,996,118,38,4,37,0.026790,391,1206,91,57,0,4
1.6,4324,0,220562520,996,118,38,4,38,0.026224,394,1260,91,57,0,4
1.6,4325,0,220619584,996,118,38,4,37,0.026920,431,1426,91,57,0,4
1.6,4326,0,220652352,996,118,38,4,36,0.027844,431,1426,91,57,0,4
1.6,4327,0,220793072,996,118,38,4,35,0.028471,549,2034,82,71,0,2
1.6,4328,0,220850416,996,118,38,4,33,0.030373,1099,3312,82,71,0,2
1.6,4329,0,220915800,996,118,38,4,30,0.032930,1484,4353,82,71,0,2
1.6,4330,0,220989152,996,118,38,4,28,0.035396,1737,4453,82,71,0,2
1.6,4331,0,221046136,996,118,38,4,27,0.036872,1851,4570,82,71,0,2
1.6,4332,0,221137432,996,118,38,4,25,0.039923,1876,4580,82,71,0,2
1.6,4333,0,221161968,996,118,38,4,24,0.041519,1876,4580,82,71,0,2
1.6,4334,0,221358416,996,118,38,4,23,0.044220,1873,4577,94,32,0,4
1.6,4335,0,221546704,996,118,38,4,21,0.046671,1873,4577,94,32,0,4
1.6,4336,0,221661248,996,118,38,4,21,0.048351,1873,4577,94,32,0,4
1.6,4337,0,221908784,996,118,38,4,20,0.051147,1873,4577,94,32,0,4
1.6,4338,0,221998624,996,118,38,4,20,0.050569,1873,4577,94,32,0,4
1.6,4339,0,222039456,996,118,38,4,20,0.050840,1873,4577,94,32,0,4
1.6,4340,0,222088464,996,118,38,4,20,0.050305,1873,4577,96,34,0,9
1.6,4341,0,220669016,997,118,38,4,20,0.050222,1873,4577,96,34,0,9
1.6,4342,0,220726248,997,118,38,4,20,0.048950,1873,4577,96,34,0,9
1.6,4343,0,220801928,997,118,38,4,20,0.049408,1873,4577,96,34,0,9
1.6,4344,0,220867384,997,118,38,4,20,0.050530,1926,4577,96,34,0,9
1.6,4345,0,220940312,997,118,38,4,19,0.051651,1928,4579,97,45,0,3
1.6,4346,0,220964832,997,118,38,4,19,0.051965,1928,4579,97,45,0,3
1.6,4347,0,221030248,997,118,38,4,19,0.051561,1932,4579,97,45,0,3
1.6,4348,0,221095144,997,118,38,4,19,0.052067,1932,4579,97,45,0,3
1.6,4349,0,221160432,997,118,38,4,19,0.051927,1934,4579,97,45,0,3
1.6,4350,0,221201280,997,118,38,4,19,0.053290,1934,4579,90,29,1,2
1.6,4351,0,221233968,997,118,38,4,19,0.053297,1932,4579,90,29,1,2
1.6,4352,0,221299368,997,118,38,4,19,0.053135,1932,4579,90,29,1,2
1.6,4353,0,221399544,997,118,38,4,19,0.052847,1932,4579,90,29,1,2
1.6,4354,0,221472992,997,118,38,4,19,0.052228,1932,4579,90,29,1,2
1.6,4355,0,221513912,997,118,38,4,20,0.049813,1932,4579,96,36,0,4
1.6,4356,0,221934736,997,118,38,4,15,0.067114,1932,4579,96,36,0,4
1.6,4357,0,222049288,997,118,38,4,15,0.066166,1932,4579,96,36,0,4
1.6,4358,0,222163888,997,118,38,4,15,0.066270,1930,4577,96,36,0,4
1.6,4359,0,222220048,997,118,38,4,15,0.066275,1928,4579,51,19,0,4
1.6,4360,0,220802272,998,118,38,4,15,0.065642,1928,4579,51,19,0,4
1.6,4361,0,220894400,998,118,38,4,15,0.066263,1926,4579,51,19,0,4
1.6,4362,0,220959760,998,118,38,4,15,0.066565,1926,4578,51,19,0,4
1.6,4363,0,221025080,998,118,38,4,15,0.066616,1875,4585,96,37,0,3
1.6,4364,0,221098720,998,118,38,4,15,0.068382,1875,4583,96,37,0,3
1.6,4365,0,221245872,998,118,38,4,14,0.069862,1873,4583,96,37,0,3
1.6,4366,0,221329256,998,118,38,4,19,0.052769,1819,4584,96,37,0,3
1.6,4367,0,221386424,998,118,38,4,19,0.052935,1819,4584,96,37,0,3
1.6,4368,0,221443592,998,118,38,4,19,0.053111,1815,4580,95,30,1,7
1.6,4369,0,221508848,998,118,38,4,19,0.053479,1815,4579,95,30,1,7
1.6,4370,0,221549688,998,118,38,4,19,0.053773,1815,4579,95,30,1,7
1.6,4371,0,221630184,998,118,38,4,19,0.053373,1815,4579,95,30,1,7
1.6,4372,0,221679224,998,118,38,4,18,0.056390,1815,4579,95,30,1,7
1.6,4373,0,221809888,998,118,38,4,17,0.059729,1815,4579,91,26,0,3
1.6,4374,0,221867064,998,118,38,4,17,0.058207,1815,4579,91,26,0,3
1.6,4375,0,221950776,998,118,38,4,18,0.056920,1815,4578,91,26,0,3
1.6,4376,0,221975352,998,118,38,4,18,0.056800,1817,4579,91,26,0,3
1.6,4377,0,222032552,998,118,38,4,18,0.056563,1817,4576,91,26,0,3
1.6,4378,0,222097904,998,118,38,4,17,0.057302,1817,4576,95,41,0,2
1.6,4379,0,222163232,998,118,38,4,17,0.057901,1817,4576,95,41,0,2
1.6,4380,0,222247136,998,118,38,4,18,0.056950,1817,4576,95,41,0,2
1.6,4381,0,222287984,998,118,38,4,17,0.057583,1820,4576,95,41,0,2
1.6,4382,0,220750064,999,118,38,4,19,0.053993,1818,4576,95,41,0,2
1.6,4383,0,220815544,999,118,38,4,20,0.051218,1818,4576,94,24,0,4
1.6,4384,0,220889080,999,118,38,4,20,0.050271,1818,4576,94,24,0,4
1.6,4385,0,220921760,999,118,38,4,20,0.050638,1818,4576,94,24,0,4
1.6,4386,0,221020880,999,118,38,4,20,0.050873,1818,4576,94,24,0,4
1.6,4387,0,221053480,999,118,38,4,19,0.052100,1818,4576,94,24,0,4
1.6,4388,0,221135192,999,118,38,4,19,0.051589,1826,4584,97,37,0,2
1.6,4389,0,221192320,999,118,38,4,20,0.051174,1821,4584,97,37,0,2
1.6,4390,0,221257688,999,118,38,4,19,0.051612,1875,4584,97,37,0,2
1.6,4391,0,221314984,999,118,38,4,19,0.051917,1875,4584,97,37,0,2
1.6,4392,0,221388536,999,118,38,4,19,0.053805,1875,4584,97,37,0,2
1.6,4393,0,221429440,999,118,38,4,19,0.053225,1877,4584,89,27,1,3
1.6,4394,0,221494856,999,118,38,4,18,0.054501,1877,4583,89,27,1,3
1.6,4395,0,221543912,999,118,38,4,18,0.054280,1877,4582,89,27,1,3
1.6,4396,0,221676904,999,118,38,4,18,0.056399,1877,4584,89,27,1,3
1.6,4397,0,221742200,999,118,38,4,18,0.055251,1879,4584,89,27,1,3
1.6,4398,0,221832200,999,118,38,4,18,0.056896,1879,4584,79,20,0,2
1.6,4399,0,221938552,999,118,38,4,17,0.058733,1879,4584,79,20,0,2
1.6,4400,0,222028488,999,118,38,4,17,0.059167,1879,4584,79,20,0,2
1.6,4401,0,222165312,999,118,38,4,17,0.059549,1879,4584,79,20,0,2
1.6,4402,0,222255160,999,118,38,4,17,0.059434,1879,4584,79,20,0,2
1.6,4403,0,220743472,1000,118,38,4,17,0.059529,1879,4581,74,17,0,2
1.6,4404,0,220808952,1000,118,38,4,17,0.057676,1879,4581,74,17,0,2
1.6,4405,0,220866144,1000,118,38,4,17,0.059363,1879,4581,74,17,0,2
1.6,4406,0,220941880,1000,118,38,4,18,0.056939,1879,4581,74,17,0,2
1.6,4407,0,220999024,1000,118,38,4,17,0.057860,1875,4581,74,17,0,2
1.6,4408,0,221096976,1000,118,38,4,18,0.056911,1875,4583,86,21,0,2
1.6,4409,0,221178808,1000,118,38,4,18,0.055332,1821,4583,86,21,0,2
1.6,4410,0,221293272,1000,118,38,4,18,0.056284,1821,4583,86,21,0,2
1.6,4411,0,221426144,1000,118,38,4,18,0.056519,1821,4583,86,21,0,2
1.6,4412,0,221499736,1000,118,38,4,18,0.055741,1821,4583,86,21,0,2
1.6,4413,0,221556952,1000,118,38,4,18,0.055419,1755,4583,78,21,0,2
1.6,4414,0,221597864,1000,118,38,4,18,0.056387,1755,4583,78,21,0,2
1.6,4415,0,221655040,1000,118,38,4,18,0.056318,1755,4583,78,21,0,2
1.6,4416,0,221752192,1000,118,38,4,18,0.056195,1755,4583,78,21,0,2
1.6,4417,0,221842152,1000,118,38,4,18,0.056258,1755,4583,78,21,0,2
1.6,4418,0,221948344,1000,118,38,4,18,0.057005,1754,4582,89,27,0,2
1.6,4419,0,222054648,1000,118,38,4,17,0.058095,1754,4582,89,27,0,2
1.6,4420,0,222134736,1000,118,38,4,18,0.055609,1754,4582,89,27,0,2
1.6,4421,0,222201984,1000,118,38,4,18,0.054109,1754,4582,89,27,0,2
1.6,4422,0,222259200,1000,118,38,4,18,0.054498,1752,4582,89,27,0,2
1.6,4423,0,220759328,1001,118,38,4,18,0.055257,1751,4581,87,31,0,3
1.6,4424,0,220906112,1001,118,38,4,18,0.055496,1756,4581,87,31,0,3
1.6,4425,0,223123176,1002,118,38,4,18,0.056031,1756,4580,87,31,0,3
1.6,4426,0,223297296,1002,118,38,4,17,0.057719,1756,4581,87,31,0,3
1.6,4427,0,223387248,1002,118,38,4,17,0.057754,1756,4581,87,31,0,3
1.6,4428,0,223477112,1002,118,38,4,17,0.057355,1754,4579,83,23,0,2
1.6,4429,0,223542496,1002,118,38,4,18,0.055457,1754,4579,83,23,0,2
1.6,4430,0,223615992,1002,118,38,4,17,0.057709,1754,4579,83,23,0,2
1.6,4431,0,223707368,1002,118,38,4,17,0.057738,1754,4578,83,23,0,2
1.6,4432,0,223764512,1002,118,38,4,17,0.058018,1754,4579,83,23,0,2
1.6,4433,0,223829656,1002,118,38,4,17,0.057388,1757,4582,91,34,0,3
1.6,4434,0,223952344,1002,118,38,4,17,0.059463,1757,4582,91,34,0,3
1.6,4435,0,224115928,1002,118,38,4,16,0.063183,1757,4582,91,34,0,3
1.6,4436,0,224148568,1002,118,38,4,16,0.064097,1823,4582,91,34,0,3
1.6,4437,0,224230240,1002,118,38,4,15,0.066710,1823,4574,76,33,1,2
1.6,4438,0,224279312,1002,118,38,4,15,0.067754,1823,4574,76,33,1,2
1.6,4439,0,224370784,1002,118,38,4,14,0.069276,1823,4574,76,33,1,2
1.6,4440,0,224436032,1002,118,38,4,14,0.069777,1822,4574,76,33,1,2
1.6,4441,0,224476824,1002,118,38,4,14,0.072157,1821,4573,94,39,0,2
1.6,4442,0,223004760,1003,118,38,4,13,0.075259,1821,4573,94,39,0,2
1.6,4443,0,223129400,1003,118,38,4,13,0.075726,1821,4573,94,39,0,2
1.6,4444,0,223186632,1003,118,38,4,14,0.073210,1821,4573,94,39,0,2
1.6,4445,0,223235664,1003,118,38,4,15,0.068067,1821,4575,80,19,0,3
1.6,4446,0,223260216,1003,118,38,4,15,0.065325,1821,4575,80,19,0,3
1.6,4447,0,223350024,1003,118,38,4,16,0.062395,1821,4575,80,19,0,3
1.6,4448,0,223621744,1003,118,38,4,16,0.064139,1821,4575,80,19,0,3
1.6,4449,0,223719904,1003,118,38,4,16,0.063155,1821,4575,75,25,0,1
1.6,4450,0,223777056,1003,118,38,4,16,0.061651,1821,4577,75,25,0,1
1.6,4451,0,223809696,1003,118,38,4,17,0.058396,1821,4577,75,25,0,1
1.6,4452,0,223866832,1003,118,38,4,18,0.054951,1728,4577,75,25,0,1
1.6,4453,0,223950344,1003,118,38,4,18,0.054967,1728,4577,75,25,0,1
1.6,4454,0,223999360,1003,118,38,4,18,0.054643,1728,4577,92,28,0,1
1.6,4455,0,224122112,1003,118,38,4,18,0.056541,1721,4570,92,28,0,1
1.6,4456,0,224212128,1003,118,38,4,17,0.058227,1721,4570,92,28,0,1
1.6,4457,0,224310040,1003,118,38,4,17,0.059327,1721,4570,92,28,0,1
1.6,4458,0,224391648,1003,118,38,4,18,0.055647,1721,4570,92,28,0,1
1.6,4459,0,224432584,1003,118,38,4,18,0.054859,1721,4567,79,17,0,2
1.6,4460,0,222967696,1004,118,38,4,18,0.054644,1728,4529,79,17,0,2
1.6,4461,0,223000416,1004,118,38,4,18,0.056658,1728,4529,79,17,0,2
1.6,4462,0,223057576,1004,118,38,4,18,0.055929,1726,4529,79,17,0,2
1.6,4463,0,223149656,1004,118,38,4,18,0.056160,1726,4529,79,17,0,2
1.6,4464,0,223182304,1004,118,38,4,18,0.056776,1726,4529,95,31,0,3
1.6,4465,0,223247712,1004,118,38,4,18,0.054819,1726,4529,95,31,0,3
1.6,4466,0,223337664,1004,118,38,4,18,0.054104,1726,4529,95,31,0,3
1.6,4467,0,223386688,1004,118,38,4,19,0.052694,1726,4529,95,31,0,3
1.6,4468,0,223444048,1004,118,38,4,19,0.052021,1724,4529,95,31,0,3
1.6,4469,0,223509264,1004,118,38,4,19,0.052072,1724,4529,89,27,0,2
1.6,4470,0,223550080,1004,118,38,4,19,0.051575,1719,4524,89,27,0,2
1.6,4471,0,223607312,1004,118,38,4,20,0.050394,1719,4524,89,27,0,2
1.6,4472,0,223656400,1004,118,38,4,20,0.051271,1719,4524,89,27,0,2
1.6,4473,0,223720752,1004,118,38,4,20,0.050836,1719,4524,89,27,0,2
1.6,4474,0,223761664,1004,118,38,4,19,0.051643,1719,4524,95,31,1,2
1.6,4475,0,223802328,1004,118,38,4,19,0.051645,1719,4524,95,31,1,2
1.6,4476,0,223965992,1004,118,38,4,19,0.052582,1719,4524,95,31,1,2
1.6,4477,0,224204024,1004,118,38,4,18,0.055457,1716,4524,95,31,1,2
1.6,4478,0,221843408,1005,119,38,4,15,0.066164,1716,4524,95,31,1,2
1.6,4479,0,221982416,1005,119,38,4,15,0.067791,1716,4524,58,20,0,2
1.6,4480,0,222107184,1005,119,38,4,14,0.069775,1716,4524,58,20,0,2
1.6,4481,0,222164384,1005,119,38,4,14,0.069886,1716,4526,58,20,0,2
1.6,4482,0,222213400,1005,119,38,4,15,0.068869,1716,4529,58,20,0,2
1.6,4483,0,222262368,1005,119,38,4,15,0.068180,1716,4529,84,28,0,2
1.6,4484,0,222352352,1005,119,38,4,15,0.068721,1717,4529,84,28,0,2
1.6,4485,0,222452584,1005,119,38,4,14,0.069049,1717,4529,84,28,0,2
1.6,4486,0,222730904,1005,119,38,4,14,0.072034,1717,4529,84,28,0,2
1.6,4487,0,222804504,1005,119,38,4,14,0.069790,1717,4529,68,20,0,2
1.6,4488,0,221750584,1006,119,38,4,14,0.069994,1717,4529,68,20,0,2
1.6,4489,0,221783136,1006,119,38,4,15,0.068686,1717,4529,68,20,0,2
1.6,4490,0,221840336,1006,119,38,4,15,0.067155,1718,4530,68,20,0,2
1.6,4491,0,221889384,1006,119,38,4,15,0.067048,1718,4530,62,16,0,2
1.6,4492,0,221946496,1006,119,38,4,15,0.066889,1716,4530,62,16,0,2
1.6,4493,0,222003568,1006,119,38,4,15,0.067573,1716,4530,62,16,0,2
1.6,4494,0,222062192,1006,119,38,4,15,0.066733,1714,4530,62,16,0,2
1.6,4495,0,222119408,1006,119,38,4,15,0.066356,1607,4530,94,28,0,1
1.6,4496,0,222160312,1006,119,38,4,16,0.062481,1607,4530,94,28,0,1
1.6,4497,0,222217384,1006,119,38,4,16,0.061891,1607,4530,94,28,0,1
1.6,4498,0,222274480,1006,119,38,4,20,0.051232,1609,4532,94,28,0,1
1.6,4499,0,222363560,1006,119,38,4,20,0.050658,1609,4532,94,28,0,1
1.6,4500,0,222412632,1006,119,38,4,20,0.050335,1609,4532,94,28,0,2
1.6,4501,0,222519040,1006,119,38,4,19,0.052597,1609,4528,94,28,0,2
1.6,4502,0,222600824,1006,119,38,4,19,0.053611,1609,4528,94,28,0,2
1.6,4503,0,222657944,1006,119,38,4,19,0.053675,1609,4528,94,28,0,2
1.6,4504,0,222749608,1006,119,38,4,19,0.053111,1611,4528,94,28,0,2
1.6,4505,0,222798624,1006,119,38,4,19,0.052351,1615,4471,79,20,0,2
1.6,4506,0,222864072,1006,119,38,4,19,0.052231,1615,4468,79,20,0,2
1.6,4507,0,222896672,1006,119,38,4,19,0.051680,1613,4468,79,20,0,2
1.6,4508,0,222921208,1006,119,38,4,19,0.052122,1613,4468,79,20,0,2
1.6,4509,0,222978424,1006,119,38,4,19,0.052438,1613,4468,79,20,0,2
1.6,4510,0,223069664,1006,119,38,4,19,0.053170,1613,4468,91,23,0,2
1.6,4511,0,223126744,1006,119,38,4,20,0.051205,1613,4468,91,23,0,2
1.6,4512,0,221767616,1007,119,38,4,18,0.055061,1617,4472,91,23,0,2
1.6,4513,0,221800328,1007,119,38,4,18,0.054914,1617,4472,91,23,0,2
1.6,4514,0,221857576,1007,119,38,4,18,0.054663,1617,4472,91,23,0,2
1.6,4515,0,221938944,1007,119,38,4,18,0.055202,1617,4472,80,26,1,2
1.6,4516,0,222036832,1007,119,38,4,18,0.056361,1617,4468,80,26,1,2
1.6,4517,0,222077632,1007,119,38,4,18,0.056911,1617,4468,80,26,1,2
1.6,4518,0,222126656,1007,119,38,4,18,0.056569,1617,4468,80,26,1,2
1.6,4519,0,222167544,1007,119,38,4,18,0.056416,1617,4468,80,26,1,2
1.6,4520,0,222242064,1007,119,38,4,18,0.055468,1617,4468,85,22,0,2
1.6,4521,0,222348360,1007,119,38,4,18,0.056670,1617,4468,85,22,0,2
1.6,4522,0,222389144,1007,119,38,4,19,0.052866,1615,4466,85,22,0,2
1.6,4523,0,222438144,1007,119,38,4,18,0.054185,1615,4466,85,22,0,2
1.6,4524,0,222487136,1007,119,38,4,19,0.053971,1615,4466,85,22,0,2
1.6,4525,0,222578968,1007,119,38,4,19,0.054044,1617,4466,88,23,0,2
1.6,4526,0,222685312,1007,119,38,4,19,0.053320,1617,4466,88,23,0,2
1.6,4527,0,222726160,1007,119,38,4,19,0.053174,1615,4464,88,23,0,2
1.6,4528,0,222758840,1007,119,38,4,19,0.053175,1615,4464,88,23,0,2
1.6,4529,0,222816072,1007,119,38,4,19,0.053773,1615,4464,88,23,0,2
1.6,4530,0,222962816,1007,119,38,4,18,0.054338,1615,4464,88,25,0,1
1.6,4531,0,223019832,1007,119,38,4,19,0.053491,1617,4462,88,25,0,1
1.6,4532,0,223052504,1007,119,38,4,19,0.052830,1619,4464,88,25,0,1
1.6,4533,0,223109728,1007,119,38,4,19,0.052558,1619,4464,88,25,0,1
1.6,4534,0,223166856,1007,119,38,4,19,0.052507,1619,4464,88,25,0,1
1.6,4535,0,223280976,1007,119,38,4,19,0.052982,1619,4464,87,27,0,2
1.6,4536,0,221816616,1008,119,38,4,20,0.051064,1619,4464,87,27,0,2
1.6,4537,0,221931176,1008,119,38,4,19,0.053786,1615,4460,87,27,0,2
1.6,4538,0,222012992,1008,119,38,4,19,0.053936,1615,4460,87,27,0,2
1.6,4539,0,222045544,1008,119,38,4,19,0.053762,1618,4460,87,27,0,2
1.6,4540,0,222137760,1008,119,38,4,19,0.053173,1618,4460,89,35,0,2
1.6,4541,0,222235896,1008,119,38,4,18,0.054083,1614,4460,89,35,0,2
1.6,4542,0,222268592,1008,119,38,4,19,0.053611,1613,4463,89,35,0,2
1.6,4543,0,222325792,1008,119,38,4,19,0.052721,1613,4463,89,35,0,2
1.6,4544,0,222358464,1008,119,38,4,19,0.052942,1505,4463,89,35,0,2
1.6,4545,0,222458120,1008,119,38,4,19,0.052291,1505,4463,86,24,0,2
1.6,4546,0,222523592,1008,119,38,4,19,0.052904,1502,4463,86,24,0,2
1.6,4547,0,222564456,1008,119,38,4,20,0.051183,1500,4461,86,24,0,2
1.6,4548,0,222613328,1008,119,38,4,19,0.053376,1500,4461,86,24,0,2
1.6,4549,0,222670512,1008,119,38,4,18,0.056274,1500,4461,86,24,0,2
1.6,4550,0,222735824,1008,119,38,4,17,0.057288,1500,4461,91,29,0,2
1.6,4551,0,222793040,1008,119,38,4,18,0.054833,1500,4457,91,29,0,2
1.6,4552,0,222842088,1008,119,38,4,18,0.055687,1500,4457,91,29,0,2
1.6,4553,0,222891184,1008,119,38,4,18,0.055518,1500,4457,91,29,0,2
1.6,4554,0,222923864,1008,119,38,4,18,0.055544,1497,4400,91,29,0,2
1.6,4555,0,223031976,1008,119,38,4,18,0.056562,1497,4400,91,29,0,2
1.6,4556,0,223105592,1008,119,38,4,17,0.057151,1497,4400,91,29,0,2
1.6,4557,0,223138136,1008,119,38,4,18,0.056791,1499,4404,91,29,0,2
1.6,4558,0,223195272,1008,119,38,4,19,0.053476,1499,4404,91,29,0,2
1.6,4559,0,223219848,1008,119,38,4,20,0.050935,1499,4404,91,29,0,2
1.6,4560,0,223335472,1008,119,38,4,20,0.050426,1499,4404,90,28,0,2
1.6,4561,0,221853824,1009,119,38,4,19,0.052494,1499,4404,90,28,0,2
1.6,4562,0,221902880,1009,119,38,4,19,0.051775,1499,4404,90,28,0,2
1.6,4563,0,221951944,1009,119,38,4,19,0.051297,1499,4404,90,28,0,2
1.6,4564,0,222009128,1009,119,38,4,19,0.051311,1499,4404,90,28,0,2
1.6,4565,0,222098232,1009,119,38,4,20,0.051055,1499,4404,92,33,1,2
1.6,4566,0,222130968,1009,119,38,4,20,0.049767,1499,4404,92,33,1,2
1.6,4567,0,222180040,1009,119,38,4,21,0.048072,1501,4404,92,33,1,2
1.6,4568,0,222229096,1009,119,38,4,21,0.048099,1501,4404,92,33,1,2
1.6,4569,0,222261752,1009,119,38,4,21,0.047774,1501,4404,92,33,1,2
1.6,4570,0,222358056,1009,119,38,4,18,0.054998,1501,4404,92,33,1,2
1.6,4571,0,222447720,1009,119,38,4,18,0.055973,1501,4404,71,24,1,2
1.6,4572,0,222480432,1009,119,38,4,18,0.056031,1495,4395,71,24,1,2
1.6,4573,0,222513144,1009,119,38,4,18,0.055802,1495,4398,71,24,1,2
1.6,4574,0,222609448,1009,119,38,4,18,0.055718,1495,4398,71,24,1,2
1.6,4575,0,222666096,1009,119,38,4,18,0.055021,1495,4398,71,24,1,2
1.6,4576,0,222739464,1009,119,38,4,18,0.055721,1495,4398,97,34,0,4
1.6,4577,0,222764000,1009,119,38,4,18,0.056754,1495,4398,97,34,0,4
1.6,4578,0,222804856,1009,119,38,4,17,0.057409,1495,4398,97,34,0,4
1.6,4579,0,222853896,1009,119,38,4,17,0.057165,1495,4398,97,34,0,4
1.6,4580,0,222911160,1009,119,38,4,20,0.049635,1495,4398,97,34,0,4
1.6,4581,0,223003264,1009,119,38,4,20,0.049282,1495,4398,98,41,0,2
1.6,4582,0,223044072,1009,119,38,4,20,0.050365,1495,4398,98,41,0,2
1.6,4583,0,223101216,1009,119,38,4,20,0.051157,1501,4404,98,41,0,2
1.6,4584,0,223133624,1009,119,38,4,19,0.052575,1486,4394,98,41,0,2
1.6,4585,0,223190848,1009,119,38,4,19,0.053242,1486,4394,98,41,0,2
1.6,4586,0,223290480,1009,119,38,4,19,0.053276,1215,4232,93,31,0,2
1.6,4587,0,223331376,1009,119,38,4,19,0.051487,627,1726,93,31,0,2
1.6,4588,0,221822040,1010,119,38,4,20,0.049557,528,1166,93,31,0,2
1.6,4589,0,221862856,1010,119,38,4,21,0.047939,534,1088,93,31,0,2
1.6,4590,0,221903736,1010,119,38,4,22,0.045846,522,1075,93,31,0,2
1.6,4591,0,221944600,1010,119,38,4,24,0.041586,526,1100,93,31,0,2
1.6,4592,0,222149136,1010,119,38,4,26,0.038714,524,1111,85,36,0,10
1.6,4593,0,222198192,1010,119,38,4,27,0.036741,530,1135,85,36,0,10
1.6,4594,0,222271608,1010,119,38,4,30,0.033552,591,1312,85,36,0,10
1.6,4595,0,222355360,1010,119,38,4,32,0.030870,609,1347,85,36,0,10
1.6,4596,0,222388128,1010,119,38,4,35,0.028506,621,1403,85,36,0,10
1.6,4597,0,222527184,1010,119,38,4,36,0.027776,664,1572,85,36,0,10
1.6,4598,0,222625488,1010,119,38,4,36,0.027994,664,1572,85,36,0,10
1.6,4599,0,222666224,1010,119,38,4,35,0.028903,727,2132,85,36,0,10
1.6,4600,0,222723288,1010,119,38,4,34,0.029400,781,2310,85,36,0,10
1.6,4601,0,222756016,1010,119,38,4,33,0.030360,820,2334,90,47,0,3
1.6,4602,0,222813200,1010,119,38,4,32,0.031565,953,2362,90,47,0,3
1.6,4603,0,222904664,1010,119,38,4,31,0.031954,977,2377,90,47,0,3
1.6,4604,0,222945496,1010,119,38,4,31,0.032500,985,2378,90,47,0,3
1.6,4605,0,222986296,1010,119,38,4,30,0.033172,985,2378,90,47,0,3
1.6,4606,0,223018976,1010,119,38,4,29,0.034564,985,2378,90,47,0,3
1.6,4607,0,223068008,1010,119,38,4,28,0.035707,985,2378,90,47,0,3
1.6,4608,0,223108784,1010,119,38,4,27,0.036981,985,2378,90,47,0,3
1.6,4609,0,223149568,1010,119,38,4,28,0.036040,985,2378,88,32,0,2
1.6,4610,0,223241344,1010,119,38,4,27,0.036712,985,2378,88,32,0,2
1.6,4611,0,222211152,1011,119,38,4,27,0.036739,985,2378,88,32,0,2
1.6,4612,0,222982360,1012,119,38,4,26,0.039157,988,2381,88,32,0,2
1.6,4613,0,223015040,1012,119,38,4,26,0.039196,988,2381,88,32,0,2
1.6,4614,0,223072280,1012,119,38,4,25,0.039625,988,2381,88,32,0,2
1.6,4615,0,223104936,1012,119,38,4,25,0.039635,988,2381,88,32,0,2
1.6,4616,0,223153944,1012,119,38,4,26,0.038776,989,2381,90,47,0,3
1.6,4617,0,223203016,1012,119,38,4,26,0.038413,989,2381,90,47,0,3
1.6,4618,0,223252032,1012,119,38,4,26,0.038419,989,2381,90,47,0,3
1.6,4619,0,223284720,1012,119,38,4,26,0.038378,984,2381,90,47,0,3
1.6,4620,0,223472848,1012,119,38,4,26,0.037921,984,2381,90,47,0,3
1.6,4621,0,223521736,1012,119,38,4,26,0.037860,1038,2438,90,47,0,3
1.6,4622,0,223554384,1012,119,38,4,29,0.034773,1038,2438,90,47,0,3
1.6,4623,0,223619672,1012,119,38,4,29,0.034690,1038,2438,94,52,2,6
1.6,4624,0,223678264,1012,119,38,4,29,0.034772,1038,2438,94,52,2,6
1.6,4625,0,223710920,1012,119,38,4,29,0.034825,1077,2438,94,52,2,6
1.6,4626,0,223743616,1012,119,38,4,28,0.035675,1086,2441,94,52,2,6
1.6,4627,0,223800776,1012,119,38,4,27,0.036468,1086,2441,94,52,2,6
1.6,4628,0,223857952,1012,119,38,4,28,0.035637,1088,2445,94,52,2,6
1.6,4629,0,223882504,1012,119,38,4,28,0.035948,1088,2445,94,52,2,6
1.6,4630,0,223947824,1012,119,38,4,27,0.036754,1088,2445,90,41,0,4
1.6,4631,0,224031056,1012,119,38,4,27,0.036584,1088,2445,90,41,0,4
1.6,4632,0,224063736,1012,119,38,4,27,0.037481,1088,2445,90,41,0,4
1.6,4633,0,224120920,1012,119,38,4,27,0.037599,1088,2445,90,41,0,4
1.6,4634,0,224145496,1012,119,38,4,27,0.037373,1088,2445,90,41,0,4
1.6,4635,0,224202584,1012,119,38,4,27,0.037668,1088,2445,90,41,0,4
1.6,4636,0,224251576,1012,119,38,4,27,0.037036,1088,2445,90,41,0,4
1.6,4637,0,224284272,1012,119,38,4,27,0.036762,1088,2445,91,38,0,2
1.6,4638,0,224349664,1012,119,38,4,27,0.037096,1088,2445,91,38,0,2
1.6,4639,0,224398736,1012,119,38,4,27,0.037371,1088,2445,91,38,0,2
1.6,4640,0,224447664,1012,119,38,4,27,0.037410,1088,2443,91,38,0,2
1.6,4641,0,224480376,1012,119,38,4,26,0.037740,1088,2443,91,38,0,2
1.6,4642,0,222807912,1013,120,38,4,27,0.036449,1088,2443,91,38,0,2
1.6,4643,0,222865224,1013,120,38,4,27,0.036600,1085,2443,91,38,0,2
1.6,4644,0,222906024,1013,120,38,4,28,0.036165,1085,2443,88,29,2,4
1.6,4645,0,223006320,1013,120,38,4,28,0.035913,1085,2443,88,29,2,4
1.6,4646,0,223039008,1013,120,38,4,27,0.036827,1085,2443,88,29,2,4
1.6,4647,0,223088040,1013,120,38,4,28,0.036304,1139,2443,88,29,2,4
1.6,4648,0,223128864,1013,120,38,4,27,0.036525,1137,2443,88,29,2,4
1.6,4649,0,223161416,1013,120,38,4,27,0.036848,1137,2445,88,29,2,4
1.6,4650,0,223218560,1013,120,38,4,28,0.035887,1137,2445,88,29,2,4
1.6,4651,0,223267680,1013,120,38,4,28,0.035874,1139,2445,93,39,0,2
1.6,4652,0,223316592,1013,120,38,4,27,0.036819,1139,2445,93,39,0,2
1.6,4653,0,223373808,1013,120,38,4,27,0.036659,1139,2441,93,39,0,2
1.6,4654,0,223406480,1013,120,38,4,27,0.036851,1139,2441,93,39,0,2
1.6,4655,0,223455488,1013,120,38,4,27,0.036504,1139,2441,93,39,0,2
1.6,4656,0,223488144,1013,120,38,4,28,0.035449,1139,2441,93,39,0,2
1.6,4657,0,223520672,1013,120,38,4,28,0.035192,1139,2441,93,39,0,2
1.6,4658,0,223561496,1013,120,38,4,29,0.034060,1139,2441,96,33,1,1
1.6,4659,0,223610392,1013,120,38,4,30,0.032922,1139,2441,96,33,1,1
1.6,4660,0,223643072,1013,120,38,4,31,0.032431,1139,2441,96,33,1,1
1.6,4661,0,223743048,1013,120,38,4,31,0.031773,1139,2441,96,33,1,1
1.6,4662,0,223775688,1013,120,38,4,32,0.031187,1139,2441,96,33,1,1
1.6,4663,0,223824688,1013,120,38,4,32,0.031085,1145,2443,96,33,1,1
1.6,4664,0,223865616,1013,120,38,4,31,0.031837,1145,2443,96,33,1,1
1.6,4665,0,223898264,1013,120,38,4,31,0.031891,1145,2443,96,33,1,1
1.6,4666,0,223955464,1013,120,38,4,31,0.032127,1145,2443,92,34,0,2
1.6,4667,0,223988144,1013,120,38,4,31,0.032442,1145,2443,92,34,0,2
1.6,4668,0,224053520,1013,120,38,4,30,0.033127,1145,2443,92,34,0,2
1.6,4669,0,224119128,1013,120,38,4,29,0.034107,1145,2443,92,34,0,2
1.6,4670,0,224168136,1013,120,38,4,28,0.035158,1145,2440,92,34,0,2
1.6,4671,0,224225320,1013,120,38,4,27,0.036653,1146,2441,92,34,0,2
1.6,4672,0,224249840,1013,120,38,4,27,0.036429,1146,2441,92,34,0,2
1.6,4673,0,224290664,1013,120,38,4,27,0.037426,1144,2441,92,34,0,2
1.6,4674,0,224331520,1013,120,38,4,27,0.036618,1144,2441,91,38,0,2
1.6,4675,0,222854512,1014,120,38,4,27,0.036799,1144,2441,91,38,0,2
1.6,4676,0,222930352,1014,120,38,4,27,0.037464,1144,2442,91,38,0,2
1.6,4677,0,222987632,1014,120,38,4,27,0.037482,1144,2440,91,38,0,2
1.6,4678,0,223044760,1014,120,38,4,27,0.037296,1144,2438,91,38,0,2
1.6,4679,0,223077480,1014,120,38,4,27,0.036655,1144,2438,91,38,0,2
1.6,4680,0,223126368,1014,120,38,4,27,0.036840,1144,2438,91,38,0,2
1.6,4681,0,223167232,1014,120,38,4,28,0.036016,1144,2438,92,41,0,2
1.6,4682,0,223207904,1014,120,38,4,28,0.036259,1144,2438,92,41,0,2
1.6,4683,0,223265000,1014,120,38,4,28,0.035357,1144,2438,92,41,0,2
1.6,4684,0,223314456,1014,120,38,4,28,0.035158,1141,2438,92,41,0,2
1.6,4685,0,223371664,1014,120,38,4,28,0.035675,1141,2438,92,41,0,2
1.6,4686,0,223428848,1014,120,38,4,28,0.035829,1132,2435,92,41,0,2
1.6,4687,0,223461544,1014,120,38,4,28,0.035674,1132,2435,92,41,0,2
1.6,4688,0,223510568,1014,120,38,4,28,0.035972,1132,2435,92,41,0,2
1.6,4689,0,223543216,1014,120,38,4,28,0.035968,1132,2435,95,48,0,2
1.6,4690,0,223592208,1014,120,38,4,28,0.035815,1132,2435,95,48,0,2
1.6,4691,0,223665584,1014,120,38,4,28,0.035801,1132,2435,95,48,0,2
1.6,4692,0,223714592,1014,120,38,4,28,0.036071,1132,2435,95,48,0,2
1.6,4693,0,223755304,1014,120,38,4,28,0.035976,1132,2435,95,48,0,2
1.6,4694,0,223787960,1014,120,38,4,28,0.036081,1132,2435,95,48,0,2
1.6,4695,0,223845136,1014,120,38,4,28,0.035384,1132,2435,95,48,0,2
1.6,4696,0,223910512,1014,120,38,4,29,0.034797,1132,2435,95,48,0,2
1.6,4697,0,223935048,1014,120,38,4,28,0.035808,1132,2435,92,40,0,2
1.6,4698,0,223984040,1014,120,38,4,28,0.035446,1132,2435,92,40,0,2
1.6,4699,0,224073472,1014,120,38,4,28,0.035714,1132,2435,92,40,0,2
1.6,4700,0,224106176,1014,120,38,4,28,0.035935,1132,2435,92,40,0,2
1.6,4701,0,224130752,1014,120,38,4,28,0.036160,1130,2432,92,40,0,2
1.6,4702,0,224187904,1014,120,38,4,27,0.036618,1130,2432,92,40,0,2
1.6,4703,0,224245120,1014,120,38,4,27,0.036774,1130,2432,92,40,0,2
1.6,4704,0,224277752,1014,120,38,4,27,0.036972,1130,2432,93,37,0,2
1.6,4705,0,224334960,1014,120,38,4,27,0.037227,1130,2432,93,37,0,2
1.6,4706,0,222876568,1016,121,39,4,27,0.036790,1130,2432,93,37,0,2
1.6,4707,0,161268352,1016,121,39,4,26,0.038682,1130,2432,93,37,0,2
1.6,4708,0,161325576,1016,121,39,4,26,0.038695,1130,2432,93,37,0,2
1.6,4709,0,161358280,1016,121,39,4,26,0.038382,1130,2432,93,37,0,2
1.6,4710,0,161415368,1016,121,39,4,26,0.037755,1130,2432,93,37,0,2
1.6,4711,0,161480720,1016,121,39,4,26,0.038266,1130,2432,93,38,1,3
1.6,4712,0,161505272,1016,121,39,4,27,0.037302,1130,2432,93,38,1,3
1.6,4713,0,161595904,1016,121,39,4,26,0.037838,1130,2432,93,38,1,3
1.6,4714,0,161636736,1016,121,39,4,26,0.037945,1130,2432,93,38,1,3
1.6,4715,0,161669448,1016,121,39,4,26,0.038240,1136,2435,93,38,1,3
1.6,4716,0,161718480,1016,121,39,4,26,0.038103,1136,2435,93,38,1,3
1.6,4717,0,161751144,1016,121,39,4,28,0.035559,1136,2435,93,38,1,3
1.6,4718,0,161816448,1016,121,39,4,28,0.035780,1136,2435,90,32,0,2
1.6,4719,0,161873592,1016,121,39,4,28,0.036005,1136,2435,90,32,0,2
1.6,4720,0,161898168,1016,121,39,4,28,0.035731,1136,2435,90,32,0,2
1.6,4721,0,161989248,1016,121,39,4,29,0.034757,1136,2435,90,32,0,2
1.6,4722,0,162021928,1016,121,39,4,28,0.035681,1136,2435,90,32,0,2
1.6,4723,0,162070904,1016,121,39,4,29,0.034907,1136,2435,90,32,0,2
1.6,4724,0,162119696,1016,121,39,4,29,0.034100,1136,2435,90,32,0,2
1.6,4725,0,162152272,1016,121,39,4,29,0.034409,1136,2435,90,32,0,2
1.6,4726,0,162209136,1016,121,39,4,29,0.034833,1136,2435,93,42,0,4
1.6,4727,0,162250016,1016,121,39,4,28,0.035975,1136,2435,93,42,0,4
1.6,4728,0,162340224,1016,121,39,4,28,0.035729,1136,2435,93,42,0,4
1.6,4729,0,162364800,1016,121,39,4,28,0.035869,1136,2435,93,42,0,4
1.6,4730,0,162413808,1016,121,39,4,28,0.035695,1136,2435,93,42,0,4
1.6,4731,0,162454592,1016,121,39,4,27,0.036433,1136,2435,93,42,0,4
1.6,4732,0,162487256,1016,121,39,4,28,0.035539,1136,2433,93,42,0,4
1.6,4733,0,162535224,1016,121,39,4,27,0.036722,1256,2500,92,31,0,3
1.6,4734,0,162576080,1016,121,39,4,27,0.036857,1256,2500,92,31,0,3
1.6,4735,0,162647744,1016,121,39,4,27,0.037454,1256,2500,92,31,0,3
1.6,4736,0,162704960,1016,121,39,4,27,0.037442,1257,2500,92,31,0,3
1.6,4737,0,162729536,1016,121,39,4,28,0.036338,1257,2500,92,31,0,3
1.6,4738,0,161284536,1017,121,39,4,27,0.037080,1257,2497,92,31,0,3
1.6,4739,0,161325456,1017,121,39,4,27,0.037068,1257,2497,92,31,0,3
1.6,4740,0,161366328,1017,121,39,4,26,0.038051,1257,2497,91,41,1,2
1.6,4741,0,161431464,1017,121,39,4,27,0.037594,1257,2497,91,41,1,2
1.6,4742,0,161498936,1017,121,39,4,26,0.038479,1257,2497,91,41,1,2
1.6,4743,0,161539816,1017,121,39,4,27,0.037484,1259,2497,91,41,1,2
1.6,4744,0,161597024,1017,121,39,4,27,0.037700,1263,2499,91,41,1,2
1.6,4745,0,161629688,1017,121,39,4,27,0.037681,1263,2499,91,41,1,2
1.6,4746,0,161686864,1017,121,39,4,27,0.037494,1263,2499,91,41,1,2
1.6,4747,0,161719392,1017,121,39,4,27,0.037631,1263,2497,92,35,0,3
1.6,4748,0,161760104,1017,121,39,4,27,0.037145,1263,2497,92,35,0,3
1.6,4749,0,161854176,1017,121,39,4,27,0.036688,1263,2497,92,35,0,3
1.6,4750,0,161954112,1017,121,39,4,28,0.036334,1263,2497,92,35,0,3
1.6,4751,0,162011320,1017,121,39,4,27,0.036434,1263,2497,92,35,0,3
1.6,4752,0,162043912,1017,121,39,4,28,0.036300,1261,2495,92,35,0,3
1.6,4753,0,162092656,1017,121,39,4,28,0.035858,1261,2495,92,35,0,3
1.6,4754,0,162125296,1017,121,39,4,27,0.036639,1258,2495,92,46,0,6
1.6,4755,0,162190712,1017,121,39,4,28,0.035671,1258,2495,92,46,0,6
1.6,4756,0,162215288,1017,121,39,4,27,0.036681,1258,2495,92,46,0,6
1.6,4757,0,162298432,1017,121,39,4,27,0.036814,1258,2495,92,46,0,6
1.6,4758,0,162355608,1017,121,39,4,27,0.036668,1258,2495,92,46,0,6
1.6,4759,0,162388320,1017,121,39,4,26,0.038189,1258,2495,92,46,0,6
1.6,4760,0,162429184,1017,121,39,4,26,0.037738,1258,2495,92,46,0,6
1.6,4761,0,162494584,1017,121,39,4,27,0.037402,1256,2495,91,35,0,3
1.6,4762,0,162535376,1017,121,39,4,27,0.037008,1256,2495,91,35,0,3
1.6,4763,0,162592584,1017,121,39,4,26,0.037876,1256,2495,91,35,0,3
1.6,4764,0,162651640,1017,121,39,4,27,0.036969,1256,2495,91,35,0,3
1.6,4765,0,162692336,1017,121,39,4,27,0.037668,1256,2494,91,35,0,3
1.6,4766,0,162749464,1017,121,39,4,27,0.036825,1262,2496,91,35,0,3
1.6,4767,0,162782080,1017,121,39,4,28,0.036355,1262,2496,91,35,0,3
1.6,4768,0,162822904,1017,121,39,4,28,0.036213,1262,2497,92,37,0,1
1.6,4769,0,161360704,1018,121,39,4,28,0.035463,1262,2497,92,37,0,1
1.6,4770,0,161409720,1018,121,39,4,28,0.035477,1262,2497,92,37,0,1
1.6,4771,0,161458592,1018,121,39,4,28,0.036355,1262,2497,92,37,0,1
1.6,4772,0,161515792,1018,121,39,4,27,0.037035,1262,2497,92,37,0,1
1.6,4773,0,161556728,1018,121,39,4,27,0.036701,1262,2497,92,37,0,1
1.6,4774,0,161589336,1018,121,39,4,27,0.036691,1262,2497,92,37,0,1
1.6,4775,0,161654560,1018,121,39,4,28,0.035683,1262,2497,91,43,1,5
1.6,4776,0,161687224,1018,121,39,4,28,0.036182,1262,2497,91,43,1,5
1.6,4777,0,161736304,1018,121,39,4,27,0.036650,1262,2497,91,43,1,5
1.6,4778,0,161818784,1018,121,39,4,27,0.037071,1262,2497,91,43,1,5
1.6,4779,0,161859552,1018,121,39,4,27,0.037709,1262,2497,91,43,1,5
1.6,4780,0,161908584,1018,121,39,4,26,0.038242,1262,2497,91,43,1,5
1.6,4781,0,161941240,1018,121,39,4,26,0.038296,1262,2497,91,43,1,5
1.6,4782,0,161982080,1018,121,39,4,27,0.037550,1262,2497,87,27,0,3
1.6,4783,0,162039248,1018,121,39,4,27,0.037374,1262,2497,87,27,0,3
1.6,4784,0,162096296,1018,121,39,4,26,0.038683,1262,2497,87,27,0,3
1.6,4785,0,162155728,1018,121,39,4,26,0.038426,1262,2497,87,27,0,3
1.6,4786,0,162212952,1018,121,39,4,26,0.039014,1262,2497,87,27,0,3
1.6,4787,0,162245584,1018,121,39,4,26,0.038492,1256,2495,87,27,0,3
1.6,4788,0,162294632,1018,121,39,4,26,0.038328,1256,2495,87,27,0,3
1.6,4789,0,162333800,1018,121,39,4,27,0.037314,1256,2495,90,35,0,2
1.6,4790,0,162366400,1018,121,39,4,27,0.036657,1256,2495,90,35,0,2
1.6,4791,0,162415256,1018,121,39,4,28,0.035931,1256,2495,90,35,0,2
1.6,4792,0,162489168,1018,121,39,4,28,0.036227,1256,2495,90,35,0,2
1.6,4793,0,162546408,1018,121,39,4,28,0.036320,1256,2495,90,35,0,2
1.6,4794,0,162570912,1018,121,39,4,28,0.035255,1256,2495,90,35,0,2
1.6,4795,0,162644416,1018,121,39,4,27,0.036677,1256,2495,90,35,0,2
1.6,4796,0,162685256,1018,121,39,4,28,0.035851,1256,2495,94,37,0,2
1.6,4797,0,162717864,1018,121,39,4,27,0.036489,1256,2495,94,37,0,2
1.6,4798,0,162766968,1018,121,39,4,27,0.036414,1256,2495,94,37,0,2
1.6,4799,0,162823976,1018,121,39,4,27,0.037260,1256,2495,94,37,0,2
1.6,4800,0,161310624,1019,121,39,4,27,0.037654,1256,2495,94,37,0,2
1.6,4801,0,161367936,1019,121,39,4,26,0.038485,1244,2490,94,37,0,2
1.6,4802,0,161400592,1019,121,39,4,27,0.037692,1244,2490,94,37,0,2
1.6,4803,0,161457616,1019,121,39,4,26,0.037748,1244,2490,90,31,0,2
1.6,4804,0,161490296,1019,121,39,4,27,0.037600,1244,2490,90,31,0,2
1.6,4805,0,161523064,1019,121,39,4,27,0.037360,1244,2490,90,31,0,2
1.6,4806,0,161596504,1019,121,39,4,27,0.037192,1244,2490,90,31,0,2
1.6,4807,0,161629216,1019,121,39,4,27,0.036838,1244,2490,90,31,0,2
1.6,4808,0,161678240,1019,121,39,4,27,0.036937,1244,2490,90,31,0,2
1.6,4809,0,161710888,1019,121,39,4,28,0.036156,1244,2490,90,31,0,2
1.6,4810,0,161768024,1019,121,39,4,28,0.036258,1244,2490,94,29,0,2
1.6,4811,0,161792600,1019,121,39,4,28,0.035256,1244,2490,94,29,0,2
1.6,4812,0,161841448,1019,121,39,4,28,0.035403,1244,2490,94,29,0,2
1.6,4813,0,161881288,1019,121,39,4,28,0.036111,1244,2490,94,29,0,2
1.6,4814,0,161930344,1019,121,39,4,28,0.036161,1244,2490,94,29,0,2
1.6,4815,0,161987488,1019,121,39,4,28,0.036116,1244,2490,94,29,0,2
1.6,4816,0,162012064,1019,121,39,4,28,0.035906,1244,2490,94,29,0,2
1.6,4817,0,162060792,1019,121,39,4,28,0.035875,1244,2490,92,34,1,2
1.6,4818,0,162101616,1019,121,39,4,27,0.036518,1244,2490,92,34,1,2
1.6,4819,0,162150608,1019,121,39,4,27,0.036548,1244,2490,92,34,1,2
1.6,4820,0,162205608,1019,121,39,4,28,0.036255,1244,2490,92,34,1,2
1.6,4821,0,162238304,1019,121,39,4,27,0.036469,1244,2490,92,34,1,2
1.6,4822,0,162279176,1019,121,39,4,27,0.037483,1244,2490,92,34,1,2
1.6,4823,0,162311880,1019,121,39,4,27,0.036521,1244,2490,92,34,1,2
1.6,4824,0,162376664,1019,121,39,4,27,0.037410,1244,2490,90,33,1,3
1.6,4825,0,162425672,1019,121,39,4,27,0.036709,1244,2490,90,33,1,3
1.6,4826,0,162458264,1019,121,39,4,27,0.037034,1244,2490,90,33,1,3
1.6,4827,0,162512912,1019,121,39,4,27,0.037313,1244,2490,90,33,1,3
1.6,4828,0,162537488,1019,121,39,4,27,0.036511,1244,2490,90,33,1,3
1.6,4829,0,162586520,1019,121,39,4,27,0.036703,1244,2490,90,33,1,3
1.6,4830,0,162635416,1019,121,39,4,27,0.037590,1244,2490,90,33,1,3
1.6,4831,0,162667576,1019,121,39,4,27,0.037492,1244,2490,92,34,0,2
1.6,4832,0,162732784,1019,121,39,4,27,0.037430,1244,2490,92,34,0,2
1.6,4833,0,162781840,1019,121,39,4,26,0.038014,1244,2490,92,34,0,2
1.6,4834,0,162812016,1019,121,39,4,27,0.037285,1244,2490,92,34,0,2
1.6,4835,0,162861008,1019,121,39,4,27,0.037733,1244,2490,92,34,0,2
1.6,4836,0,161359560,1020,121,39,4,26,0.038704,1244,2490,92,34,0,2
1.6,4837,0,161392208,1020,121,39,4,26,0.038858,1244,2490,92,34,0,2
1.6,4838,0,161449264,1020,121,39,4,26,0.038811,1244,2490,88,28,0,3
1.6,4839,0,161481848,1020,121,39,4,25,0.039304,1244,2490,88,28,0,3
1.6,4840,0,161522720,1020,121,39,4,26,0.038133,1244,2490,88,28,0,3
1.6,4841,0,161571352,1020,121,39,4,26,0.038109,1244,2490,88,28,0,3
1.6,4842,0,161620376,1020,121,39,4,27,0.036836,1244,2490,88,28,0,3
1.6,4843,0,161669384,1020,121,39,4,27,0.037443,1244,2490,88,28,0,3
1.6,4844,0,161702064,1020,121,39,4,26,0.037824,1244,2490,88,28,0,3
1.6,4845,0,161758824,1020,121,39,4,27,0.036946,1244,2490,92,27,0,3
1.6,4846,0,161807880,1020,121,39,4,28,0.036164,1244,2490,92,27,0,3
1.6,4847,0,161840464,1020,121,39,4,28,0.035807,1244,2490,92,27,0,3
1.6,4848,0,161895608,1020,121,39,4,28,0.036046,1244,2490,92,27,0,3
1.6,4849,0,161928328,1020,121,39,4,27,0.036392,1244,2490,92,27,0,3
1.6,4850,0,161977336,1020,121,39,4,27,0.036619,1244,2490,92,27,0,3
1.6,4851,0,162009912,1020,121,39,4,27,0.037169,1244,2490,92,27,0,3
1.6,4852,0,162050624,1020,121,39,4,26,0.037949,1244,2490,93,34,1,2
1.6,4853,0,162107544,1020,121,39,4,27,0.036888,1244,2490,93,34,1,2
1.6,4854,0,162140264,1020,121,39,4,27,0.037192,1244,2490,93,34,1,2
1.6,4855,0,162202312,1020,121,39,4,27,0.037530,1244,2490,93,34,1,2
1.6,4856,0,162234992,1020,121,39,4,27,0.036774,1244,2490,93,34,1,2
1.6,4857,0,162275856,1020,121,39,4,27,0.036552,1244,2490,93,34,1,2
1.6,4858,0,162324448,1020,121,39,4,28,0.036314,1244,2490,93,34,1,2
1.6,4859,0,162365296,1020,121,39,4,28,0.035904,1244,2490,94,42,1,2
1.6,4860,0,162430736,1020,121,39,4,28,0.036221,1244,2490,94,42,1,2
1.6,4861,0,162455232,1020,121,39,4,27,0.036555,1244,2490,94,42,1,2
1.6,4862,0,162512424,1020,121,39,4,27,0.036416,1244,2490,94,42,1,2
1.6,4863,0,162553344,1020,121,39,4,27,0.036561,1244,2490,94,42,1,2
1.6,4864,0,162585928,1020,121,39,4,28,0.035765,1244,2490,94,42,1,2
1.6,4865,0,162634960,1020,121,39,4,28,0.035841,1244,2490,94,42,1,2
1.6,4866,0,162675840,1020,121,39,4,27,0.036899,1244,2490,92,37,1,4
1.6,4867,0,162724720,1020,121,39,4,27,0.036843,1244,2490,92,37,1,4
1.6,4868,0,162773640,1020,121,39,4,26,0.037789,1244,2490,92,37,1,4
1.6,4869,0,162822480,1020,121,39,4,27,0.036852,1244,2490,92,37,1,4
1.6,4870,0,162863160,1020,121,39,4,27,0.037609,1244,2490,92,37,1,4
